corpus,dataset,reg_ifr,reg_matched,reg_beta1,reg_em,reg_mv,truefam
ovrbench,BusinessAnomalies,-0.001295885440906308,0.0407041431136004,0.0,0.0407041431136004,0.0806639843035451,global
tsbad_m,091_SVDB_id_8_Medical_tr_500_1st_126.csv,0.04626903718171688,0.0106707876093055,0.0106707876093055,0.0211784394626483,0.0211784394626483,global
adbench,22_magic.gamma,0.3467303864119783,0.0089589050178894,0.0089589050178894,0.0366809270011165,0.0089589050178894,local
ovrbench,FakeNewsPropagation,0.06937801938839022,0.0974896735792156,0.0974896735792156,0.087826610457798,0.087826610457798,global
ovrbench,philippine,0.029117454880981608,0.0,0.3356601668011946,0.0354917271139756,0.0354917271139756,global
tsbad_m,111_SVDB_id_28_Medical_tr_1791_1st_1891.,0.1435196745954468,0.0,0.0,0.0590325472175309,0.0590325472175309,local
ovrbench,guillermo,0.018164520816915455,0.0349298226793967,0.0349298226793967,0.0110019675884529,0.0110019675884529,global
ovrbench,FinancialTransaction4,0.18526956116390464,0.0330676470216678,0.0330676470216678,0.0686807017117536,0.0686807017117536,local
tsbad_m,109_SVDB_id_26_Medical_tr_1038_1st_1138.,0.09715048696964955,0.0223573619827639,0.0223573619827639,0.0532846393431778,0.0532846393431778,global
ovrbench,SpectralImaging,0.17365026883804413,0.7825221884075265,0.0,0.0050666624314815,0.0050666624314815,global
oddbench,BarExamPrediction,0.19278863899604765,0.1160591280027523,0.1160591280027523,0.1160591280027523,0.1160591280027523,global
ovrbench,SolarFlare,0.12606276795870036,0.1508612817329188,0.1508612817329188,0.0374634820492012,0.0374634820492012,local
ovrbench,ailerons,0.05837460168140107,0.0328174912625623,0.0328174912625623,0.0328174912625623,0.0328174912625623,global
oddbench,FinancialTransactionAnomalies,0.14604003285775452,0.0,0.0,0.0764641909370135,0.0764641909370135,global
tsbad_m,030_MITDB_id_12_Medical_tr_50000_1st_845,0.01695176220066488,0.0120168528916525,0.0120168528916525,0.011409888079702,0.0080384844978129,local
oddbench,SalesOrderPriority,0.26352189007975,0.0534493118915616,0.0534493118915616,0.2368609037949609,0.2368609037949609,local
tsbad_m,093_SVDB_id_10_Medical_tr_500_1st_37.csv,0.1759258418802172,0.0,0.0,0.1010231088402686,0.1010231088402686,local
ovrbench,NeuroSignalEEG,0.7061073377003526,0.0,0.0,0.0,0.0,global
ovrbench,EEGEyeState,0.7748200077381957,0.0297244416556626,0.0297244416556626,0.0885723273478502,0.0885723273478502,local
tsbad_m,086_SVDB_id_3_Medical_tr_533_1st_633.csv,0.038384097638078575,0.0303604406991719,0.0303604406991719,0.035341915134979,0.035341915134979,global
ovrbench,jannis,0.05466424609575676,0.0239597486087187,0.1803917761602114,0.0,0.0,global
tsbad_m,097_SVDB_id_14_Medical_tr_1031_1st_1131.,0.1267620809497484,0.0452235246691407,0.0452235246691407,0.0537485790617262,0.0537485790617262,local
ovrbench,AmazonReviewAnomalies,0.18858015896871433,0.0774185049500016,0.0770936838289911,0.0770936838289911,0.1633976560313682,global
ovrbench,sf-police-incidents,0.11826356740534466,0.1075274516081222,0.1075274516081222,0.1075274516081222,0.1075274516081222,local
ovrbench,CreditCustomerData,0.19606230625199622,0.0558221349108119,0.069428300299136,0.176468815419079,0.176468815419079,local
ovrbench,CelestialObjects2,0.14027567121791734,0.1438238878516955,0.2284799046054684,0.1438238878516955,0.1438238878516955,global
oddbench,TBAnomalyDetection,0.10386321663147471,0.0596685949192741,0.2147296279935884,0.077038615723143,0.077038615723143,local
tsbad_m,019_MITDB_id_1_Medical_tr_37500_1st_1032,0.14595751546630703,0.0231540729699823,0.0231540729699823,0.0079149836725913,0.1436724056552591,local
ovrbench,PsychoPrediction,0.18261839126666773,0.0411483420179866,0.0411483420179866,0.0951807542136144,0.0411483420179866,global
tsbad_m,105_SVDB_id_22_Medical_tr_500_1st_417.cs,0.052605137586760276,0.0117628470968622,0.0117628470968622,0.0105611805140076,0.0116096764248271,local
ovrbench,CustomerChurn2,0.1322884637280241,0.2801886976401918,0.2801886976401918,0.1118589449992665,0.4836246997510814,local
tsbad_m,101_SVDB_id_18_Medical_tr_1851_1st_1951.,0.09688345012928737,0.0510237921195964,0.0510237921195964,0.0510237921195964,0.0550871514895692,local
ovrbench,FinancialMetricsAnomaly,0.06021760085335569,0.0958678037931156,0.0958678037931156,0.1294190541461748,0.1294190541461748,global
ovrbench,CardiacHealth,0.8242058717676658,0.0030992569078435,0.0030992569078435,0.0,0.0,local
ovrbench,SensorAnomaly,0.17331286830785933,0.2061146974610165,0.2061146974610165,0.2530773718884036,0.2061146974610165,local
ovrbench,BCellImmunity,0.2450919167043823,0.1114525268554938,0.1114525268554938,0.176517289005631,0.176517289005631,global
oddbench,HealthPulse,0.0591397679178045,0.0829267298606891,0.0,0.0829267298606891,0.0829267298606891,local
oddbench,PropertyCondition,0.13221905475537235,0.1780846322900924,0.2053982685816069,0.2334999547188566,0.2053982685816069,local
ovrbench,HealthActivityObesity,0.25363155823595973,0.0530328463922018,0.0001021411868015,0.2520168227091593,0.0530328463922018,local
oddbench,TransactionFeeAnomalies,0.21974313690669967,0.1955061368937751,0.1955061368937751,0.8522233489756588,0.0298275344886179,local
ovrbench,TwitterEmotion,0.09525331936488796,0.0367946237403984,0.0927513438303925,0.0927513438303925,0.0927513438303925,local
ovrbench,BoundingBoxClassification,0.1310389446168716,0.1188303715068235,0.368616250615321,0.1188303715068235,0.1188303715068235,global
ovrbench,FootballEfficiency,0.08088289337477239,0.0706531872585269,0.0099892702535685,0.0706531872585269,0.0706531872585269,local
oddbench,GeneticVariation,0.13185798705047563,0.2155218074778623,0.3628757502147873,0.1854329313355248,0.1854329313355248,global
tsbad_m,140_CATSv2_id_3_Sensor_tr_28307_1st_2840,0.5442374252737385,0.1141715305875988,0.1141715305875988,0.513011887173544,0.513011887173544,global
adbench,35_SpamBase,0.030558956315715036,0.4886066661527776,0.4886066661527776,0.0,0.0,global
dami,SpamBase,0.04091035611844229,0.5339516895948642,0.5339516895948642,0.0,0.0,global
tsbad_m,088_SVDB_id_5_Medical_tr_500_1st_168.csv,0.18115829130572658,0.0,0.0,0.0684621155437663,0.0684621155437663,local
oddbench,ProsperLoan,0.03953462782190885,0.0569198309846443,0.0099451444042109,0.0428830672661624,0.0569198309846443,local
tsbad_m,031_MITDB_id_13_Medical_tr_50000_1st_794,0.023167894908311108,0.0029766512866344,0.0029766512866344,0.0032837651068226,0.0032837651068226,local
ovrbench,JobChangePatterns,0.2956572025720296,0.1807774400255177,0.3186736200144506,0.3186736200144506,0.3186736200144506,global
ovrbench,TrafficSensor,0.5799214291746727,0.0400119476799081,0.0400119476799081,0.0562567018248503,0.0562567018248503,local
ovrbench,PokemonBattle,0.17689275308551453,0.0947311441418079,0.0050045095429729,0.0947311441418079,0.0947311441418079,local
tsbad_m,022_MITDB_id_4_Medical_tr_50000_1st_5425,0.03974415318952293,0.0337346175351222,0.0337346175351222,0.0082968699933362,0.0036149401878406,local
ovrbench,RealEstateListings,0.06516267514600153,0.1440009715979066,0.1440009715979066,0.1702765641852188,0.1702765641852188,local
oddbench,BuildingInspections,0.2588795736666312,0.1890461422070835,0.1890461422070835,0.3185783904941562,0.3185783904941562,global
tsbad_m,026_MITDB_id_8_Medical_tr_30495_1st_3059,0.16154502058264067,0.0095313690260632,0.0095313690260632,0.1048440294802519,0.1048440294802519,local
ovrbench,ViralProteinFunction,0.0964317030913969,0.2508512299709335,0.2508512299709335,0.137970028508555,0.137970028508555,local
ovrbench,GeotechnicalAnomalies,0.22165941746176415,0.2828099318296662,0.0158163947196593,0.0664889357997865,0.0664889357997865,local
ovrbench,BreastCancer,0.08064756640972094,0.128898241793699,0.0,0.0,0.0,global
tsbad_m,098_SVDB_id_15_Medical_tr_500_1st_303.cs,0.15554945996507696,0.0209828166860516,0.0209828166860516,0.0219689049987023,0.0219689049987023,local
oddbench,ProtestViolence,0.5411537867246147,0.8650689069673555,0.8650689069673555,0.0,0.0,global
ovrbench,UserMovieInteractions,0.32799827943911464,0.3382071412758108,0.1542808185668756,0.1542808185668756,0.1542808185668756,global
ovrbench,Word2VecPCA,0.13802847666607296,0.148701077065516,0.1637465054827575,0.148701077065516,0.148701077065516,global
tsbad_m,085_SVDB_id_2_Medical_tr_50000_1st_54982,0.15136728459968526,0.0027862784594125,0.0027862784594125,0.1208041119486538,0.1208041119486538,local
ovrbench,TextAnomalyDetection,0.1276324635200369,0.0304377573142765,0.0304377573142765,0.1110341102644589,0.1110341102644589,global
ovrbench,BNG(cmc),0.35203180480450735,0.0,0.3096169644135075,0.2455088132212206,0.298709581005822,global
oddbench,GlobalTerrorismAttack,0.6053962547667345,0.6227314669624484,0.6227314669624484,0.4750211723304574,0.6227314669624484,global
tsbad_m,021_MITDB_id_3_Medical_tr_50000_1st_5759,0.4393932877507829,0.0186939349863167,0.0186939349863167,0.1032369741365994,0.1032369741365994,local
ovrbench,FICO-HELOC-cleaned,0.14235305515650137,0.1118140010419105,0.2116984993897921,0.2116984993897921,0.2116984993897921,local
tsbad_m,082_LTDB_id_4_Medical_tr_4456_1st_4556.c,0.08838071212125972,0.0,0.0,0.0474038303615321,0.0983091824050025,local
oddbench,TrialBehavior,0.17465132895182664,0.1810947281050813,0.1629022270994806,0.1629022270994806,0.1629022270994806,global
ovrbench,compass,0.13892267345084303,0.1619724184342568,0.1653268874504332,0.2251850891572383,0.2251850891572383,local
ovrbench,KickstarterCampaigns,0.15686731199033013,0.1978275639294279,0.1978275639294279,0.2177768427904122,0.204383048784481,local
tsbad_m,115_PSM_id_1_Facility_tr_50000_1st_12987,0.06587066429174343,0.2013549654510677,0.2013549654510677,0.1947743238556553,0.1947743238556553,global
adbench,19_landsat,0.5877982634246011,0.0036882567379893,0.0036882567379893,0.159055521462475,0.159055521462475,local
ovrbench,SpatialAnomalies,0.6107426757897245,0.0242332070023649,0.0242332070023649,0.3444706978138131,0.0910478293646929,local
tsbad_m,099_SVDB_id_16_Medical_tr_1115_1st_1215.,0.15404961855779412,0.0,0.0,0.0248948614845714,0.0248948614845714,local
oddbench,RulePriorityAnomalies,0.09414843776758279,0.0048077598317112,0.0048077598317112,0.010307235059453,0.0173737480411229,global
oddbench,WaterChemistry,0.4732264384460414,0.0,0.0,0.5633167528918326,0.5633167528918326,local
ovrbench,EmployeePerformance,0.4518639007776012,0.5418070193718372,0.0913918702608651,0.0913918702608651,0.0913918702608651,local
ovrbench,SepsisMonitoring,0.05045020604570463,0.073573511331233,0.1165586761547436,0.0605830337026139,0.0596231295977431,local
tsbad_m,113_SVDB_id_30_Medical_tr_4552_1st_4652.,0.13614073685623831,0.0836195828345937,0.0836195828345937,0.0888331062521965,0.0888331062521965,global
ovrbench,BatchProcessingEvents,0.0871400343188521,0.0787113952130203,0.05839722116212,0.0787113952130203,0.0734682975624079,local
ovrbench,PhysicsTraining,0.1434049807695999,0.1634676132235675,0.1837829312643468,0.1470701520083105,0.1470701520083105,local
ovrbench,volkert,0.13263090855833015,0.267499754337892,0.267499754337892,0.1053885760599153,0.1053885760599153,global
ovrbench,FireRiskAnalysis,0.08596521429900932,0.0247855201537488,0.0245079032263993,0.0456302974187972,0.0456302974187972,global
adbench,30_satellite,0.5392713465797502,0.1860515140258525,0.1860515140258525,0.3363926552283261,0.3363926552283261,global
oddbench,AttackIncidents,0.10072810115070893,0.0346585494111412,0.0346585494111412,0.0346585494111412,0.0346585494111412,local
tsbad_m,102_SVDB_id_19_Medical_tr_50000_1st_1073,0.5005626814328384,0.0787247479641788,0.0787247479641788,0.1060068422028998,0.1060068422028998,local
ovrbench,RealEstateData,0.523173778872797,0.2034840212845505,0.2034840212845505,0.2034840212845505,0.2034840212845505,global
tsbad_m,096_SVDB_id_13_Medical_tr_500_1st_444.cs,0.1774063346197957,0.0,0.0,0.0421764730117541,0.0421764730117541,local
oddbench,RacingMotion,0.7221131043938975,0.9391296238090816,0.9391296238090816,0.9391296238090816,0.9391296238090816,local
ovrbench,CryptojackingSystem,0.3090522499065192,0.0380697429721892,0.0380697429721892,0.3098955000917445,0.3066390227861265,local
oddbench,LandShapeAnomaly,-0.007979312451980441,0.0,0.0,0.0,0.0001137756751818,global
ovrbench,CreditScoringAnomalies,0.3086606995295739,0.2291441220924552,0.2291441220924552,0.3449406910975021,0.3449406910975021,local
ovrbench,XSSDetection,0.08679800159884993,0.6609194456633171,0.6609194456633171,0.0583345731254688,0.0583345731254688,global
ovrbench,NetworkHealthMonitor,0.10360024067464689,0.0492682469170519,0.0492682469170519,0.0945417471941545,0.0274881274508046,local
oddbench,OkCupidUserBehavior,0.027139487868746585,0.0390084893682385,0.0039277359654332,0.0277630324242884,0.0277630324242884,local
tsbad_m,087_SVDB_id_4_Medical_tr_5421_1st_5521.c,0.1983934607203385,0.0,0.0,0.0925233696462286,0.098640323409814,local
ovrbench,KDD,0.02527286746583559,0.0110817295035018,0.1165290207190014,0.0247752507512065,0.0247752507512065,global
tsbad_m,110_SVDB_id_27_Medical_tr_30824_1st_3092,0.09173828009183685,0.0164648149765341,0.0164648149765341,0.0525878652938817,0.0525878652938817,local
oddbench,PoliceForceDisturbance,0.48331583245058934,0.3709438884193876,0.3709438884193876,0.5682951306523132,0.3709438884193876,local
tsbad_m,095_SVDB_id_12_Medical_tr_6264_1st_6364.,0.13124142527282456,0.0014848209479332,0.0014848209479332,0.0566662926688433,0.0566662926688433,local
ovrbench,WebpageSessionIntrusion,0.18046216130473347,0.1495045330961514,0.1495045330961514,0.1810210701450518,0.1810210701450518,local
tsbad_m,142_CATSv2_id_5_Sensor_tr_30704_1st_3080,0.09799797483418227,0.1287585235701099,0.1287585235701099,0.0942135803862977,0.0942135803862977,global
ovrbench,UrlAnalysis,0.2839491998298691,0.1491726598264051,0.8109193412716149,0.1380362119837001,0.1380362119837001,global
oddbench,CourseRegistration,0.38077676443626424,0.2084009519186615,0.2084009519186615,0.2084009519186615,0.2084009519186615,local
tsbad_m,107_SVDB_id_24_Medical_tr_32805_1st_3290,0.054904241158395595,0.0,0.0,0.0133291381727808,0.0059316015679905,local
dami,Annthyroid,0.20564980528876622,0.0,0.0,0.2945100225309301,0.2945100225309301,global
oddbench,GPUResourceUsage,0.4560882866482539,0.5518954438551077,0.5292207156179691,0.5240533414224882,0.5240533414224882,local
ovrbench,KenyaMovement,0.06099077564864008,0.0738478743517131,0.0175921024182883,0.0707709115277836,0.0682219076306264,local
tsbad_m,137_CreditCard_id_1_Finance_tr_500_1st_5,0.11936579897101621,0.2851539865514387,0.2851539865514387,0.0893727616886981,0.0875738047022484,global
oddbench,DiamondClarity,0.8039225646628145,0.7507518505538945,0.0,0.7507518505538945,0.7507518505538945,local
oddbench,HealthBehavior,0.047319366837455724,0.0207888683526068,0.0207888683526068,0.0032205858277651,0.0032205858277651,global
ovrbench,ShillBidding,0.20382214889345968,0.0,0.0,0.0,0.0,global
oddbench,SalesPerformance,0.1690153218290238,0.1751880959002223,0.0759950433898424,0.0759950433898424,0.0759950433898424,global
tsbad_m,139_CATSv2_id_2_Sensor_tr_5592_1st_5692.,0.2880644977954939,0.1864842965053323,0.1864842965053323,0.2736370219023818,0.2736370219023818,global
oddbench,HumanRobotCollaboration,0.4846492967833306,0.0065361836415769,0.0065361836415769,0.3459325670789209,0.3459325670789209,local
oddbench,EmailSpamDetection,0.38655000429077735,0.5084255644630384,0.5084255644630384,0.0,0.0,global
oddbench,VoteOutcome,0.6424629118187594,0.1055545585375964,0.1055545585375964,0.6840366008648169,0.5098583825981935,local
tsbad_m,172_SWaT_id_2_Sensor_tr_23700_1st_23800.,0.31468883143570553,0.0207670639837042,0.0207670639837042,0.3075170748349979,0.3075170748349979,local
ovrbench,SyntheticNumericalBatch,0.18401530705588606,0.0,0.0,0.0861011278249573,0.0861011278249573,local
tsbad_m,092_SVDB_id_9_Medical_tr_2674_1st_2774.c,0.1942566397688209,0.0,0.0,0.0138220136343544,0.0138220136343544,local
ovrbench,Run_or_walk_information,0.8673618992511523,0.0281697568338454,0.0281697568338454,0.9015618754888344,0.5060303527104162,local
tsbad_m,141_CATSv2_id_4_Sensor_tr_41727_1st_4182,0.3403350113509316,0.1516381596395702,0.1516381596395702,0.4518951541359205,0.4518951541359205,global
ovrbench,FinancialTransaction1,0.058677748099939794,0.0573607323958331,0.0573607323958331,0.0596225960401596,0.0596225960401596,global
oddbench,ArtSalesPlatform,0.1508874174740592,0.1606684037830954,0.1030984037978637,0.1030984037978637,0.1607196900222672,global
tsbad_m,103_SVDB_id_20_Medical_tr_12167_1st_1226,0.07434129415190534,0.0,0.0,0.0455969496824626,0.0455969496824626,local
ovrbench,visualizing_soil,0.4920484301296487,0.5769539622518834,0.5769539622518834,0.0,0.0,global
ovrbench,AbstractAnomalyBatch,0.8755456931786955,0.8715851259910832,0.8824316690073153,0.8703356990163809,0.8703356990163809,local
ovrbench,GamingBehavior,0.4139355108476752,0.3946529307284655,0.3009563002803129,0.4257380093034006,0.4257380093034006,local
oddbench,GeneticAnalysis,0.09503495275531838,0.0515620752254325,0.0515620752254325,0.0992455741226042,0.0992455741226042,global
oddbench,AxieInfinityBug,0.04500411417547437,0.0438662765944231,0.0940712134677891,0.0582486894724592,0.0438662765944231,global
oddbench,RealEstateBlockType,-0.002019949393572626,0.0416784785662833,0.0173204423340995,0.0269014632970379,0.0173204423340995,global
oddbench,WaterPointFunctionality,0.10498983356132227,0.0,0.0,0.057722718544473,0.057722718544473,local
oddbench,SMSClassification,0.1432458453011436,0.0711914003176689,0.4520885863648636,0.0711914003176689,0.0,global
ovrbench,KPIData,0.08995555694805572,0.0967601835607496,0.0967601835607496,0.0849885755914275,0.0849885755914275,local
ovrbench,ShuttleOperations,0.7327122607598494,0.0,0.0,0.0370964158832183,0.0370964158832183,local
oddbench,CasePriority,0.05008717428102458,0.1283025771709303,0.1283025771709303,0.1283025771709303,0.1283025771709303,local
tsbad_m,112_SVDB_id_29_Medical_tr_8226_1st_8326.,0.061399607840407495,0.0482204173897142,0.0482204173897142,0.0575784454311765,0.0575784454311765,global
adbench,44_Wilt,0.7095196285852255,0.4456969079747201,0.1883080589082228,0.4456969079747201,0.4456969079747201,local
ovrbench,SpotifyHitPredictor,0.08244445168106679,0.0572037710467307,0.0572037710467307,0.0572037710467307,0.0572037710467307,global
dami,Wilt,0.2115195410006161,0.2303594905587133,0.0,0.1807377541580447,0.1807377541580447,local
oddbench,TreadmillStatus,0.5052217902279246,0.6528875246189886,0.6528875246189886,0.3148853787350399,0.3148853787350399,local
ovrbench,students_dropout_and_academic_success,0.11709872560143844,0.0998037252180903,0.0998037252180903,0.1287160289158748,0.0998037252180903,local
ovrbench,MalariaDetection,0.44593160816875693,0.8296380183362532,0.8296380183362532,0.4276087138514206,0.1910997669185635,global
ovrbench,GesturePhaseSegmentationProcessed,0.676818730661187,0.0207285425741863,0.0207285425741863,0.6914854017655763,0.6914854017655763,local
ovrbench,HealthMetrics,0.051684086081618924,0.0536770383378201,0.1001957753363956,0.0536770383378201,0.0637926796159922,local
oddbench,BugSeverity,0.05709256933009375,0.0032644493011344,0.0032644493011344,0.0032644493011344,0.0032644493011344,global
tsbad_m,084_SVDB_id_1_Medical_tr_12973_1st_13073,0.052171534720824135,0.0307525779968375,0.0307525779968375,0.0071715982983185,0.0071715982983185,local
oddbench,LandRarity,0.13914092823417362,0.0,0.0,0.0,0.0,global
oddbench,ProgrammingAnomalies,0.2515237818654688,0.2649048115216901,0.2178340248838213,0.2594299078250727,0.2649048115216901,local
oddbench,WindowsEditionAnomaly,0.07044918375917386,0.5063578553412765,0.5063578553412765,0.3975653241787671,0.3975653241787671,global
ovrbench,BankruptcyForecast,0.08264333449489072,0.0981570735182205,0.0981570735182205,0.0788614397883365,0.0788614397883365,global
ovrbench,seismic-bumps,0.007042731756393583,0.0460497526063253,0.1303692145243776,0.0449512163322862,0.0449512163322862,local
tsbad_m,143_CATSv2_id_6_Sensor_tr_50000_1st_6023,0.38912499527126426,0.1230134626611259,0.1230134626611259,0.4060237831255109,0.3803230761098892,global
tsbad_m,104_SVDB_id_21_Medical_tr_50000_1st_1066,0.2098809134037505,0.0787030648958002,0.0787030648958002,0.0,0.0,local
tsbad_m,108_SVDB_id_25_Medical_tr_1238_1st_1338.,0.12063521686522731,0.0,0.0,0.0261445507923017,0.0261445507923017,local
oddbench,CarMakeAnomaly,0.03931484255550079,0.039685457467702,0.0556504486567737,0.0556504486567737,0.039685457467702,local
ovrbench,mozilla4,0.0828646177667443,0.0330476645491301,0.0330476645491301,0.076614856097649,0.076614856097649,local
oddbench,FishingAnomalies,0.19779580797435584,0.2301877648140196,0.2301877648140196,0.2289508342761375,0.2289508342761375,local
oddbench,AquaticMacroInverts,0.10073282735478117,0.0706137724712425,0.5528517885730906,0.0,0.0706137724712425,global
oddbench,UserEventAnomalies,0.8006387377787388,0.0,0.0,0.8864770996239905,0.7889438223816942,global
oddbench,RealEstateProperties,0.04645397915426247,0.0644179678908998,0.0630083244563921,0.0644179678908998,0.0633875075956688,local
tsbad_m,173_GECCO_id_1_Sensor_tr_16165_1st_16265,0.26452573957476855,0.6334083933655382,0.6334083933655382,0.1749010053159304,0.1749010053159304,global
tsbad_m,053_GHL_id_22_Sensor_tr_50000_1st_126448,0.2947796679906449,0.3132636314866596,0.3132636314866596,0.3074514841449061,0.3074514841449061,local
ovrbench,HeadingDetection,0.3265586808344947,0.3503255600962376,0.177038455998056,0.335013777256415,0.177038455998056,local
dami,PageBlocks,0.12556415404914434,0.103491753314262,0.0236613780829954,0.1341959412045122,0.103491753314262,local
adbench,27_PageBlocks,0.2855641540491443,0.0425080069421955,0.0425080069421955,0.294066291473962,0.4507288905976322,local
tsbad_m,138_CATSv2_id_1_Sensor_tr_16568_1st_1666,0.5554272335021667,0.1352131564090972,0.1352131564090972,0.5313608242965928,0.5313608242965928,local
oddbench,AustinCrime,0.1056785007690063,0.1422382943892954,0.1422382943892954,0.0446149521414836,0.0446149521414836,local
ovrbench,thyroid-ann,0.05343112818132284,0.2823223535447199,0.2277249664657329,0.2823223535447199,0.0308041758827858,global
ovrbench,GeneExpressionCoactivator,0.08047568905165464,0.0498150206483333,0.2447596944783081,0.0076298564280398,0.0398929556279054,global
adbench,23_mammography,0.09724098579755547,0.0221779024714163,0.0221779024714163,0.0978864693785729,0.0978864693785729,global
