corpus,dataset,dip_frac,mean_dip,bc_frac,gmm_k,silh,dip_proj_frac,dip_proj_minp,bestdir_p
ovrbench,sf-police-incidents,1.0,0.02861999246123472,0.8,6,0.22111835376939656,0.0,0.6380322011438091,0.02180128300498363
ovrbench,PsychoPrediction,0.6666666666666666,0.01238140271452636,1.0,9,0.3042561800307897,0.016666666666666666,0.03420686860419464,0.34738207240179686
ovrbench,KickstarterCampaigns,0.4,0.015280658051954716,0.6,7,0.7810296245203276,0.0,0.09488582602649787,0.9982607251290104
ovrbench,NeuroSignalEEG,0.4166666666666667,0.014206373626810043,0.08333333333333333,1,0.09010541305904257,0.0,0.5637811813933526,0.9272040960527019
ovrbench,ViralProteinFunction,0.3333333333333333,0.029584139931539143,1.0,13,0.5700061530442821,0.1,1.588094130977602e-06,0.9952952530545507
ovrbench,jannis,0.12962962962962962,0.009833431838908661,0.3148148148148148,4,0.22750158927201694,0.0,0.34830211465290317,0.8943986832803773
ovrbench,SolarFlare,0.2,0.01291176916335196,0.9333333333333333,15,0.4927706398891597,0.0,0.5650084391384017,0.8557799040041671
oddbench,GlobalTerrorismAttack,1.0,0.060013975155279495,0.4,13,0.22855309586920855,0.016666666666666666,0.0,0.9877266223652936
ovrbench,EmployeePerformance,1.0,0.036328023979027464,0.0,11,0.3035590543050142,0.06666666666666667,0.0,0.9942554303994792
ovrbench,CreditScoringAnomalies,0.8048780487804879,0.06547763085768402,0.6097560975609756,13,0.2679529790573858,0.06666666666666667,1.4376523788328655e-05,0.0
ovrbench,XSSDetection,0.5892857142857143,0.03908312223783298,0.9285714285714286,14,0.9211281869475619,0.0,0.8584504515754462,0.9996513604884836
ovrbench,UserMovieInteractions,0.8235294117647058,0.03488568850882799,0.4117647058823529,3,0.2555310002900865,0.0,0.6171720304084836,0.571476563844886
oddbench,PropertyCondition,0.5714285714285714,0.06966502865254516,0.7142857142857143,7,0.3177742253863018,0.06666666666666667,0.0,0.0
ovrbench,SpectralImaging,0.8166666666666667,0.0525095679540495,0.45,11,0.17506865674783825,0.03333333333333333,0.01953809310222565,0.13364788636750013
adbench,22_magic.gamma,0.4,0.015540513767030705,0.1,12,0.31342839501346487,0.0,0.28897456764082785,0.9379173804391071
ovrbench,RealEstateListings,0.6666666666666666,0.023470105434518624,0.6666666666666666,14,0.9616753420039444,0.45,0.0,0.027141826811181158
ovrbench,BNG(cmc),1.0,0.03952596937278496,1.0,12,0.4842639478422658,0.11666666666666667,0.0,0.9346846155605254
ovrbench,BoundingBoxClassification,0.75,0.021136757235205226,0.5,15,0.36219540888450663,0.26666666666666666,0.0,0.00040664864140804724
ovrbench,FireRiskAnalysis,0.5333333333333333,0.012714440404366867,0.2,5,0.26932082873270347,0.0,0.11487314800617665,0.9930875271663873
ovrbench,CardiacHealth,1.0,0.036176666666666676,0.2,15,0.232352841273761,0.05,0.00013480912449115312,0.9970898394388317
ovrbench,PhysicsTraining,0.5918367346938775,0.03110512409193558,0.5510204081632653,11,0.3471235234561448,0.03333333333333333,0.0025158523283841383,0.0
ovrbench,HealthActivityObesity,0.16666666666666666,0.008376467317892758,0.16666666666666666,7,0.43905666667882487,0.0,0.404333926225667,0.9455020319762707
oddbench,SalesOrderPriority,0.2857142857142857,0.02447967329441215,0.7142857142857143,15,0.42099098561573384,0.11666666666666667,0.0,0.9902565345020008
oddbench,MouseInteractionPhase,0.6,0.03982692213069481,0.6,15,0.3446182026910919,0.13333333333333333,3.072225943845375e-05,0.339062626283283
tsbad_m,172_SWaT_id_2_Sensor_tr_23700_1st_23800.,0.7549668874172185,0.04478880762948179,0.6986754966887417,14,0.32816824907500325,0.0,0.10823726359342345,0.0
ovrbench,Run_or_walk_information,1.0,0.03333345302298022,0.16666666666666666,13,0.3963953136805272,0.38333333333333336,0.0,0.36907943164652723
oddbench,ProsperLoan,0.6060606060606061,0.027865196352489418,0.6363636363636364,9,0.24502405766746826,0.016666666666666666,0.00013199693705756577,0.9971543662892732
ovrbench,JobChangePatterns,0.6666666666666666,0.05340000000000001,1.0,13,0.46198178714224525,0.55,0.0,0.0
tsbad_m,097_SVDB_id_14_Medical_tr_1031_1st_1131.,0.8125,0.0697919466275165,0.6875,12,0.5810279364127918,0.45,0.0,0.0
oddbench,CourseRegistration,0.8,0.03575384615384615,0.8,15,0.8641522633185676,1.0,0.0,0.0005544158938489696
oddbench,RacingMotion,0.8,0.04401702082169211,0.5,14,0.26252082134749366,0.16666666666666666,0.0,0.18670596556976116
oddbench,PoliceForceDisturbance,1.0,0.042461921903983596,0.3333333333333333,6,0.23370543157016543,0.0,0.10045388065828387,0.0
ovrbench,FakeNewsPropagation,0.6363636363636364,0.02491702594107483,0.8181818181818182,13,0.8260957901741848,0.23333333333333334,0.0,0.0
tsbad_m,088_SVDB_id_5_Medical_tr_500_1st_168.csv,0.75,0.05280979629234128,0.625,7,0.5312740009069272,0.35,0.0,0.0
ovrbench,WebpageSessionIntrusion,1.0,0.05109836145347606,1.0,9,0.6648152280958558,0.9333333333333333,0.0,1.1675533928556803e-07
ovrbench,FinancialTransaction4,1.0,0.07799433333333332,0.7142857142857143,13,0.36238787987590343,0.25,0.0,0.0
tsbad_m,111_SVDB_id_28_Medical_tr_1791_1st_1891.,0.8125,0.07316692927315066,0.5,12,0.5400724989133912,0.55,0.0,0.0
oddbench,FinancialTransactionAnomalies,0.6,0.01656963737995886,0.8,8,0.23344745830020414,0.0,0.05273884999346101,0.49804836725498547
oddbench,ProtestViolence,0.7142857142857143,0.035257383439750066,0.5714285714285714,15,0.9335232366512988,0.25,0.0,0.1561456261709201
ovrbench,TextAnomalyDetection,0.1111111111111111,0.006369372417808152,0.5555555555555556,5,0.443754523851282,0.0,0.3418525704273381,0.9989166049028392
tsbad_m,030_MITDB_id_12_Medical_tr_50000_1st_845,0.6875,0.03383761119514557,0.625,13,0.6189959869005058,0.4166666666666667,0.0,0.0
tsbad_m,140_CATSv2_id_3_Sensor_tr_28307_1st_2840,0.43283582089552236,0.03671767343480469,0.5895522388059702,15,0.17153996156900478,0.0,0.47309232474778795,0.0
oddbench,HumanRobotCollaboration,1.0,0.041059545504133606,0.6666666666666666,7,0.31221866716950386,0.25,1.8576327621699917e-05,0.03047353745948156
tsbad_m,115_PSM_id_1_Facility_tr_50000_1st_12987,0.2,0.010382421972901205,0.285,7,0.2753808359324612,0.0,0.4379532444022707,0.9921914667272742
oddbench,TBAnomalyDetection,0.3333333333333333,0.015223555999619373,0.0,7,0.27816877956108915,0.0,0.3128893518125503,0.9939374412869324
dami,SpamBase,0.08771929824561403,0.005735246962417165,0.9473684210526315,14,0.7655068183406402,0.0,0.2178448395825936,0.9920872691845696
adbench,35_SpamBase,0.15789473684210525,0.008026721485625441,0.9473684210526315,15,0.7642969102815313,0.0,0.35118947224850705,0.9965420517964116
ovrbench,CelestialObjects2,0.42857142857142855,0.015109263360092214,0.14285714285714285,14,0.24039205692733703,0.0,0.7601526422506729,0.9946898149822959
ovrbench,NetworkHealthMonitor,0.6363636363636364,0.03309651189318687,0.7272727272727273,10,0.935980608827562,0.4166666666666667,0.0,0.9923264852405254
ovrbench,Word2VecPCA,0.3333333333333333,0.00927400288037761,0.3333333333333333,8,0.6604140190751789,0.08333333333333333,0.0,0.0
ovrbench,AmazonReviewAnomalies,1.0,0.06884298936015158,1.0,15,0.49430946361508266,0.65,0.0,0.01640182594004691
oddbench,GeneticVariation,0.5,0.012989241510218923,0.8333333333333334,10,0.7507985012109868,0.4166666666666667,0.0,0.001785395601981321
oddbench,BuildingInspections,0.8,0.07943560349665398,0.8,12,0.6074442883957317,1.0,0.0,0.0
ovrbench,CreditCustomerData,0.42857142857142855,0.02266937777674502,0.5714285714285714,5,0.293275058966105,0.1,0.0,0.0
ovrbench,ailerons,0.9285714285714286,0.0628562017871412,0.0,7,0.4932590119041763,0.0,0.5589762141431931,0.002613612565581569
ovrbench,compass,1.0,0.0565324765063571,1.0,15,0.376959679130008,0.05,0.0,0.6091497326442399
ovrbench,guillermo,0.007478382799719561,0.005752751257845411,0.9226454779154007,11,0.1964056847817136,0.0,0.5926054476049643,0.5329822870850129
tsbad_m,109_SVDB_id_26_Medical_tr_1038_1st_1138.,0.6875,0.04550518033958241,0.4375,14,0.5103651505737163,0.4166666666666667,0.0,0.0
tsbad_m,026_MITDB_id_8_Medical_tr_30495_1st_3059,0.5625,0.022348659440612626,0.6875,11,0.5755673076327408,0.2833333333333333,0.0,0.0
oddbench,DiamondClarity,1.0,0.04723217681169434,0.3,13,0.3141484979259667,0.016666666666666666,0.04760235032144233,0.0
adbench,19_landsat,1.0,0.03621624583973374,0.25,11,0.5092036062111303,0.6,0.0,0.0
tsbad_m,019_MITDB_id_1_Medical_tr_37500_1st_1032,0.4375,0.018113480434295236,0.5625,15,0.5109473510313107,0.18333333333333332,0.0,0.0
ovrbench,MalariaDetection,0.8,0.032149431049611196,1.0,11,0.693447790908423,1.0,0.0,0.0
ovrbench,SensorAnomaly,0.2,0.01556625038416739,0.3,5,0.2659276261788026,0.03333333333333333,0.00010799129738714441,2.0373866699174847e-05
tsbad_m,142_CATSv2_id_5_Sensor_tr_30704_1st_3080,0.44776119402985076,0.03674503176591686,0.5373134328358209,8,0.14842521123196428,0.0,0.3239934212983693,0.017318220625257674
oddbench,GPUResourceUsage,1.0,0.034251001563478656,1.0,14,0.9459270504717792,1.0,0.0,0.0
ovrbench,PokemonBattle,1.0,0.03451537698412699,0.0,4,0.18039015905840458,0.0,0.27699041958007176,0.07815325530369943
ovrbench,EEGEyeState,0.42857142857142855,0.013737912901699302,0.7142857142857143,11,0.9823577338338236,0.0,0.4666821252852754,0.9945984728473422
ovrbench,ShuttleOperations,1.0,0.05182291666666667,0.75,14,0.4963499586306484,0.0,0.2475196818825539,0.9917725966594834
tsbad_m,188_Exathlon_id_15_Facility_tr_12538_1st,0.5562913907284768,0.04151026498641025,0.6026490066225165,15,0.9226967706090736,0.016666666666666666,9.047332599765312e-07,0.0
ovrbench,BusinessAnomalies,0.8,0.08795442745469033,0.8,15,0.5661777428659462,0.25,0.0,0.0
oddbench,BarExamPrediction,0.6,0.041097179845600844,0.4,15,0.21222297431772075,0.0,0.6001745934060707,0.9961838595546862
tsbad_m,105_SVDB_id_22_Medical_tr_500_1st_417.cs,0.8125,0.06189432697495121,0.625,14,0.5050063861795978,0.4,0.0,0.0
ovrbench,CustomerChurn2,1.0,0.066604412568306,0.6,10,0.3181587398767878,0.18333333333333332,0.0,0.0
ovrbench,AirPressure,0.6964285714285714,0.02950611360323051,0.9880952380952381,11,0.8622816712635581,0.13333333333333333,0.0,0.0
oddbench,TrialBehavior,0.0,0.006544647993945426,0.0,4,0.3461080229990177,0.0,0.49517342841082124,0.9983612786440366
oddbench,TransactionFeeAnomalies,1.0,0.03834259259259261,1.0,14,0.9923548212169928,0.6666666666666666,0.0,0.0002687449746594517
ovrbench,TrafficSensor,1.0,0.07313576656894016,0.5555555555555556,13,0.2762253147035185,0.43333333333333335,0.0,0.0
oddbench,RulePriorityAnomalies,1.0,0.033383220720720655,0.75,13,0.40427020226986726,0.25,0.0,0.6425312089976487
tsbad_m,086_SVDB_id_3_Medical_tr_533_1st_633.csv,0.9375,0.05764043075492326,0.4375,12,0.5569893216861063,0.6166666666666667,0.0,0.0
ovrbench,GeotechnicalAnomalies,0.3333333333333333,0.0146894867245466,0.3333333333333333,9,0.229431205549935,0.0,0.17598939657331758,0.09823196347443042
ovrbench,FootballEfficiency,0.16666666666666666,0.014332563548217499,0.0,3,0.13520512074275323,0.0,0.4831780183232657,0.0
ovrbench,SepsisMonitoring,0.8333333333333334,0.0397071313757965,0.5,12,0.22236023347785608,0.0,0.7126175590295487,0.8531159026437338
tsbad_m,098_SVDB_id_15_Medical_tr_500_1st_303.cs,0.75,0.04175497195816501,0.5,7,0.5260252088095264,0.4166666666666667,0.0,0.0
oddbench,HealthPulse,0.6071428571428571,0.032949141499202035,0.10714285714285714,6,0.2263887973168254,0.0,0.7106276006646846,0.9974413145191101
ovrbench,FICO-HELOC-cleaned,0.9523809523809523,0.07107550204425205,0.23809523809523808,7,0.1329675615135707,0.0,0.5409188523118769,0.9958710931678294
ovrbench,BatchProcessingEvents,1.0,0.06452701727776482,1.0,14,0.700304003064721,0.5666666666666667,0.0,0.0
tsbad_m,091_SVDB_id_8_Medical_tr_500_1st_126.csv,0.9375,0.06773706491856665,0.625,14,0.5301807531580179,0.7333333333333333,0.0,0.0
ovrbench,FinancialMetricsAnomaly,0.13043478260869565,0.009489533745803158,0.17391304347826086,3,0.378717857242343,0.0,0.5382631850027538,0.0
adbench,30_satellite,1.0,0.04061295706608206,0.5555555555555556,9,0.49675217580375425,0.6833333333333333,0.0,0.0
tsbad_m,022_MITDB_id_4_Medical_tr_50000_1st_5425,0.8125,0.03955772492284621,0.75,15,0.594108056505604,0.4166666666666667,0.0,0.0
tsbad_m,093_SVDB_id_10_Medical_tr_500_1st_37.csv,0.8125,0.0339928071029464,0.5625,11,0.547907276708907,0.3,0.0,0.0
tsbad_m,113_SVDB_id_30_Medical_tr_4552_1st_4652.,0.8125,0.08269229871489336,0.6875,11,0.6009558679611728,0.5666666666666667,0.0,0.0
ovrbench,volkert,0.54421768707483,0.01642732666477248,0.4421768707482993,10,0.2891815151071975,0.0,0.761324108870245,0.6218785764866332
ovrbench,philippine,0.12337662337662338,0.008190638467589662,0.11363636363636363,8,0.25351562784040826,0.0,0.2722704516132086,1.0
tsbad_m,102_SVDB_id_19_Medical_tr_50000_1st_1073,0.8125,0.04952797578395469,0.5625,13,0.6182468441260569,0.5333333333333333,0.0,0.0
oddbench,FantasyFootball,0.8,0.05081440523770755,0.6,9,0.2763380193026903,0.0,0.6660025634248374,0.9736891263795484
oddbench,SMSClassification,0.8888888888888888,0.028354444662926265,0.3333333333333333,15,0.2814973197849881,0.016666666666666666,0.00016345735529754712,0.9932662409119472
ovrbench,UrlAnalysis,0.8666666666666667,0.04198763745621194,0.6666666666666666,12,0.2459747029245939,0.03333333333333333,0.0014777659490489148,0.0029800575731873113
tsbad_m,031_MITDB_id_13_Medical_tr_50000_1st_794,0.625,0.032291940483281246,0.625,14,0.558231462785913,0.43333333333333335,0.0,0.0
tsbad_m,099_SVDB_id_16_Medical_tr_1115_1st_1215.,0.75,0.025637365435228644,0.5,11,0.537937127003188,0.31666666666666665,0.0,0.0
tsbad_m,101_SVDB_id_18_Medical_tr_1851_1st_1951.,0.8125,0.04887643723735874,0.3125,14,0.49186941632559067,0.5666666666666667,0.0,0.0
ovrbench,TwitterEmotion,0.15384615384615385,0.009905382324017912,0.46153846153846156,9,0.13670560951394642,0.0,0.24442115359777594,0.8311762235825545
oddbench,TreadmillStatus,1.0,0.046302757571607074,0.2857142857142857,13,0.4296071049427786,0.7,0.0,0.0
tsbad_m,137_CreditCard_id_1_Finance_tr_500_1st_5,0.07758620689655173,0.008295783552294033,0.25,7,0.3267157184374225,0.0,0.597539168104197,0.9721977847894325
ovrbench,BCellImmunity,0.4,0.023716613902077875,0.4,15,0.22729387284801061,0.0,0.1417753599753092,0.9561551418091144
tsbad_m,082_LTDB_id_4_Medical_tr_4456_1st_4556.c,0.875,0.07123082597558356,0.75,10,0.6004332795201316,0.55,0.0,0.0
ovrbench,GesturePhaseSegmentationProcessed,0.0,0.0037784209638306327,0.125,8,0.4146517424166591,0.0,0.9725892653336711,0.9918089723608248
ovrbench,SpatialAnomalies,0.0,0.005526062192129364,0.0,2,0.16887235741517148,0.0,0.7486448060383748,0.9746828560414873
oddbench,AttackIncidents,1.0,0.059169123847885724,0.5,13,0.3738472554550849,0.35,0.0,0.0
tsbad_m,021_MITDB_id_3_Medical_tr_50000_1st_5759,0.75,0.03760885014213504,0.75,15,0.4488993281891319,0.48333333333333334,0.0,4.473433455332021e-06
ovrbench,BreastCancer,1.0,0.0465625,0.5,11,0.3534264392805573,0.0,0.0996655393668886,0.9753018681606238
oddbench,WaterPointFunctionality,0.38461538461538464,0.022104776121582223,0.38461538461538464,14,0.26194736138951136,0.03333333333333333,0.0,0.0
oddbench,WaterChemistry,0.2,0.008527820244725863,0.76,15,0.5382530240364308,0.0,0.7150340611697962,0.9977709093502256
tsbad_m,085_SVDB_id_2_Medical_tr_50000_1st_54982,0.875,0.08958197912638756,0.75,12,0.5834131721887086,0.5166666666666667,0.0,0.0
ovrbench,RealEstateData,0.75,0.025215480636708885,0.75,8,0.2240372150745777,0.16666666666666666,0.0,0.0
dami,Annthyroid,0.6190476190476191,0.026669391620284477,0.7619047619047619,15,0.28250104464346576,0.1,0.0,0.9867741069625147
oddbench,EmailSpamDetection,0.3611111111111111,0.024429812420394898,0.6111111111111112,10,0.48061094706905577,0.0,0.6049841574491611,0.9968244389023664
tsbad_m,110_SVDB_id_27_Medical_tr_30824_1st_3092,0.625,0.06389705911407348,0.5,15,0.4787287582061934,0.4,0.0,0.0
oddbench,FishingAnomalies,1.0,0.03515201585983995,1.0,13,0.5257340049341913,1.0,0.0,8.648978000092011e-05
tsbad_m,087_SVDB_id_4_Medical_tr_5421_1st_5521.c,0.875,0.08634350013883567,0.625,13,0.5528972486665691,0.6666666666666666,0.0,0.0
oddbench,AquaticMacroInverts,0.4782608695652174,0.01962507809937358,0.43478260869565216,8,0.2649694393258093,0.016666666666666666,0.028304408595089425,0.9989576487815083
ovrbench,ShillBidding,1.0,0.067194559498637,0.875,14,0.25400540542086164,0.15,0.0,0.0
oddbench,ArtSalesPlatform,0.5,0.017256427624894953,1.0,14,0.6053785454527411,0.45,0.0,0.6241790712359832
ovrbench,KDD,0.71875,0.03657234694425076,0.78125,11,0.8855570746725632,0.0,0.5272045616497789,0.0
ovrbench,page-blocks,0.1,0.016245586111111113,0.6,15,0.5907788162508036,0.0,0.5890510924794399,0.7171486302252548
tsbad_m,096_SVDB_id_13_Medical_tr_500_1st_444.cs,0.875,0.0618332936961115,0.75,14,0.5268555020699656,0.48333333333333334,0.0,0.0
oddbench,WindowsEditionAnomaly,1.0,0.08906531439276621,0.6538461538461539,7,0.19652360973259034,0.0,0.8235556963901783,0.9969449631763093
ovrbench,CryptojackingSystem,0.7857142857142857,0.03262346055863405,0.7857142857142857,15,0.6073009450127449,0.05,0.0,0.07270358130273102
tsbad_m,139_CATSv2_id_2_Sensor_tr_5592_1st_5692.,0.39552238805970147,0.03663517847110535,0.5149253731343284,9,0.1510149484427948,0.0,0.6353566503722449,0.9276533652447408
tsbad_m,095_SVDB_id_12_Medical_tr_6264_1st_6364.,0.875,0.06646515339979983,0.8125,15,0.5388338904414914,0.5166666666666667,0.0,0.0
tsbad_m,103_SVDB_id_20_Medical_tr_12167_1st_1226,0.75,0.03667846776038809,0.5,10,0.6293257791514186,0.26666666666666666,0.0,0.0
tsbad_m,107_SVDB_id_24_Medical_tr_32805_1st_3290,0.6875,0.037985708923452786,0.5,11,0.4882643387046994,0.3333333333333333,0.0,0.0
oddbench,LandShapeAnomaly,0.8181818181818182,0.04865523206251648,0.5454545454545454,15,0.29713650336961384,0.7166666666666667,0.0,0.6681997926602676
tsbad_m,108_SVDB_id_25_Medical_tr_1238_1st_1338.,0.8125,0.03560673290254078,0.1875,14,0.5459188623279799,0.5,0.0,0.0
oddbench,OkCupidUserBehavior,1.0,0.043375,0.75,8,0.4706918559491373,0.0,0.4032349171018521,0.8976626977203356
adbench,27_PageBlocks,0.2,0.016661509338285686,0.6,14,0.5926326987054643,0.0,0.660786181289813,0.9827468142838727
dami,PageBlocks,0.2,0.01666150933828564,0.6,14,0.5926326987054646,0.0,0.6607861812898829,0.9827468142838661
ovrbench,KPIData,0.3333333333333333,0.026443985193490654,1.0,9,0.527055936958732,0.08333333333333333,1.0908296066092227e-05,0.7612840709365547
tsbad_m,141_CATSv2_id_4_Sensor_tr_41727_1st_4182,0.40298507462686567,0.03670741454527017,0.5,11,0.15460614458490335,0.0,0.541071817363379,0.0
oddbench,SalesPerformance,0.8571428571428571,0.09149357166287649,0.42857142857142855,14,0.4176226928110522,0.25,0.0,0.0
ovrbench,KenyaMovement,0.6666666666666666,0.03834203973388053,0.2222222222222222,13,0.23129473995673863,0.03333333333333333,0.0,0.9807421282824981
ovrbench,FinancialTransaction1,0.3431372549019608,0.01640951752070683,1.0,15,0.7932656602750839,0.03333333333333333,0.0,3.9630510091592797e-05
ovrbench,SyntheticNumericalBatch,0.0,0.005022518270094527,0.0,10,0.3351018227871933,0.0,0.7649873249672442,0.9933352306479182
ovrbench,GamingBehavior,0.5217391304347826,0.013127786191408424,0.6086956521739131,12,0.5711122679143323,0.0,0.841971937026993,0.996304471719416
ovrbench,ECGAnomaly,0.007142857142857143,0.005047004469847937,0.06428571428571428,10,0.5503883707506426,0.0,0.6348848494624371,0.9954083242787352
oddbench,AxieInfinityBug,0.875,0.03560675104923686,0.5,15,0.2621172962929181,0.03333333333333333,0.0,0.0
tsbad_m,173_GECCO_id_1_Sensor_tr_16165_1st_16265,0.6666666666666666,0.038513101148967305,0.4166666666666667,8,0.9492137755855438,0.0,0.6897117180213123,0.0
oddbench,LandRarity,0.8571428571428571,0.0660300981698332,0.42857142857142855,14,0.23208122257611996,0.08333333333333333,0.0,0.0
oddbench,HealthBehavior,0.5,0.024889624451754393,0.5,13,0.34231785589289265,0.0,0.29707691630303745,0.9938122836011867
ovrbench,SpotifyHitPredictor,0.3076923076923077,0.018090376865910255,0.38461538461538464,7,0.1787254358923278,0.0,0.6700138141518794,0.9986650196963258
ovrbench,UserInteraction1,0.5555555555555556,0.02967258254006299,0.6666666666666666,10,0.5168658662974042,0.6166666666666667,0.0,0.0
tsbad_m,092_SVDB_id_9_Medical_tr_2674_1st_2774.c,0.875,0.08343032792862262,0.8125,14,0.5955940349170511,0.5333333333333333,0.0,0.0
ovrbench,AbstractAnomalyBatch,0.03076923076923077,0.005333044232422607,0.6307692307692307,12,0.9647527784955903,0.0,0.7588853926721545,0.999232137135619
oddbench,VoteOutcome,0.5,0.015583950896420597,0.625,12,0.9103841812699102,0.03333333333333333,0.0037161658750805016,0.9921687882397399
tsbad_m,143_CATSv2_id_6_Sensor_tr_50000_1st_6023,0.4253731343283582,0.035646524078557784,0.5223880597014925,14,0.1483164511166487,0.0,0.5918282599280735,0.0
ovrbench,students_dropout_and_academic_success,0.8571428571428571,0.059737412177985956,0.42857142857142855,8,0.6439075053733925,0.11666666666666667,9.409322186271218e-05,0.0
ovrbench,visualizing_soil,0.6666666666666666,0.022255993238165798,0.3333333333333333,15,0.4618701586462116,0.4666666666666667,0.0,9.261541530358741e-07
oddbench,CasePriority,1.0,0.05782696236833034,0.8888888888888888,11,0.8853794878176792,1.0,0.0,0.0
adbench,44_Wilt,0.0,0.005337737884042823,0.4,7,0.6647059661956133,0.0,0.3302250546462244,0.9502873431995105
oddbench,GeneticAnalysis,0.0,0.005079357489421554,1.0,11,0.49618775400104537,0.0,0.8089018125209588,0.9979968385250421
dami,Wilt,0.0,0.005337737884042794,0.4,7,0.6647059661956134,0.0,0.33022505464620344,0.9502873431994892
oddbench,ProgrammingAnomalies,0.6666666666666666,0.07312933471246764,1.0,14,0.47992919792669103,0.43333333333333335,0.0,0.005220540684392594
oddbench,RealEstateBlockType,0.6666666666666666,0.03166764601461377,0.3333333333333333,13,0.45536943209355557,0.15,0.0,0.7472976263580848
tsbad_m,112_SVDB_id_29_Medical_tr_8226_1st_8326.,0.8125,0.08199071445411846,0.5625,13,0.5524125697750251,0.4166666666666667,0.0,0.0
ovrbench,HealthMetrics,0.3333333333333333,0.0102597887615629,0.3333333333333333,9,0.37566593153543276,0.0,0.1828947423865861,0.9992733946366288
tsbad_m,084_SVDB_id_1_Medical_tr_12973_1st_13073,0.875,0.06509949675487703,0.6875,12,0.5499511341045021,0.4666666666666667,0.0,0.0
oddbench,UserEventAnomalies,1.0,0.040658638211025964,0.0,11,0.4403656858352743,0.1,7.472443840805809e-06,0.0378680943749492
oddbench,BugSeverity,0.8636363636363636,0.07106135785929407,0.2727272727272727,11,0.24104494399046167,0.0,0.5577623058796499,0.9835411709548342
ovrbench,mozilla4,0.75,0.01451914325771116,0.75,11,0.36893952770342475,0.05,4.565431509728768e-06,0.9941040361784024
ovrbench,BankruptcyForecast,0.015625,0.005288770584542094,0.578125,11,0.3380793765392836,0.0,0.5592029403860888,0.9990335272442179
oddbench,CarMakeAnomaly,0.5,0.03428257191962562,0.25,14,0.28890903402328094,0.0,0.5185773252949888,0.9968787968899918
ovrbench,ozone-level-8hr,0.7777777777777778,0.02005856610868844,0.16666666666666666,5,0.3233517358888198,0.0,0.4976220721960376,0.0062996577260096
ovrbench,seismic-bumps,0.3333333333333333,0.011016757144305334,0.6666666666666666,9,0.5468191817804556,0.0,0.8933413833305204,1.0
tsbad_m,104_SVDB_id_21_Medical_tr_50000_1st_1066,0.9375,0.07534534536427098,0.625,15,0.5319298127509511,0.75,0.0,0.0
oddbench,AustinCrime,1.0,0.04906597973886545,0.25,15,0.8652104190754594,1.0,0.0,0.0
ovrbench,GeneExpressionCoactivator,0.0,0.005591471013999185,0.0,6,0.23492145396870648,0.0,0.5399022488396139,0.9831669677069443
oddbench,RealEstateProperties,1.0,0.051098214285714295,0.75,14,0.4494158082835094,0.23333333333333334,0.0,0.9049906866627564
tsbad_m,138_CATSv2_id_1_Sensor_tr_16568_1st_1666,0.44776119402985076,0.03747989211801879,0.5597014925373134,14,0.1701868068105154,0.0,0.5511980862655232,1.976840052619888e-05
ovrbench,thyroid-ann,1.0,0.0286117724867725,0.16666666666666666,12,0.341612159288015,0.0,0.7330701317420918,0.7138845707065915
adbench,23_mammography,1.0,0.05635941156272558,1.0,10,0.546419689181969,0.7166666666666667,0.0,0.0
oddbench,DeveloperSurvey,1.0,0.09048125,0.8,15,0.2972700564613741,0.1,0.0,0.06744049929970786
oddbench,GenomicSequencing,0.9,0.05795981396422049,0.9,8,0.2265029548056802,0.05,0.0,0.0
