corpus,dataset,truefam,reg_small,reg_edge,reg_beta1,reg_random,rho_small,rho_edge,rho_beta1
ovrbench,BusinessAnomalies,global,0.0895687465456661,0.1926304189790297,0.0,0.13851814666115564,0.07504953965110664,0.19989702664435577,0.29077101300038616
tsbad_m,091_SVDB_id_8_Medical_tr_500_1st_126.csv,global,0.04158298028025176,0.0785188779883771,0.010670787609305593,0.040230143658167586,-0.45594621095391513,-0.22818321893822666,0.1645888779941168
adbench,22_magic.gamma,local,0.41354782147117486,0.5730701634546792,0.00895890501788943,0.3176403023675413,-0.18283090976510594,-0.9086706821683708,0.8579633001820983
ovrbench,FakeNewsPropagation,global,0.27336924683276853,0.24586271433091134,0.09748967357921567,0.255256589467067,-0.3448045854618356,0.43809523809523815,0.5891891891891892
ovrbench,philippine,global,0.048437476570813986,0.058710771997139755,0.3356601668011946,0.20027434953894352,0.8488319729270193,0.7307370832298955,-0.5848510212252276
tsbad_m,111_SVDB_id_28_Medical_tr_1791_1st_1891.,local,0.17663767842968975,0.13086911069084262,0.0,0.12736658785147176,-0.6344445874629939,-0.5633929720684773,0.554640236838718
ovrbench,guillermo,global,0.08904120304293706,6.42527548702157e-05,0.034929822679396774,0.02253297575055323,0.02668737799749919,0.7542784417212819,-0.4885154061624651
ovrbench,FinancialTransaction4,local,0.20314956250483798,0.22481383714145065,0.03306764702166781,0.18146907629094772,-0.10727626177617566,-0.1487869235335306,0.8821106821106822
tsbad_m,109_SVDB_id_26_Medical_tr_1038_1st_1138.,global,0.022930583536738616,0.1017927091050799,0.022357361982763987,0.06943891940309302,0.43190573479890093,-0.3909126013643969,0.3458617582700476
ovrbench,SpectralImaging,global,0.6176565849835477,0.2574490541019929,0.0,0.5057472419374434,0.6979785329485568,0.4591036414565826,-0.11820728291316528
oddbench,BarExamPrediction,global,0.0,0.11038547708472074,0.11605912800275237,0.19638198194672996,0.6476361759658936,0.7430099312452253,0.4056531703590527
ovrbench,SolarFlare,local,0.08609665620390139,0.4158397524386394,0.15086128173291885,0.2425430856786358,0.4484620647182476,0.3397759103641457,0.6355742296918768
ovrbench,ailerons,global,0.04886454017015596,0.08906459139758671,0.03281749126256239,0.2111839320839835,0.8903819150109765,0.8209007514708315,0.8097772797310547
oddbench,FinancialTransactionAnomalies,global,0.08068798169492929,0.15376358396341872,0.0,0.09623512198157178,-0.41757066462948816,-0.6870893812070282,0.33231474407944994
tsbad_m,030_MITDB_id_12_Medical_tr_50000_1st_845,local,0.023176332620697633,0.03564526653629747,0.012016852891652587,0.02342418003050801,-0.07967563392972069,-0.31908868580254857,0.38190243274552704
oddbench,SalesOrderPriority,local,0.3236689944831911,0.3258633178087704,0.05344931189156163,0.2697385755186295,0.0654856315421323,-0.49208392328485007,0.3649118290642296
tsbad_m,093_SVDB_id_10_Medical_tr_500_1st_37.csv,local,0.11412740466740821,0.1752802470777658,0.0,0.13893704158322898,0.6223452181747973,-0.5960870124855193,0.8179945938988287
ovrbench,NeuroSignalEEG,global,0.8739747623598793,0.7479214712489435,0.0,0.6722179702494917,-0.3674560733384262,-0.7310924369747898,0.7970970206264323
ovrbench,EEGEyeState,local,0.08857232734785025,0.7594672808608265,0.02972444165566268,0.6187400797476434,0.09749032113930205,-0.80048912343931,0.8674218046080576
tsbad_m,086_SVDB_id_3_Medical_tr_533_1st_633.csv,global,0.03725212202849269,0.055159275662230556,0.030360440699171903,0.042218358647537556,0.16234309926138915,-0.5255502638692238,0.5937701119835241
ovrbench,jannis,global,0.12087875622795383,0.12087875622795383,0.1803917761602114,0.17872366472088883,0.3007015580235084,0.3876750700280112,-0.3851540616246499
tsbad_m,097_SVDB_id_14_Medical_tr_1031_1st_1131.,local,0.06215225524725164,0.1532519107425685,0.04522352466914077,0.10410812185125237,-0.07838846698416783,-0.781439052645128,0.9343544857768052
ovrbench,AmazonReviewAnomalies,global,0.15949241761989597,0.11075360582703658,0.07709368382899112,0.3017580575380395,0.8207658996502931,0.783412720650042,0.19501260857383018
ovrbench,sf-police-incidents,global,0.12477382312499916,0.07133376073865119,0.11714121428318164,0.08344529403149921,-0.08922818321893822,-0.10547695755708082,-0.3808656674604286
ovrbench,CreditCustomerData,global,0.20491098604226787,0.15741428517565678,0.11974335838806047,0.15678925184283563,-0.6649859943977592,-0.4282913165266107,0.5644257703081234
ovrbench,CelestialObjects2,global,0.28739175347658336,0.24555548617541095,0.22847990460546844,0.2899556149694512,0.1564993564993565,0.5966537966537967,-0.17889317889317893
oddbench,TBAnomalyDetection,local,0.042302533448568325,0.13299244092035678,0.21472962799358847,0.18374671145478114,0.6206220229756233,0.2580554777248529,0.024096385542168672
tsbad_m,019_MITDB_id_1_Medical_tr_37500_1st_1032,local,0.18005200649226277,0.1822781265700686,0.023154072969982342,0.1005838594725561,-0.32792792792792796,-0.7837837837837839,0.7801801801801801
ovrbench,PsychoPrediction,global,0.08032871888293999,0.21887412640761933,0.037844297832593694,0.12828481476390913,-0.17780155939458797,-0.5960862253478061,0.04510013759364011
tsbad_m,105_SVDB_id_22_Medical_tr_500_1st_417.cs,local,0.026084311362288382,0.060888930345759214,0.011762847096862233,0.03261605287101403,-0.39425923542283425,-0.6583858926502767,0.8882739091260137
ovrbench,CustomerChurn2,local,0.3013998969718895,0.18199350235464726,0.28018869764019183,0.21356740272938032,-0.5113914274681426,0.4732912858797786,0.36233749517312397
tsbad_m,101_SVDB_id_18_Medical_tr_1851_1st_1951.,local,0.12359376194381949,0.14051814909150998,0.051023792119596414,0.09483145645292763,-0.5341084185460148,-0.736377643927721,0.8792547975906989
ovrbench,FinancialMetricsAnomaly,global,0.02023146244132347,0.0676533311627444,0.09586780379311562,0.0988147965629794,0.4182951692823006,0.627170868347339,-0.6050420168067228
ovrbench,CardiacHealth,local,0.8902792214643086,0.848220647737983,0.0030992569078435173,0.6550899424620681,-0.6416988416988417,-0.7927927927927929,0.8972972972972973
ovrbench,SensorAnomaly,local,0.22370634032465825,0.24849818030512322,0.20611469746101657,0.16926744994511478,-0.6827002596793043,-0.7949579831932774,-0.461624649859944
ovrbench,BCellImmunity,global,0.28550955800720057,0.2887517806302682,0.11145252685549388,0.23123399669547132,-0.28641307905111213,-0.8089844252799587,0.5088170935770369
oddbench,HealthPulse,local,0.11339086498939278,0.09196054969976178,0.0,0.06571554524623308,-0.03912483912483913,-0.28211068211068213,0.4797940797940798
oddbench,PropertyCondition,local,0.145607614879319,0.1142592825868719,0.20539826858160698,0.09196710893536228,-0.2443300997799657,-0.6936936936936938,-0.6172458172458173
ovrbench,HealthActivityObesity,local,0.21951091671986378,0.39858157951959394,0.0001021411868015118,0.1742292166414262,0.2189096587784797,-0.9042347792508687,0.3597631612820183
oddbench,TransactionFeeAnomalies,global,0.07898435248329122,0.5022208790219197,0.19550613689377516,0.5010369160056664,-0.04082313563933308,0.5280176285218675,0.630812960934761
ovrbench,TwitterEmotion,local,0.0016331709620405754,0.09730394736539391,0.09275134383039256,0.07174268617541057,0.5669467787114847,-0.684593837535014,0.4366946778711485
ovrbench,BoundingBoxClassification,global,0.3219099686003982,0.2821872975280764,0.368616250615321,0.19956454969259652,0.30587842863615977,0.2578792547975907,0.17775598823364613
ovrbench,FootballEfficiency,local,0.16635356659856168,0.11488159277122478,0.00998927025356855,0.07894034831752661,0.03247313127993678,-0.40414653037429166,0.18812158565625436
oddbench,GeneticVariation,global,0.1826815626779234,0.002087073107786497,0.36287575021478735,0.1661424028168655,0.006052801833352772,0.962414725189857,-0.7160509718110439
tsbad_m,140_CATSv2_id_3_Sensor_tr_28307_1st_2840,global,0.000890090854356762,0.000890090854356762,0.11417153058759888,0.22454505976047429,-0.22084942084942086,0.01621621621621622,0.1778635778635779
adbench,35_SpamBase,global,0.1511612017674293,0.06645685640799592,0.4886066661527776,0.226709645150992,0.04686542380794369,0.35201750507284274,-0.22960102960102963
dami,SpamBase,global,0.07127779293573067,0.07053368001072458,0.5339516895948642,0.34939363203308405,-0.07130632062197059,-0.13218353846793765,0.4064350064350065
tsbad_m,088_SVDB_id_5_Medical_tr_500_1st_168.csv,local,0.18235999646787598,0.18235999646787598,0.0,0.1223665577742025,-0.5875917106448705,-0.6401081220234264,0.8339554640236838
oddbench,ProsperLoan,global,0.01727357783624907,0.09005800746411426,0.027218722240460055,0.07664509020028573,0.485550003915296,-0.011840411840411841,0.31969111969111974
tsbad_m,031_MITDB_id_13_Medical_tr_50000_1st_794,local,0.005560046592627297,0.02416059044877988,0.002976651286634463,0.014296662141050683,-0.1383704466469301,-0.6630196936542669,0.739734843609216
ovrbench,JobChangePatterns,global,0.42208124123167534,0.05852145040288137,0.31821165545310937,0.32104954731364554,-0.45722012054717803,0.3751287332646756,-0.2317198764160659
ovrbench,TrafficSensor,local,0.6523694017305247,0.6289669872609087,0.04001194767990812,0.572538054023378,-0.0725868725868726,0.04761904761904762,0.34543114543114545
ovrbench,PokemonBattle,local,0.21703385736056532,0.25795303939783015,0.00500450954297299,0.17624476507716447,-0.4980392156862746,-0.7467787114845938,0.5257703081232493
tsbad_m,022_MITDB_id_4_Medical_tr_50000_1st_5425,local,0.057004330148496894,0.06780895560493594,0.03373461753512227,0.039178665438633346,0.09443286165147029,-0.26065130647444973,0.36619899600978245
ovrbench,RealEstateListings,local,0.08433549244549358,0.08534733169987954,0.1440009715979066,0.11682988355922001,0.21240989375494837,-0.16190476190476194,-0.08391248391248392
oddbench,BuildingInspections,global,0.15477270077934135,0.31601040081861487,0.18904614220708357,0.2283318407076569,-0.025614622216501483,-0.5968593126528511,0.5412537006049685
tsbad_m,026_MITDB_id_8_Medical_tr_30495_1st_3059,local,0.15927303653364858,0.15884573313119926,0.009531369026063219,0.12364539979480618,-0.3347921225382932,-0.7677950830222678,0.8249452954048139
ovrbench,ViralProteinFunction,local,0.10680872053568216,0.17543871825402912,0.2508512299709335,0.1548335554809344,0.34205194123438504,0.3097322348094748,0.06848609680741503
ovrbench,GeotechnicalAnomalies,local,0.24096149584206905,0.2518670426068719,0.015816394719659385,0.17072295625471165,-0.7461340206185566,-0.5685933383800028,0.8528350515463917
ovrbench,BreastCancer,global,0.04685479428889584,0.04299777297061996,0.0,0.05957163217274464,-0.338548545069167,-0.10634720888351638,0.36405659055890177
tsbad_m,098_SVDB_id_15_Medical_tr_500_1st_303.cs,local,0.17624154283337667,0.19076358518490388,0.02098281668605162,0.10394202378896647,-0.7223700798431153,-0.7901666900126066,0.889620395013307
oddbench,ProtestViolence,global,0.47486861463515057,0.5521958231816417,0.8650689069673555,0.6862827542437402,0.7261311489017239,0.16591581928176083,-0.3453468914918265
ovrbench,UserMovieInteractions,global,0.25706922918917163,0.24399427511245417,0.15428081856687567,0.30633369601363936,0.2056166403249504,0.10955450135838252,0.05378151260504201
ovrbench,Word2VecPCA,global,0.11782032222132863,0.14884443620226945,0.16374650548275752,0.1176476655296633,-0.3305715497191231,-0.09436755732457396,-0.515447991761071
tsbad_m,085_SVDB_id_2_Medical_tr_50000_1st_54982,local,0.14380408233235553,0.17447088542795752,0.002786278459412539,0.13451760762247358,-0.5322435319860985,-0.3901403011970652,0.5667396061269145
ovrbench,TextAnomalyDetection,global,0.10330580799309148,0.12072962817653048,0.030437757314276576,0.0974953699822411,-0.42512956996778256,-0.63552318251856,-0.032357473035439135
ovrbench,BNG(cmc),global,0.21275852354985433,0.25099596666666396,0.31063341532214556,0.27615664834934806,0.025648213034337765,-0.19859845830413453,-0.04050455501051156
oddbench,GlobalTerrorismAttack,global,0.1588234295969419,0.3122669944618507,0.6227314669624484,0.4325760990793517,0.12323022352652488,-0.22461063199897024,-0.8167074269532758
tsbad_m,021_MITDB_id_3_Medical_tr_50000_1st_5759,local,0.4447250030771286,0.5000139816317685,0.018693934986316774,0.3110801769687478,0.30081091517569825,-0.7644484489638306,0.7889046209293344
ovrbench,FICO-HELOC-cleaned,local,0.09212257487878558,0.07608965187013086,0.2055028599576837,0.08483697127416498,-0.031719368537921365,-0.35406162464986,0.009243697478991597
tsbad_m,082_LTDB_id_4_Medical_tr_4456_1st_4556.c,local,0.1761728277312165,0.15860234330844014,0.0,0.11522031945676008,0.44651821341227954,-0.3165143519114429,0.4990346247908353
oddbench,TrialBehavior,global,0.2042263170681778,0.11056045466162352,0.16290222709948066,0.16240062379621764,0.43241054266695567,0.12188288035864388,-0.04959372373213785
ovrbench,compass,global,0.19852519853924896,0.1715126601938505,0.1835129055048486,0.12078468628961636,-0.6318502454535918,-0.5773487773487774,0.3361647361647362
ovrbench,KickstarterCampaigns,global,0.12054151338928289,0.1318956345911697,0.11194635573018535,0.17104071404244264,-0.2792020364346295,-0.6378915202444613,-0.07318563789152024
tsbad_m,115_PSM_id_1_Facility_tr_50000_1st_12987,global,0.11600491302014004,0.05734778498139981,0.20135496545106774,0.16780903485010756,0.8385741318974645,0.6546218487394958,-0.4064425770308124
adbench,19_landsat,local,0.22707660673950536,0.7528310283520117,0.003688256737989337,0.42250714256316496,0.38702899565765514,-0.8578038008776119,0.8209833309987392
ovrbench,SpatialAnomalies,local,0.5907935262638044,0.6354231947898199,0.024233207002364976,0.46334404880109353,-0.6549019607843137,-0.8033613445378153,0.9240896358543418
tsbad_m,099_SVDB_id_16_Medical_tr_1115_1st_1215.,local,0.18212913777784365,0.1714543043923379,0.0,0.11301308603899499,-0.33520100854461404,-0.8263062053508895,0.8263062053508895
oddbench,RulePriorityAnomalies,global,0.12917459288616906,0.11786536590388479,0.0048077598317112225,0.1061325670772096,-0.3395797734986075,-0.06629336436463944,0.7608443815162826
oddbench,WaterChemistry,local,0.6877206905145683,0.5517619094038633,0.0,0.4921145058608802,-0.4586446037364668,-0.24572016990603682,0.30595958295790965
ovrbench,EmployeePerformance,local,0.359164846143873,0.4279858470044612,0.0913918702608651,0.4774474256912509,0.29196362382329355,-0.32679647009385066,0.47079422888359707
ovrbench,SepsisMonitoring,local,0.1248329728815948,0.13328881679795157,0.11655867615474362,0.06558970644036224,-0.1944714713014832,-0.1020723396279067,0.5665379665379666
tsbad_m,113_SVDB_id_30_Medical_tr_4552_1st_4652.,global,0.03796851366855139,0.03796851366855139,0.08361958283459373,0.09943775568904858,0.030646407416945656,0.12258562966778262,0.06309554468194695
ovrbench,BatchProcessingEvents,local,0.06256843067894995,0.035684048244645335,0.058397221162120004,0.055580090367463975,-0.06747507189264632,-0.05019951129241313,-0.02831402831402832
ovrbench,PhysicsTraining,local,0.16629137032323593,0.1530293422741793,0.1837829312643468,0.11753647219706746,-0.6153752653840836,-0.7261261261261261,0.2084942084942085
ovrbench,volkert,global,0.3004155224549792,0.2998931951892692,0.267499754337892,0.2823404089067781,-0.3030918095542185,0.35227492189556514,-0.3516087516087516
ovrbench,FireRiskAnalysis,global,0.18165089904119736,0.09464911510872748,0.01467749850148023,0.10410560635028933,-0.10855550648796433,-0.22829131652661064,0.24761904761904763
adbench,30_satellite,global,0.31076491962486696,0.7213681036550401,0.18605151402585257,0.40750015857198435,0.48038116591928254,-0.756726457399103,0.46216367713004486
oddbench,AttackIncidents,local,0.006724133106031545,0.10235186124395868,0.034658549411141236,0.06472513810835187,0.37501877942407624,-0.355984555984556,0.5243243243243243
tsbad_m,102_SVDB_id_19_Medical_tr_50000_1st_1073,local,0.07872474796417889,0.5481538087774189,0.07872474796417889,0.3568766233589236,0.7727973105476956,-0.9097912872951393,0.8492786104496428
ovrbench,RealEstateData,global,0.7144480462806396,0.6253685607128601,0.20348402128455056,0.5189749315317473,-0.004737887819043253,-0.5130674002751032,0.5879565948341741
tsbad_m,096_SVDB_id_13_Medical_tr_500_1st_444.cs,local,0.189800489242914,0.20009663459855623,0.0,0.13259609845624934,-0.29934164448802353,-0.8638464770976326,0.8414343745622637
oddbench,RacingMotion,local,0.7132099499880515,0.8264067650624352,0.9391296238090816,0.5013616019810103,-0.4907427321696303,-0.5929717341482047,-0.0267379679144385
ovrbench,CryptojackingSystem,local,0.3098955000917445,0.36814714717628544,0.038069742972189236,0.2760472018306846,-0.5262335156812288,-0.5876447876447878,0.8355212355212355
oddbench,LandShapeAnomaly,global,0.00011377567518189302,0.0,0.0,0.12814642000313795,0.3939777448749018,0.45218174797271204,0.5631355386793667
ovrbench,CreditScoringAnomalies,global,0.3110184680872028,0.30710970531643755,0.19522189908215604,0.221369126216688,-0.7589762914898616,-0.944916344916345,0.5624195624195624
ovrbench,XSSDetection,global,0.00954078193437674,0.11513232519793143,0.6609194456633171,0.5611491946977367,0.5921443597201149,0.4918918918918919,-0.17966537966537968
ovrbench,NetworkHealthMonitor,local,0.10243922423680295,0.10243922423680295,0.04926824691705192,0.0652873427412882,-0.7325160335549601,-0.8271708683473391,0.8021570157636176
oddbench,OkCupidUserBehavior,global,0.046902208249947154,0.05862425783019522,0.006682708514918409,0.030389705223144423,-0.7475540741654915,-0.33532857120366166,0.6053546144934997
tsbad_m,087_SVDB_id_4_Medical_tr_5421_1st_5521.c,local,0.20323576915221922,0.22723638932030027,0.0,0.16404897193786222,-0.18187668940661603,-0.8494014673703179,0.830866263354357
ovrbench,KDD,global,0.09805236676636965,0.10101826959073623,0.11652902071900145,0.07851370888405498,-0.552093872252022,0.2913165266106443,-0.4490196078431373
tsbad_m,110_SVDB_id_27_Medical_tr_30824_1st_3092,local,0.1198084828493353,0.11370645059243997,0.016464814976534167,0.07893894440733304,-0.6635383106877714,-0.768595041322314,0.8389130130270346
oddbench,PoliceForceDisturbance,global,0.43227177347628054,0.45084103991285607,0.3542790579323244,0.34002252394130683,-0.5871299871299871,-0.6375804375804377,0.28288288288288294
tsbad_m,095_SVDB_id_12_Medical_tr_6264_1st_6364.,local,0.15281168549661506,0.14845931438467508,0.0014848209479332575,0.1061630868219455,-0.6761451183639164,-0.8781341924639305,0.859644207872251
ovrbench,WebpageSessionIntrusion,local,0.14950453309615142,0.14124194076490146,0.14950453309615142,0.1413329913011081,-0.4401107043935966,-0.31206952625662754,-0.12292444330029603
tsbad_m,142_CATSv2_id_5_Sensor_tr_30704_1st_3080,global,0.0887488425748228,0.0887488425748228,0.12875852357010992,0.08524178074400554,-0.2985842985842986,0.011068211068211068,-0.2005148005148005
ovrbench,UrlAnalysis,global,0.20255303424348303,0.0,0.7196432345030609,0.25469485942778863,0.5426014537682626,0.5613899613899613,-0.30707850707850703
oddbench,CourseRegistration,global,0.2205087500489762,0.3220633860093049,0.22576762187329075,0.27343134286088405,-0.39212569465242236,-0.6192958756471464,0.33427725576007206
tsbad_m,107_SVDB_id_24_Medical_tr_32805_1st_3290,local,0.045439320071407274,0.057564158392724184,0.0,0.040902431201025,0.27738447676663663,-0.38808083408418065,0.7858154202600077
dami,Annthyroid,global,0.33766192257972255,0.33795308062837703,0.0,0.33269703714652266,0.5351097480198547,-0.11788931788931789,0.16061776061776062
oddbench,GPUResourceUsage,local,0.5441608200850798,0.5927172080868324,0.5292207156179691,0.4868121917131881,-0.06579964436357606,-0.5322435319860985,0.32938602136697126
ovrbench,KenyaMovement,local,0.07077091152778368,0.07077091152778368,0.01759210241828836,0.04436225743687283,-0.2102960102960103,-0.46074646074646075,0.4815958815958816
tsbad_m,137_CreditCard_id_1_Finance_tr_500_1st_5,global,0.1109769287691198,0.0,0.2851539865514387,0.23471288307267138,-0.18019706857887183,0.9093951093951094,-0.6728442728442728
oddbench,DiamondClarity,local,0.9080605596735972,0.7120967220713883,0.0,0.7647332080616266,0.2817387235286298,-0.13064744497361308,0.4663405843737932
oddbench,HealthBehavior,global,0.049371564193769625,0.09072929680884796,0.0207888683526068,0.057728644895510384,-0.5002449656666921,-0.8185447180238486,0.6876750700280113
ovrbench,ShillBidding,global,0.4172257748130521,0.37097913545377914,0.0,0.42720506386001994,0.5202444614209321,0.7219251336898396,0.3689839572192513
oddbench,SalesPerformance,global,0.11741126384637379,0.11615473083945171,0.06035315984993006,0.18765847369676858,0.08288288288288288,0.1891891891891892,-0.03835263835263836
tsbad_m,139_CATSv2_id_2_Sensor_tr_5592_1st_5692.,global,0.16692918956723599,0.0003350722869657208,0.18648429650533238,0.18302593541290774,0.4408963585434174,0.1123249299719888,0.20504201680672268
oddbench,HumanRobotCollaboration,local,0.35623069344089375,0.514618211926155,0.0065361836415769314,0.4798628809877934,-0.06038831982877236,-0.0894358660755236,0.8110380675737654
oddbench,EmailSpamDetection,global,0.347560470526504,0.3607831007982551,0.5084255644630384,0.4463760138539037,-0.734853493826554,-0.06397219772392135,-0.4525096525096525
oddbench,VoteOutcome,local,0.6038971179520132,0.7911515982901443,0.10555455853759643,0.5736509986065885,-0.34279803485155297,-0.5861003861003861,0.836036036036036
tsbad_m,172_SWaT_id_2_Sensor_tr_23700_1st_23800.,local,0.03720976176057822,0.242912392665818,0.020767063983704204,0.16776912532641136,0.4950391623448733,-0.5450801221146212,0.711969111969112
ovrbench,SyntheticNumericalBatch,local,0.17479937316152622,0.19021592425064388,0.0,0.17640990798239667,-0.206732316834196,-0.24211610245848883,-0.09563650405457588
tsbad_m,092_SVDB_id_9_Medical_tr_2674_1st_2774.c,local,0.0854839333311786,0.24644778117886346,0.0,0.14772270925438372,0.31805895224610625,-0.733813875659673,0.8887887759042348
ovrbench,Run_or_walk_information,local,0.032463092023819584,0.8263749936508977,0.028169756833845483,0.6259937279854785,0.6991596638655462,-0.6585434173669468,0.6448179271708684
tsbad_m,141_CATSv2_id_4_Sensor_tr_41727_1st_4182,global,0.16424565627603893,0.0008262082818306649,0.15163815963957028,0.2391920699537432,0.5144873552106545,-0.08365508365508366,0.3191763191763192
ovrbench,FinancialTransaction1,global,0.06647798728255172,0.08761068775900427,0.06647798728255172,0.07495056082397653,-0.24777963907152636,-0.4489060489060489,-0.435006435006435
oddbench,ArtSalesPlatform,global,0.16066840378309546,0.06761124188127962,0.1030984037978637,0.09779216874852092,0.28189107839606004,0.34423274974253343,-0.24871266735324407
tsbad_m,103_SVDB_id_20_Medical_tr_12167_1st_1226,local,0.06764110180636035,0.07847106970129282,0.0,0.059796483925700875,-0.2117389625434419,-0.7943107221006565,0.6681683614364783
ovrbench,visualizing_soil,global,0.5469994029630163,0.7009333875939728,0.5769539622518834,0.5888126463329089,0.31874356333676623,-0.24897013388259526,0.44799176107106076
ovrbench,AbstractAnomalyBatch,local,0.8391621812541312,0.9210147734381384,0.8824316690073153,0.6372376981241812,-0.5446066054854114,-0.44201680672268906,-0.21436210847975554
ovrbench,GamingBehavior,local,0.4262920940970823,0.4262920940970823,0.3009563002803129,0.3428338571318695,-0.2445774648154255,-0.38404118404118404,0.7572715572715573
oddbench,GeneticAnalysis,global,0.13239896618664718,0.07128240374316423,0.05156207522543253,0.0840856420416142,-0.8212925377660029,-0.12358393408856849,-0.008496395468589085
oddbench,AxieInfinityBug,global,0.041797939123454315,0.10898974687571178,0.0776204631187842,0.08773202241735498,-0.027348662836691878,-0.07955182072829133,0.39803921568627454
oddbench,RealEstateBlockType,global,0.10280071943858707,0.0,0.01732044233409953,0.0940757202839973,0.2813152346476065,0.0067245727094424204,0.4373774166433175
oddbench,WaterPointFunctionality,local,0.09435749932870549,0.08701884157829957,0.0,0.096924628637171,0.46361790155012655,0.3596638655462185,-0.2554621848739496
oddbench,SMSClassification,global,0.2256395958449219,0.07809662933883138,0.4520885863648636,0.279377237994497,0.08542833952510957,0.29806949806949806,-0.06718146718146718
ovrbench,KPIData,local,0.12566037216603448,0.11552353084555361,0.09676018356074964,0.08228459861717474,-0.782262996941896,-0.5275229357798165,0.6223241590214067
ovrbench,ShuttleOperations,local,0.015505775878048578,0.7238256989407665,0.0,0.5324326883391666,0.7457219005634426,-0.4648648648648649,0.864092664092664
oddbench,CasePriority,global,0.0358494520687721,0.1460787473807145,0.20090210094573036,0.21187619660782064,-0.2739206238548519,-0.00952871491115117,-0.33839814576358485
tsbad_m,112_SVDB_id_29_Medical_tr_8226_1st_8326.,global,0.059164012875104574,0.07010899155579021,0.04822041738971427,0.0588132893386269,-0.13265163188121584,-0.3253957136853901,0.5091749544754166
adbench,44_Wilt,local,0.719914424078828,0.7360387711274029,0.18830805890822283,0.6091076763333486,-0.7907758948734741,-0.4127944394387951,0.8759171064487064
ovrbench,SpotifyHitPredictor,global,0.1848414089831031,0.18961113045327757,0.057203771046730745,0.19714042792981978,0.727800705626186,0.7773487773487774,0.25122265122265125
dami,Wilt,local,0.2708161161485835,0.24975512350346257,0.0,0.22177452219989663,-0.11115029421869164,-0.5332679647009385,0.5156184339543353
oddbench,TreadmillStatus,local,0.41611623229029104,0.6252022764128854,0.6528875246189886,0.49119734106264945,-0.5792127748984451,-0.5237428211234066,0.5355091749544754
ovrbench,students_dropout_and_academic_success,local,0.12692355304197586,0.14316891152305783,0.09980372521809033,0.1376726101456564,-0.32831947026870484,-0.3321964097232202,0.49395109395109404
ovrbench,MalariaDetection,global,0.4787353685972733,0.3079079894232825,0.8296380183362532,0.5705070354536572,0.20122484244193556,0.3752091646286523,-0.7755180846955849
ovrbench,GesturePhaseSegmentationProcessed,local,0.6742022580610023,0.6561448903954665,0.02072854257418638,0.5786119168695903,0.41224371600692955,-0.24185452534892907,0.2628056628056628
ovrbench,HealthMetrics,local,0.06046314099746327,0.08875168620245324,0.10019577533639565,0.06513038947827175,0.21070327822919585,0.41496217427850934,0.12216307088820398
oddbench,BugSeverity,global,0.06220284523963094,0.09932066650481107,0.003264449301134467,0.07558702211702248,0.43237014374518157,0.2296918767507003,-0.09215686274509804
tsbad_m,084_SVDB_id_1_Medical_tr_12973_1st_13073,local,0.05888458989791058,0.057992046935206265,0.03075257799683752,0.04421986635324955,-0.271206075427983,-0.7181104389239285,0.7567254472905135
oddbench,LandRarity,global,0.30255938692921014,0.23720124392182293,0.0,0.19839858942078095,-0.8888030888030889,-0.1842985842985843,0.008236808236808238
oddbench,ProgrammingAnomalies,local,0.25062136110208616,0.2617907207363741,0.21288561969129458,0.1847070498961658,-0.7044483518086013,-0.6058271466591959,0.5845356492505952
oddbench,WindowsEditionAnomaly,global,0.10788634221392279,0.11419311051177866,0.5063578553412765,0.3361743772916945,0.4163717107534356,0.7583011583011583,-0.6226512226512227
ovrbench,BankruptcyForecast,global,0.06110420328646028,0.10327279584325515,0.09815707351822059,0.0912693281219646,-0.04826565426044461,-0.48262548262548266,-0.03088803088803089
ovrbench,seismic-bumps,local,0.044951216332286256,0.09572915482692192,0.13036921452437766,0.0716871345935789,-0.5113559756891786,0.19011455785815418,0.5814133093062169
tsbad_m,143_CATSv2_id_6_Sensor_tr_50000_1st_6023,global,0.0015491156311999155,0.0005758230031283063,0.12301346266112595,0.2120829027231323,0.05378151260504201,-0.03753501400560224,0.31176470588235294
tsbad_m,104_SVDB_id_21_Medical_tr_50000_1st_1066,local,0.20794180874495322,0.23051058350022618,0.07870306489580023,0.1601468468183905,-0.20324366070279315,-0.8602136697129618,0.889818509460677
tsbad_m,108_SVDB_id_25_Medical_tr_1238_1st_1338.,local,0.17254261154815656,0.13825263437457236,0.0,0.10147634664768561,0.4696189534278824,0.22203629810786457,0.7747457845282532
oddbench,CarMakeAnomaly,local,0.04168183998380439,0.033761962491021744,0.055650448656773745,0.04540023998672858,0.29838450213055184,0.1231818766894066,0.40043763676148797
ovrbench,mozilla4,local,0.08827959834593088,0.03631471756387121,0.033047664549130176,0.055299925001220676,-0.28164692932727403,-0.2559181958257459,0.18335901386748843
oddbench,FishingAnomalies,local,0.148201343071447,0.19449794655035926,0.23018776481401967,0.18328150026889323,-0.11224926392531658,-0.3387526278906797,0.21401541695865453
oddbench,AquaticMacroInverts,global,0.4468830127490966,0.13056233937041273,0.5528517885730906,0.3910922209991209,0.2184082410918796,0.5837837837837838,-0.3464607464607465
oddbench,UserEventAnomalies,global,0.7543190459250784,0.7889438223816942,0.0,0.8454738379289213,0.3165347233863555,0.6455589801064724,0.522275147100028
oddbench,RealEstateProperties,global,0.06562445453063688,0.10993926133297473,0.06524527139136022,0.0930308403853293,0.029538124549449603,0.1345176034195111,0.1803320890719526
tsbad_m,173_GECCO_id_1_Sensor_tr_16165_1st_16265,global,0.5736869262769663,0.1662736253015733,0.6334083933655382,0.36914090076465667,-0.33032126721680477,0.7516087516087517,-0.7034749034749036
tsbad_m,053_GHL_id_22_Sensor_tr_50000_1st_126448,local,0.3164338532433026,0.3044857642068595,0.3132636314866596,0.20377925714816736,-0.5616022567605213,-0.6781512605042017,0.4316526610644258
ovrbench,HeadingDetection,local,0.0011551458671431314,0.3094769794195493,0.177038455998056,0.2694144316260906,-0.4190417984266715,-0.43398533007334966,-0.551039119804401
dami,PageBlocks,local,0.13419594120451223,0.1225264218336792,0.023661378082995455,0.12623876806375758,-0.6372743896915429,-0.32578195391942333,0.4601621830351396
adbench,27_PageBlocks,local,0.294066291473962,0.28239677210312897,0.042508006942195586,0.28771490391227444,-0.7951627527700362,-0.3754665980177629,0.014287553095636504
tsbad_m,138_CATSv2_id_1_Sensor_tr_16568_1st_1666,local,0.026366561947882783,0.026366561947882783,0.1352131564090972,0.28081834805526246,0.04066924066924067,0.06692406692406692,0.28906048906048903
oddbench,AustinCrime,local,0.11728333085911193,0.11591021182262715,0.1422382943892954,0.10128104483382094,-0.25523428781566393,-0.0214956879907324,0.2114815291543313
ovrbench,thyroid-ann,global,0.27830813979875535,0.2185908519189098,0.22772496646573295,0.21028663808782397,0.08949020068852707,0.6574229691876752,-0.14929971988795518
ovrbench,GeneExpressionCoactivator,global,0.141294518468974,0.08643198321752094,0.24475969447830812,0.13665367075704893,0.5358913559037088,0.18239155618483718,0.08482430171193203
adbench,23_mammography,global,0.10030417685424606,0.055178324062472944,0.02217790247141635,0.09408272622559702,-0.17403660758200937,-0.010038610038610039,-0.03268983268983269
