corpus,dataset,n_norm,n_anom,n_hard,frac_triv,n_eff,fp,d,dip_frac,mean_dip,bc_frac,gmm_k,silh,dip_proj_frac,dip_proj_minp,bestdir_p,eff_frac,base_rate,oracle_apnorm,truefam
ovrbench,BusinessAnomalies,2400,1988,857,0.5689134808853119,581,5|60446e6355|0ef38d6b6f,5,0.8,0.0879544274546903,0.8,15.0,0.5661777428659462,0.25,0.0,0.0,0.678,0.263,0.35,global
tsbad_m,091_SVDB_id_8_Medical_tr_500_1st_126.csv,2362,1432,718,0.4986033519553072,563,16|a29a83258c|1b5d98eb39,16,0.9375,0.0677370649185666,0.625,14.0,0.5301807531580179,0.7333333333333333,0.0,0.0,0.784,0.233,0.121,global
adbench,22_magic.gamma,2400,6688,3896,0.4174641148325358,544,10|4a09881ea8|575fcaf511,10,0.4,0.0155405137670307,0.1,12.0,0.3134283950134648,0.0,0.2889745676408278,0.9379173804391072,0.14,0.619,0.537,local
ovrbench,FakeNewsPropagation,2400,2816,1953,0.3064630681818182,544,11|6bf31891df|39d0a763ee,11,0.6363636363636364,0.0249170259410748,0.8181818181818182,13.0,0.8260957901741848,0.2333333333333333,0.0,0.0,0.279,0.449,0.404,global
ovrbench,philippine,1167,720,720,0.0,528,308|2cbad32ec2|eceeb04063,308,0.1233766233766233,0.0081906384675896,0.1136363636363636,8.0,0.2535156278404082,0.0,0.2722704516132086,1.0,0.733,0.382,0.379,global
tsbad_m,111_SVDB_id_28_Medical_tr_1791_1st_1891.,2508,1944,1131,0.4182098765432099,528,16|7f9003e9e1|aad1baee0f,16,0.8125,0.0731669292731506,0.5,12.0,0.5400724989133912,0.55,0.0,0.0,0.467,0.311,0.526,local
ovrbench,guillermo,2400,1327,1327,0.0,528,4279|6845f7fa76|8666a05398,4279,0.0074783827997195,0.0057527512578454,0.9226454779154007,11.0,0.1964056847817136,0.0,0.5926054476049643,0.5329822870850129,0.398,0.356,0.045,global
ovrbench,FinancialTransaction4,2400,2093,1830,0.1256569517439082,524,7|ec103426f2|16d630f475,7,1.0,0.0779943333333333,0.7142857142857143,13.0,0.3623878798759034,0.25,0.0,0.0,0.286,0.433,0.291,local
tsbad_m,109_SVDB_id_26_Medical_tr_1038_1st_1138.,2306,1958,1213,0.3804902962206333,523,16|9212c2d686|95d1332162,16,0.6875,0.0455051803395824,0.4375,14.0,0.5103651505737163,0.4166666666666667,0.0,0.0,0.431,0.345,0.093,global
ovrbench,SpectralImaging,2400,6422,3209,0.5003114294612271,522,60|fb901137f9|e698d0a683,60,0.8166666666666667,0.0525095679540495,0.45,11.0,0.1750686567478382,0.0333333333333333,0.0195380931022256,0.1336478863675001,0.163,0.572,0.838,global
oddbench,BarExamPrediction,2400,1038,779,0.2495183044315992,521,10|cd9649be5d|20282d5bbb,10,0.6,0.0410971798456008,0.4,15.0,0.2122229743177207,0.0,0.6001745934060707,0.9961838595546862,0.669,0.245,0.45,global
ovrbench,SolarFlare,2400,11673,6688,0.4270538850338388,520,15|9edbade8ac|05133c7e50,15,0.2,0.0129117691633519,0.9333333333333332,15.0,0.4927706398891597,0.0,0.5650084391384017,0.8557799040041671,0.078,0.736,0.447,local
ovrbench,ailerons,2400,1832,1203,0.3433406113537118,516,28|28bd355556|f6a3ba98c8,28,0.9285714285714286,0.0628562017871412,0.0,7.0,0.4932590119041763,0.0,0.5589762141431931,0.0026136125655815,0.429,0.334,0.343,global
oddbench,FinancialTransactionAnomalies,2400,1929,1826,0.053395541731467,514,5|31baa81362|64f37082d8,5,0.6,0.0165696373799588,0.8,8.0,0.2334474583002041,0.0,0.052738849993461,0.4980483672549854,0.281,0.432,0.088,global
tsbad_m,030_MITDB_id_12_Medical_tr_50000_1st_845,7314,1908,1808,0.0524109014675052,514,16|7f4755bf7f|04c2e40026,16,0.6875,0.0338376111951455,0.625,13.0,0.6189959869005058,0.4166666666666667,0.0,0.0,0.284,0.198,0.029,local
oddbench,SalesOrderPriority,2400,3932,3343,0.1497965412004069,513,7|8f71713ba9|609603e272,7,0.2857142857142857,0.0244796732944121,0.7142857142857143,15.0,0.4209909856157338,0.1166666666666666,0.0,0.9902565345020008,0.153,0.582,0.219,local
tsbad_m,093_SVDB_id_10_Medical_tr_500_1st_37.csv,2593,1723,708,0.5890887986070806,510,16|88d7b2aec2|38a9e0cc56,16,0.8125,0.0339928071029464,0.5625,11.0,0.547907276708907,0.3,0.0,0.0,0.72,0.214,0.119,local
ovrbench,NeuroSignalEEG,2400,14578,12945,0.1120181094800384,508,12|e839496a0d|5b7eab660a,12,0.4166666666666667,0.01420637362681,0.0833333333333333,1.0,0.0901054130590425,0.0,0.5637811813933526,0.927204096052702,0.039,0.844,0.649,global
ovrbench,EEGEyeState,2400,1133,1013,0.1059135039717564,506,14|137927a240|2613638929,14,0.4285714285714285,0.0137379129016993,0.7142857142857143,11.0,0.9823577338338236,0.0,0.4666821252852754,0.9945984728473422,0.5,0.297,0.809,local
tsbad_m,086_SVDB_id_3_Medical_tr_533_1st_633.csv,2636,1468,747,0.4911444141689373,506,16|ff46ecfcf2|58581c5d67,16,0.9375,0.0576404307549232,0.4375,12.0,0.5569893216861063,0.6166666666666667,0.0,0.0,0.677,0.221,0.054,global
ovrbench,jannis,2400,7706,7249,0.0593044381001816,503,54|fe8fcb6a45|c12323b8a3,54,0.1296296296296296,0.0098334318389086,0.3148148148148148,4.0,0.2275015892720169,0.0,0.3483021146529031,0.8943986832803773,0.069,0.751,0.295,global
tsbad_m,097_SVDB_id_14_Medical_tr_1031_1st_1131.,2359,2556,1182,0.5375586854460094,503,16|204617619e|0eeccb6890,16,0.8125,0.0697919466275165,0.6875,12.0,0.5810279364127918,0.45,0.0,0.0,0.426,0.334,0.075,local
ovrbench,AmazonReviewAnomalies,2400,1564,739,0.5274936061381074,503,3|25a1b6fbf5|4e508188da,3,1.0,0.0688429893601515,1.0,15.0,0.4943094636150826,0.65,0.0,0.0164018259400469,0.681,0.235,0.528,global
ovrbench,sf-police-incidents,2400,269319,253721,0.0579164485238694,501,5|c9f429b3d6|9bb3bfa55e,5,1.0,0.0286199924612347,0.8,6.0,0.2211183537693965,0.0,0.6380322011438091,0.0218012830049836,0.002,0.991,0.083,local
ovrbench,CreditCustomerData,2400,1368,1303,0.0475146198830409,498,7|7a1f554889|90634a2339,7,0.4285714285714285,0.022669377776745,0.5714285714285714,5.0,0.293275058966105,0.1,0.0,0.0,0.382,0.352,0.15,local
ovrbench,CelestialObjects2,2400,9069,1347,0.8514720476347999,497,14|95e7258530|86908407fc,14,0.4285714285714285,0.0151092633600922,0.1428571428571428,14.0,0.240392056927337,0.0,0.7601526422506729,0.994689814982296,0.369,0.359,0.474,global
oddbench,TBAnomalyDetection,2400,2079,1541,0.2587782587782588,496,3|ee1d64fdd5|684ff1680d,3,0.3333333333333333,0.0152235559996193,0.0,7.0,0.2781687795610891,0.0,0.3128893518125503,0.9939374412869324,0.322,0.391,0.337,local
tsbad_m,019_MITDB_id_1_Medical_tr_37500_1st_1032,1757,1167,1007,0.1371036846615252,496,16|37feb419f7|4972c8e1ff,16,0.4375,0.0181134804342952,0.5625,15.0,0.5109473510313107,0.1833333333333333,0.0,0.0,0.493,0.364,0.408,local
ovrbench,PsychoPrediction,2400,14736,13651,0.073629207383279,495,3|448f877cad|9d1b17d59f,3,0.6666666666666666,0.0123814027145263,1.0,9.0,0.3042561800307897,0.0166666666666666,0.0342068686041946,0.3473820724017968,0.036,0.85,0.045,global
tsbad_m,105_SVDB_id_22_Medical_tr_500_1st_417.cs,1283,1072,977,0.0886194029850746,493,16|b71bbbec8a|e268dbf4f2,16,0.8125,0.0618943269749512,0.625,14.0,0.5050063861795978,0.4,0.0,0.0,0.505,0.432,0.034,local
ovrbench,CustomerChurn2,2400,1027,941,0.0837390457643622,487,5|18b77bfe9f|ca8e150c5d,5,1.0,0.066604412568306,0.6,10.0,0.3181587398767878,0.1833333333333333,0.0,0.0,0.518,0.282,0.31,local
tsbad_m,101_SVDB_id_18_Medical_tr_1851_1st_1951.,2647,1322,615,0.5347957639939486,487,16|f88879d6c5|5d11fd7d22,16,0.8125,0.0488764372373587,0.3125,14.0,0.4918694163255906,0.5666666666666667,0.0,0.0,0.792,0.189,0.113,local
ovrbench,FinancialMetricsAnomaly,1568,875,733,0.1622857142857142,486,23|b2eebbd2b4|6d3ab4d133,23,0.1304347826086956,0.0094895337458031,0.1739130434782608,3.0,0.378717857242343,0.0,0.5382631850027538,0.0,0.663,0.319,0.09,global
ovrbench,CardiacHealth,2400,5247,3466,0.3394320564131884,486,5|4d6b8eeb73|8a95aad41e,5,1.0,0.0361766666666666,0.2,15.0,0.232352841273761,0.05,0.0001348091244911,0.9970898394388316,0.14,0.591,0.981,local
ovrbench,SensorAnomaly,2400,1248,1094,0.1233974358974359,484,10|cba95a35b0|e0055e9376,10,0.2,0.0155662503841673,0.3,5.0,0.2659276261788026,0.0333333333333333,0.0001079912973871,2.0373866699174847e-05,0.442,0.313,0.202,local
ovrbench,BCellImmunity,2400,699,559,0.2002861230329041,484,10|90aca6a6c6|97d0bde94b,10,0.4,0.0237166139020778,0.4,15.0,0.2272938728480106,0.0,0.1417753599753092,0.9561551418091144,0.866,0.189,0.221,global
oddbench,HealthPulse,2400,863,812,0.0590961761297798,483,28|c5f14a097e|c0d06c5154,28,0.6071428571428571,0.032949141499202,0.1071428571428571,6.0,0.2263887973168254,0.0,0.7106276006646846,0.99744131451911,0.595,0.253,0.085,local
oddbench,PropertyCondition,2400,5152,4886,0.0516304347826086,483,7|e3bf51bf24|004525e993,7,0.5714285714285714,0.0696650286525451,0.7142857142857143,7.0,0.3177742253863018,0.0666666666666666,0.0,0.0,0.099,0.671,0.037,local
ovrbench,HealthActivityObesity,2400,3730,3539,0.0512064343163538,482,6|2ffcb7c029|315aebd162,6,0.1666666666666666,0.0083764673178927,0.1666666666666666,7.0,0.4390566666788248,0.0,0.404333926225667,0.9455020319762708,0.136,0.596,-0.042,local
oddbench,TransactionFeeAnomalies,2400,966,941,0.025879917184265,481,3|cb1d74298f|b28d3305b9,3,1.0,0.0383425925925926,1.0,14.0,0.9923548212169928,0.6666666666666666,0.0,0.0002687449746594,0.511,0.282,0.579,local
ovrbench,TwitterEmotion,1192,670,582,0.1313432835820895,480,13|b57a957e70|9c0d747bf3,13,0.1538461538461538,0.0099053823240179,0.4615384615384615,9.0,0.1367056095139464,0.0,0.2444211535977759,0.8311762235825545,0.825,0.328,0.141,local
ovrbench,BoundingBoxClassification,2400,15088,2131,0.8587619300106044,479,4|fdd81e067e|c5abc44f01,4,0.75,0.0211367572352052,0.5,15.0,0.3621954088845066,0.2666666666666666,0.0,0.000406648641408,0.225,0.47,0.713,global
ovrbench,FootballEfficiency,2400,1049,808,0.2297426120114394,479,6|6c1c0e698f|e93b9573e2,6,0.1666666666666666,0.0143325635482174,0.0,3.0,0.1352051207427532,0.0,0.4831780183232657,0.0,0.593,0.252,0.276,local
ovrbench,malware-analysis-datasets-pe-section-hea,2400,1725,1636,0.0515942028985507,476,4|67234439b4|b4a0f751e7,4,,,,,,,,,0.291,0.405,,
oddbench,GeneticVariation,1831,1440,959,0.3340277777777777,475,6|62380386af|bc03bba8d8,6,0.5,0.0129892415102189,0.8333333333333334,10.0,0.7507985012109868,0.4166666666666667,0.0,0.0017853956019813,0.495,0.344,0.317,global
tsbad_m,140_CATSv2_id_3_Sensor_tr_28307_1st_2840,4633,1848,1687,0.0871212121212121,472,136|3babbe331d|dcb17f44a5,136,0.4328358208955223,0.0367176734348046,0.5895522388059702,15.0,0.1715399615690047,0.0,0.4730923247477879,0.0,0.28,0.267,0.556,global
adbench,35_SpamBase,1012,1679,1679,0.0,471,57|c77cdf9579|f1f90a5f0c,57,0.1578947368421052,0.0080267214856254,0.9473684210526316,15.0,0.7642969102815313,0.0,0.351189472248507,0.9965420517964116,0.281,0.624,0.733,global
dami,SpamBase,1012,1679,1679,0.0,470,57|d84b0b4c54|0b1606830c,57,0.087719298245614,0.0057352469624171,0.9473684210526316,14.0,0.7655068183406402,0.0,0.2178448395825936,0.9920872691845696,0.28,0.624,0.739,global
tsbad_m,088_SVDB_id_5_Medical_tr_500_1st_168.csv,2419,2175,1811,0.1673563218390804,467,16|0f30432f2a|a12cbb8751,16,0.75,0.0528097962923412,0.625,7.0,0.5312740009069272,0.35,0.0,0.0,0.258,0.428,0.064,local
oddbench,ProsperLoan,2400,3035,2839,0.0645799011532125,462,33|32b3994528|6220556e71,33,0.6060606060606061,0.0278651963524894,0.6363636363636364,9.0,0.2450240576674682,0.0166666666666666,0.0001319969370575,0.9971543662892732,0.163,0.542,0.104,local
tsbad_m,031_MITDB_id_13_Medical_tr_50000_1st_794,5447,723,673,0.0691562932226832,455,16|08ccebc5db|5e20546b73,16,0.625,0.0322919404832812,0.625,14.0,0.558231462785913,0.4333333333333333,0.0,0.0,0.676,0.11,0.016,local
ovrbench,JobChangePatterns,2400,2864,2712,0.053072625698324,455,3|272a61a6e2|65b768a7e7,3,0.6666666666666666,0.0534,1.0,13.0,0.4619817871422452,0.55,0.0,0.0,0.168,0.531,0.404,global
ovrbench,TrafficSensor,2400,3844,672,0.8251821019771072,451,9|660832c603|299cd8b264,9,1.0,0.0731357665689401,0.5555555555555556,13.0,0.2762253147035185,0.4333333333333333,0.0,0.0,0.671,0.219,0.714,local
ovrbench,PokemonBattle,2400,1214,1045,0.1392092257001647,450,12|7680a24e83|a29502e5a1,12,1.0,0.0345153769841269,0.0,4.0,0.1803901590584045,0.0,0.2769904195800717,0.0781532553036994,0.431,0.303,0.307,local
tsbad_m,022_MITDB_id_4_Medical_tr_50000_1st_5425,3430,927,691,0.2545846817691478,448,16|a7709dd9f8|01c99f869e,16,0.8125,0.0395577249228462,0.75,15.0,0.594108056505604,0.4166666666666667,0.0,0.0,0.648,0.168,0.094,local
ovrbench,RealEstateListings,2400,4730,4318,0.0871035940803382,446,6|677241f2ec|4d382aaae5,6,0.6666666666666666,0.0234701054345186,0.6666666666666666,14.0,0.9616753420039444,0.45,0.0,0.0271418268111811,0.103,0.643,-0.031,local
oddbench,BuildingInspections,2400,2935,1357,0.5376490630323679,446,5|3b188946d2|dd30716b7b,5,0.8,0.0794356034966539,0.8,12.0,0.6074442883957317,1.0,0.0,0.0,0.329,0.361,0.222,global
tsbad_m,026_MITDB_id_8_Medical_tr_30495_1st_3059,4824,1828,1193,0.3473741794310722,445,16|b3afad6ce1|a16442fb20,16,0.5625,0.0223486594406126,0.6875,11.0,0.5755673076327408,0.2833333333333333,0.0,0.0,0.373,0.198,0.14,local
ovrbench,ViralProteinFunction,2400,12500,9441,0.24472,442,3|197a0d681d|d1775c3a8e,3,0.3333333333333333,0.0295841399315391,1.0,13.0,0.5700061530442821,0.1,1.588094130977602e-06,0.9952952530545508,0.047,0.797,0.255,local
ovrbench,GeotechnicalAnomalies,1695,963,867,0.0996884735202492,439,6|f2de5ad006|4dbdcadc5c,6,0.3333333333333333,0.0146894867245466,0.3333333333333333,9.0,0.229431205549935,0.0,0.1759893965733175,0.0982319634744304,0.506,0.338,0.139,local
ovrbench,BreastCancer,1364,616,488,0.2077922077922078,434,4|22c1ff6d1e|c2128305f6,4,1.0,0.0465625,0.5,11.0,0.3534264392805573,0.0,0.0996655393668886,0.9753018681606238,0.889,0.263,0.146,global
tsbad_m,098_SVDB_id_15_Medical_tr_500_1st_303.cs,2732,1385,794,0.4267148014440433,434,16|6563fa3f1f|558f93cb6f,16,0.75,0.041754971958165,0.5,7.0,0.5260252088095264,0.4166666666666667,0.0,0.0,0.547,0.225,0.143,local
oddbench,ProtestViolence,2400,2686,1764,0.3432613551749814,434,7|dc32ccb551|225769a6a0,7,0.7142857142857143,0.03525738343975,0.5714285714285714,15.0,0.9335232366512988,0.25,0.0,0.1561456261709201,0.246,0.424,0.776,global
ovrbench,UserMovieInteractions,2400,5503,5122,0.0692349627475922,432,17|03800590ad|9935042533,17,0.8235294117647058,0.0348856885088279,0.4117647058823529,3.0,0.2555310002900865,0.0,0.6171720304084836,0.571476563844886,0.084,0.681,0.213,global
ovrbench,Word2VecPCA,2400,1496,1429,0.0447860962566844,431,3|a2e58e6b3f|42665341d9,3,0.3333333333333333,0.0092740028803776,0.3333333333333333,8.0,0.6604140190751789,0.0833333333333333,0.0,0.0,0.302,0.373,0.056,global
tsbad_m,085_SVDB_id_2_Medical_tr_50000_1st_54982,2674,759,487,0.3583662714097497,425,16|af52cf881f|20f91c74a4,16,0.875,0.0895819791263875,0.75,12.0,0.5834131721887086,0.5166666666666667,0.0,0.0,0.873,0.154,0.191,local
ovrbench,TextAnomalyDetection,2400,2011,1902,0.0542018896071606,424,9|c3bbd245f4|6ff2d075c6,9,0.1111111111111111,0.0063693724178081,0.5555555555555556,5.0,0.443754523851282,0.0,0.3418525704273381,0.9989166049028392,0.223,0.442,-0.031,global
ovrbench,BNG(cmc),2400,4574,4336,0.0520332313073895,421,2|4ce842962f|1e06cc7f78,2,1.0,0.0395259693727849,1.0,12.0,0.4842639478422658,0.1166666666666666,0.0,0.9346846155605254,0.097,0.644,0.168,global
oddbench,GlobalTerrorismAttack,2400,6999,6533,0.0665809401343049,415,5|35f1e9b820|8b091d5a44,5,1.0,0.0600139751552794,0.4,13.0,0.2285530958692085,0.0166666666666666,0.0,0.9877266223652936,0.064,0.731,0.099,global
tsbad_m,021_MITDB_id_3_Medical_tr_50000_1st_5759,6095,622,498,0.1993569131832797,412,16|f46167d750|a746e84ab3,16,0.75,0.037608850142135,0.75,15.0,0.4488993281891319,0.4833333333333333,0.0,4.473433455332021e-06,0.827,0.076,0.481,local
ovrbench,FICO-HELOC-cleaned,2055,846,802,0.0520094562647754,411,21|f9363c62d1|f1fe2e0094,21,0.9523809523809524,0.071075502044252,0.238095238095238,7.0,0.1329675615135707,0.0,0.5409188523118769,0.9958710931678294,0.512,0.281,0.104,local
tsbad_m,082_LTDB_id_4_Medical_tr_4456_1st_4556.c,944,1405,479,0.6590747330960854,411,16|18b41b96f3|28cfba3a61,16,0.875,0.0712308259755835,0.75,10.0,0.6004332795201316,0.55,0.0,0.0,0.858,0.337,0.23,local
oddbench,TrialBehavior,2400,1034,954,0.0773694390715667,409,3|1519f54297|d4c5d36381,3,0.0,0.0065446479939454,0.0,4.0,0.3461080229990177,0.0,0.4951734284108212,0.9983612786440366,0.429,0.284,0.124,global
ovrbench,compass,2400,1425,1329,0.0673684210526315,407,9|26e8aa9927|d528eeb1f1,9,1.0,0.0565324765063571,1.0,15.0,0.376959679130008,0.05,0.0,0.6091497326442399,0.306,0.356,0.065,local
ovrbench,KickstarterCampaigns,2400,31296,13462,0.56984918200409,405,5|d6f53ef141|8264feb246,5,0.4,0.0152806580519547,0.6,7.0,0.7810296245203276,0.0,0.0948858260264978,0.9982607251290104,0.03,0.849,0.012,local
tsbad_m,115_PSM_id_1_Facility_tr_50000_1st_12987,2170,1745,1745,0.0,404,200|48c8fcb34d|25e08e4ab5,200,0.2,0.0103824219729012,0.285,7.0,0.2753808359324612,0.0,0.4379532444022707,0.9921914667272742,0.232,0.446,0.488,global
adbench,19_landsat,2041,1333,1123,0.1575393848462115,404,36|2522061e24|0426c2e79f,36,1.0,0.0362162458397337,0.25,11.0,0.5092036062111303,0.6,0.0,0.0,0.36,0.355,0.564,local
ovrbench,SpatialAnomalies,1022,637,474,0.2558869701726844,399,14|657556dbac|78aa6fe40f,14,0.0,0.0055260621921293,0.0,2.0,0.1688723574151714,0.0,0.7486448060383748,0.9746828560414872,0.842,0.317,0.574,local
tsbad_m,099_SVDB_id_16_Medical_tr_1115_1st_1215.,2708,1650,609,0.6309090909090909,396,16|acba087765|3819470378,16,0.75,0.0256373654352286,0.5,11.0,0.537937127003188,0.3166666666666666,0.0,0.0,0.65,0.184,0.159,local
oddbench,RulePriorityAnomalies,1274,1013,798,0.2122408687068114,392,4|34bcacc8cf|b4aa8eb560,4,1.0,0.0333832207207206,0.75,13.0,0.4042702022698672,0.25,0.0,0.6425312089976487,0.491,0.385,0.108,global
oddbench,WaterChemistry,2372,854,474,0.4449648711943794,391,25|fcbaad4d8d|eefffdb70f,25,0.2,0.0085278202447258,0.76,15.0,0.5382530240364308,0.0,0.7150340611697962,0.9977709093502256,0.825,0.167,0.63,local
ovrbench,EmployeePerformance,2400,8356,6675,0.2011728099569172,387,4|49ae84ef08|05ee725652,4,1.0,0.0363280239790274,0.0,11.0,0.3035590543050142,0.0666666666666666,0.0,0.9942554303994792,0.058,0.736,0.522,local
ovrbench,SepsisMonitoring,2400,890,806,0.0943820224719101,382,12|97ef028c53|1049fd4320,12,0.8333333333333334,0.0397071313757965,0.5,12.0,0.222360233477856,0.0,0.7126175590295487,0.8531159026437338,0.474,0.251,0.103,local
tsbad_m,113_SVDB_id_30_Medical_tr_4552_1st_4652.,2587,858,437,0.4906759906759906,382,16|82b96aa883|6898ddc555,16,0.8125,0.0826922987148933,0.6875,11.0,0.6009558679611728,0.5666666666666667,0.0,0.0,0.874,0.145,0.164,global
ovrbench,BatchProcessingEvents,2400,1394,791,0.4325681492109038,380,6|52df74f087|6b08da6333,6,1.0,0.0645270172777648,1.0,14.0,0.700304003064721,0.5666666666666667,0.0,0.0,0.48,0.248,0.012,local
ovrbench,PhysicsTraining,2400,4080,3461,0.1517156862745098,377,49|0aae4229d1|35044d6706,49,0.5918367346938775,0.0311051240919355,0.5510204081632653,11.0,0.3471235234561448,0.0333333333333333,0.0025158523283841,0.0,0.109,0.591,0.037,local
ovrbench,volkert,2400,724,425,0.4129834254143646,376,147|bab883427d|edb9fcabcc,147,0.54421768707483,0.0164273266647724,0.4421768707482993,10.0,0.2891815151071975,0.0,0.761324108870245,0.6218785764866332,0.885,0.15,0.757,global
ovrbench,FireRiskAnalysis,2400,3819,3631,0.0492275464781356,373,15|6f7e704823|c6601d31e8,15,0.5333333333333333,0.0127144404043668,0.2,5.0,0.2693208287327034,0.0,0.1148731480061766,0.9930875271663872,0.103,0.602,0.131,global
adbench,30_satellite,1760,2036,699,0.656679764243615,370,36|0e45673e6e|8dd630975b,36,1.0,0.040612957066082,0.5555555555555556,9.0,0.4967521758037542,0.6833333333333333,0.0,0.0,0.529,0.284,0.442,global
oddbench,AttackIncidents,1803,550,520,0.0545454545454545,369,6|f6d8fac96d|c317a43d71,6,1.0,0.0591691238478857,0.5,13.0,0.3738472554550849,0.35,0.0,0.0,0.71,0.224,0.034,local
tsbad_m,102_SVDB_id_19_Medical_tr_50000_1st_1073,2439,860,455,0.4709302325581395,367,16|f484a0fed6|c6aeebcd59,16,0.8125,0.0495279757839546,0.5625,13.0,0.6182468441260569,0.5333333333333333,0.0,0.0,0.807,0.157,0.523,local
ovrbench,RealEstateData,1486,491,491,0.0,366,4|854d3e8102|d2ef3d8174,4,0.75,0.0252154806367088,0.75,8.0,0.2240372150745777,0.1666666666666666,0.0,0.0,0.745,0.248,0.506,global
tsbad_m,096_SVDB_id_13_Medical_tr_500_1st_444.cs,2711,656,406,0.3810975609756097,362,16|c11d4e65d3|8ba28bce92,16,0.875,0.0618332936961115,0.75,14.0,0.5268555020699656,0.4833333333333333,0.0,0.0,0.892,0.13,0.216,local
oddbench,RacingMotion,2400,2924,1998,0.3166894664842681,355,10|62a19a4964|90eba1cbfe,10,0.8,0.0440170208216921,0.5,14.0,0.2625208213474936,0.1666666666666666,0.0,0.1867059655697611,0.178,0.454,0.999,local
ovrbench,CryptojackingSystem,2400,598,415,0.3060200668896321,349,14|f360483b75|4a917de846,14,0.7857142857142857,0.032623460558634,0.7857142857142857,15.0,0.6073009450127449,0.05,0.0,0.072703581302731,0.841,0.147,0.322,local
oddbench,LandShapeAnomaly,1419,490,378,0.2285714285714285,346,11|f05318ca37|2247ecbdc6,11,0.8181818181818182,0.0486552320625164,0.5454545454545454,15.0,0.2971365033696138,0.7166666666666667,0.0,0.6681997926602676,0.915,0.21,0.175,global
ovrbench,CreditScoringAnomalies,2400,6565,6153,0.0627570449352627,346,41|b780b9fe2c|4c30e640e0,41,0.8048780487804879,0.065477630857684,0.6097560975609756,13.0,0.2679529790573858,0.0666666666666666,1.4376523788328656e-05,0.0,0.056,0.719,0.079,local
ovrbench,XSSDetection,2400,6051,5040,0.1670798215171046,340,56|e74676e78a|ba5fa3195e,56,0.5892857142857143,0.0390831222378329,0.9285714285714286,14.0,0.921128186947562,0.0,0.8584504515754462,0.9996513604884836,0.067,0.677,0.465,global
ovrbench,NetworkHealthMonitor,2400,1543,787,0.4899546338302009,337,22|3e8b950260|83fa5c6286,22,0.6363636363636364,0.0330965118931868,0.7272727272727273,10.0,0.935980608827562,0.4166666666666667,0.0,0.9923264852405254,0.428,0.247,0.021,local
oddbench,OkCupidUserBehavior,1130,415,374,0.0987951807228915,334,4|c27bf6fe81|cc5ec83a0b,4,1.0,0.043375,0.75,8.0,0.4706918559491373,0.0,0.4032349171018521,0.8976626977203356,0.893,0.249,0.082,local
tsbad_m,087_SVDB_id_4_Medical_tr_5421_1st_5521.c,2636,1128,431,0.6179078014184397,331,16|2cd70e985e|88b67419a9,16,0.875,0.0863435001388356,0.625,13.0,0.5528972486665691,0.6666666666666666,0.0,0.0,0.768,0.141,0.217,local
ovrbench,KDD,1007,459,434,0.0544662309368191,329,32|0733a2628f|7df7611f82,32,0.71875,0.0365723469442507,0.78125,11.0,0.8855570746725632,0.0,0.5272045616497789,0.0,0.758,0.301,0.058,global
tsbad_m,110_SVDB_id_27_Medical_tr_30824_1st_3092,2636,652,459,0.2960122699386503,328,16|c3f63cd328|14f5a8d683,16,0.625,0.0638970591140734,0.5,15.0,0.4787287582061934,0.4,0.0,0.0,0.715,0.148,0.1,local
oddbench,PoliceForceDisturbance,2400,2147,2034,0.0526315789473684,321,18|7476a628c5|6065ff1d62,18,1.0,0.0424619219039835,0.3333333333333333,6.0,0.2337054315701654,0.0,0.1004538806582838,0.0,0.158,0.459,0.292,local
tsbad_m,095_SVDB_id_12_Medical_tr_6264_1st_6364.,2752,644,394,0.3881987577639751,321,16|ca6e84ab92|1ff92f8c86,16,0.875,0.0664651533997998,0.8125,15.0,0.5388338904414914,0.5166666666666667,0.0,0.0,0.815,0.125,0.138,local
ovrbench,WebpageSessionIntrusion,2400,2258,1975,0.1253321523472099,308,10|0f8c24577a|5d8756ebe7,10,1.0,0.051098361453476,1.0,9.0,0.6648152280958558,0.9333333333333332,0.0,1.1675533928556805e-07,0.156,0.451,0.061,local
tsbad_m,142_CATSv2_id_5_Sensor_tr_30704_1st_3080,4159,1119,672,0.3994638069705093,305,136|9fac085f00|0ae0f18190,136,0.4477611940298507,0.0367450317659168,0.5373134328358209,8.0,0.1484252112319642,0.0,0.3239934212983693,0.0173182206252576,0.454,0.139,0.1,global
ovrbench,UrlAnalysis,1272,790,613,0.2240506329113924,305,15|d13e38ab35|982be1e539,15,0.8666666666666667,0.0419876374562119,0.6666666666666666,12.0,0.2459747029245939,0.0333333333333333,0.0014777659490489,0.0029800575731873,0.498,0.325,0.558,global
oddbench,CourseRegistration,2400,2225,2191,0.0152808988764044,301,5|8919abf7a8|16431e2c66,5,0.8,0.0357538461538461,0.8,15.0,0.8641522633185676,1.0,0.0,0.0005544158938489,0.137,0.477,0.065,local
tsbad_m,107_SVDB_id_24_Medical_tr_32805_1st_3290,2817,605,410,0.3223140495867768,299,16|695d7ebc3a|c5a559fd98,16,0.6875,0.0379857089234527,0.5,11.0,0.4882643387046994,0.3333333333333333,0.0,0.0,0.729,0.127,0.051,local
dami,Annthyroid,2400,534,349,0.3464419475655431,295,21|4973adbe0d|4f8704b40d,21,0.6190476190476191,0.0266693916202844,0.7619047619047619,15.0,0.2825010446434657,0.1,0.0,0.9867741069625148,0.845,0.127,0.361,global
oddbench,GPUResourceUsage,2400,1112,1094,0.0161870503597122,295,4|0182ef39ce|afe2cdc64b,4,1.0,0.0342510015634786,1.0,14.0,0.9459270504717792,1.0,0.0,0.0,0.27,0.313,0.475,local
ovrbench,KenyaMovement,2400,400,338,0.155,288,9|586b526fc4|24220b3b55,9,0.6666666666666666,0.0383420397338805,0.2222222222222222,13.0,0.2312947399567386,0.0333333333333333,0.0,0.980742128282498,0.852,0.123,0.077,local
tsbad_m,137_CreditCard_id_1_Finance_tr_500_1st_5,3179,1513,562,0.628552544613351,286,232|096e7c8c31|95dacdfda7,232,0.0775862068965517,0.008295783552294,0.25,7.0,0.3267157184374225,0.0,0.597539168104197,0.9721977847894324,0.509,0.15,0.362,global
oddbench,DiamondClarity,2400,1327,1211,0.0874152223059532,282,10|cff8007749|318c2c89d5,10,1.0,0.0472321768116943,0.3,13.0,0.3141484979259667,0.0166666666666666,0.0476023503214423,0.0,0.233,0.335,0.876,local
oddbench,HealthBehavior,1918,392,293,0.2525510204081632,272,6|286157d605|27543e6d45,6,0.5,0.0248896244517543,0.5,13.0,0.3423178558928926,0.0,0.2970769163030374,0.9938122836011868,0.928,0.133,0.075,global
ovrbench,ShillBidding,2259,498,276,0.4457831325301205,271,8|2355cfb829|e4d2c71183,8,1.0,0.067194559498637,0.875,14.0,0.2540054054208616,0.15,0.0,0.0,0.982,0.109,0.59,global
oddbench,SalesPerformance,1056,364,325,0.1071428571428571,267,7|4338a28257|5f2f0e56b3,7,0.8571428571428571,0.0914935716628764,0.4285714285714285,14.0,0.4176226928110522,0.25,0.0,0.0,0.822,0.235,0.436,global
tsbad_m,139_CATSv2_id_2_Sensor_tr_5592_1st_5692.,2239,451,396,0.1219512195121951,257,136|c7a51c081f|1aff6f2cae,136,0.3955223880597014,0.0366351784711053,0.5149253731343284,9.0,0.1510149484427948,0.0,0.6353566503722449,0.9276533652447408,0.649,0.15,0.357,global
oddbench,HumanRobotCollaboration,2400,1883,1728,0.0823154540626659,248,3|0515b43795|f412a5d928,3,1.0,0.0410595455041336,0.6666666666666666,7.0,0.3122186671695038,0.25,1.857632762169992e-05,0.0304735374594815,0.144,0.419,0.583,local
oddbench,EmailSpamDetection,965,481,290,0.3970893970893971,248,72|a1efd02705|4858ce8105,72,0.3611111111111111,0.0244298124203948,0.6111111111111112,10.0,0.4806109470690557,0.0,0.6049841574491611,0.9968244389023664,0.855,0.231,0.616,global
oddbench,VoteOutcome,2400,671,260,0.6125186289120715,248,8|48472d4680|b280009ef7,8,0.5,0.0155839508964205,0.625,12.0,0.9103841812699102,0.0333333333333333,0.0037161658750805,0.99216878823974,0.954,0.098,0.784,local
tsbad_m,172_SWaT_id_2_Sensor_tr_23700_1st_23800.,4701,3239,730,0.77462179685088,246,408|e234e00702|0615911de2,408,0.7549668874172185,0.0447888076294817,0.6986754966887417,14.0,0.3281682490750032,0.0,0.1082372635934234,0.0,0.337,0.134,0.329,local
ovrbench,SyntheticNumericalBatch,1976,334,317,0.0508982035928143,242,128|3737091e57|6aba1fdec6,128,0.0,0.0050225182700945,0.0,10.0,0.3351018227871933,0.0,0.7649873249672442,0.9933352306479182,0.763,0.138,0.175,local
tsbad_m,092_SVDB_id_9_Medical_tr_2674_1st_2774.c,2511,857,265,0.690781796966161,241,16|0328cedef9|361b0824f4,16,0.875,0.0834303279286226,0.8125,14.0,0.5955940349170511,0.5333333333333333,0.0,0.0,0.909,0.095,0.236,local
ovrbench,Run_or_walk_information,2400,3170,2659,0.161198738170347,240,6|53b8e98fec|03ecf595ef,6,1.0,0.0333334530229802,0.1666666666666666,13.0,0.3963953136805272,0.3833333333333333,0.0,0.3690794316465272,0.09,0.526,0.564,local
tsbad_m,141_CATSv2_id_4_Sensor_tr_41727_1st_4182,2378,413,291,0.2953995157384987,236,136|881b1cd545|0fbc1b5a24,136,0.4029850746268656,0.0367074145452701,0.5,11.0,0.1546061445849033,0.0,0.541071817363379,0.0,0.811,0.109,0.491,global
ovrbench,FinancialTransaction1,2400,388,357,0.0798969072164948,233,102|6e41f1c19f|8a1a12c0fd,102,0.3431372549019608,0.0164095175207068,1.0,15.0,0.7932656602750839,0.0333333333333333,0.0,3.96305100915928e-05,0.653,0.129,0.033,global
oddbench,ArtSalesPlatform,2400,495,424,0.1434343434343434,227,4|bd4ee9b9f9|d884ae597a,4,0.5,0.0172564276248949,1.0,14.0,0.6053785454527411,0.45,0.0,0.6241790712359832,0.535,0.15,0.198,global
tsbad_m,103_SVDB_id_20_Medical_tr_12167_1st_1226,2782,630,403,0.3603174603174603,223,16|999d926738|8b9d76384d,16,0.75,0.036678467760388,0.5,10.0,0.6293257791514186,0.2666666666666666,0.0,0.0,0.553,0.127,0.054,local
ovrbench,visualizing_soil,1902,328,234,0.2865853658536585,222,3|6075819d31|1399fa08fa,3,0.6666666666666666,0.0222559932381657,0.3333333333333333,15.0,0.4618701586462116,0.4666666666666667,0.0,9.26154153035874e-07,0.949,0.11,0.841,global
ovrbench,AbstractAnomalyBatch,2400,422,291,0.3104265402843602,222,65|270512c7fd|e346ea3b1e,65,0.0307692307692307,0.0053330442324226,0.6307692307692307,12.0,0.9647527784955904,0.0,0.7588853926721545,0.999232137135619,0.763,0.108,0.931,local
ovrbench,GamingBehavior,2000,400,311,0.2225,212,23|b33855e4d1|c550e623e9,23,0.5217391304347826,0.0131277861914084,0.6086956521739131,12.0,0.5711122679143323,0.0,0.841971937026993,0.996304471719416,0.682,0.135,0.695,local
oddbench,GeneticAnalysis,2222,296,245,0.1722972972972972,207,5|eaffda0632|a682572f4d,5,0.0,0.0050793574894215,1.0,11.0,0.4961877540010453,0.0,0.8089018125209588,0.997996838525042,0.845,0.099,0.082,global
oddbench,AxieInfinityBug,2400,332,313,0.0572289156626506,205,8|2ac85378dc|4f111cbba3,8,0.875,0.0356067510492368,0.5,15.0,0.2621172962929181,0.0333333333333333,0.0,0.0,0.655,0.115,0.078,global
oddbench,RealEstateBlockType,1005,276,228,0.1739130434782608,205,3|e495ced11a|02b7beefc8,3,0.6666666666666666,0.0316676460146137,0.3333333333333333,13.0,0.4553694320935555,0.15,0.0,0.7472976263580848,0.899,0.185,0.093,global
oddbench,WaterPointFunctionality,2400,524,511,0.0248091603053435,203,13|775833561c|fc35dbc3ae,13,0.3846153846153846,0.0221047761215822,0.3846153846153846,14.0,0.2619473613895113,0.0333333333333333,0.0,0.0,0.397,0.176,0.08,local
oddbench,SMSClassification,1931,747,237,0.6827309236947792,203,9|390eb9ab25|6a8c16178e,9,0.8888888888888888,0.0283544446629262,0.3333333333333333,15.0,0.2814973197849881,0.0166666666666666,0.0001634573552975,0.9932662409119472,0.857,0.109,0.435,global
ovrbench,KPIData,2400,386,371,0.038860103626943,202,3|498471d2ab|43a1f6eaeb,3,0.3333333333333333,0.0264439851934906,1.0,9.0,0.527055936958732,0.0833333333333333,1.0908296066092228e-05,0.7612840709365547,0.544,0.134,0.036,local
ovrbench,ShuttleOperations,2400,2573,743,0.7112320248736883,198,8|8ca85b13d1|b6f7eb66db,8,1.0,0.0518229166666666,0.75,14.0,0.4963499586306484,0.0,0.2475196818825539,0.9917725966594834,0.266,0.236,0.891,local
oddbench,CasePriority,2400,270,210,0.2222222222222222,195,27|ba2d7680f2|56163424f5,27,1.0,0.0578269623683303,0.8888888888888888,11.0,0.8853794878176792,1.0,0.0,0.0,0.929,0.08,0.28,local
tsbad_m,112_SVDB_id_29_Medical_tr_8226_1st_8326.,2828,229,229,0.0,195,16|556b0afa51|5edb223451,16,0.8125,0.0819907144541184,0.5625,13.0,0.5524125697750251,0.4166666666666667,0.0,0.0,0.852,0.075,0.06,global
adbench,44_Wilt,1825,257,252,0.0194552529182879,193,5|7a3f7b312e|32ec5bba64,5,0.0,0.0053377378840428,0.4,7.0,0.6647059661956133,0.0,0.3302250546462244,0.9502873431995104,0.766,0.121,0.671,local
ovrbench,SpotifyHitPredictor,1280,411,200,0.51338199513382,193,13|b51df97f79|e92af39e92,13,0.3076923076923077,0.0180903768659102,0.3846153846153846,7.0,0.1787254358923278,0.0,0.6700138141518794,0.9986650196963258,0.965,0.135,0.355,global
dami,Wilt,1825,257,252,0.0194552529182879,193,5|1d19441cd0|0e60b06835,5,0.0,0.0053377378840427,0.4,7.0,0.6647059661956134,0.0,0.3302250546462034,0.9502873431994892,0.766,0.121,0.173,local
oddbench,TreadmillStatus,2400,602,582,0.0332225913621262,187,7|c23303fdc0|a57217408a,7,1.0,0.046302757571607,0.2857142857142857,13.0,0.4296071049427786,0.7,0.0,0.0,0.321,0.195,0.625,local
ovrbench,students_dropout_and_academic_success,884,312,190,0.391025641025641,184,14|8ab18e83b0|529a635850,14,0.8571428571428571,0.0597374121779859,0.4285714285714285,8.0,0.6439075053733925,0.1166666666666666,9.409322186271218e-05,0.0,0.968,0.177,0.271,local
ovrbench,MalariaDetection,2400,1153,1082,0.0615784908933217,183,5|eb60e44652|0d6c64b51b,5,0.8,0.0321494310496111,1.0,11.0,0.693447790908423,1.0,0.0,0.0,0.169,0.311,0.693,global
ovrbench,GesturePhaseSegmentationProcessed,1180,569,537,0.0562390158172231,180,32|9ca071de6a|7ef1936e80,32,0.0,0.0037784209638306,0.125,8.0,0.4146517424166591,0.0,0.9725892653336712,0.9918089723608248,0.335,0.313,0.434,local
ovrbench,HealthMetrics,1945,249,209,0.1606425702811245,180,3|46f081b920|51fb44285b,3,0.3333333333333333,0.0102597887615629,0.3333333333333333,9.0,0.3756659315354327,0.0,0.1828947423865861,0.9992733946366288,0.861,0.097,0.079,local
oddbench,BugSeverity,1023,228,193,0.1535087719298245,179,22|733e2e9cf9|8c32a7501e,22,0.8636363636363636,0.071061357859294,0.2727272727272727,11.0,0.2410449439904616,0.0,0.5577623058796499,0.9835411709548342,0.927,0.159,0.107,global
tsbad_m,084_SVDB_id_1_Medical_tr_12973_1st_13073,2853,312,202,0.3525641025641026,175,16|bf7e2cfbb0|570fdd77df,16,0.875,0.065099496754877,0.6875,12.0,0.5499511341045021,0.4666666666666667,0.0,0.0,0.866,0.066,0.062,local
oddbench,LandRarity,1122,378,295,0.2195767195767195,171,7|9e2498084d|019b62a332,7,0.8571428571428571,0.0660300981698332,0.4285714285714285,14.0,0.2320812225761199,0.0833333333333333,0.0,0.0,0.58,0.208,0.15,global
oddbench,ProgrammingAnomalies,2400,271,242,0.1070110701107011,171,6|c0fc239de0|3bde561bcb,6,0.6666666666666666,0.0731293347124676,1.0,14.0,0.479929197926691,0.4333333333333333,0.0,0.0052205406843925,0.707,0.092,0.189,local
oddbench,WindowsEditionAnomaly,2400,479,181,0.6221294363256785,154,26|bbec81a04c|b5b0aeec39,26,1.0,0.0890653143927662,0.6538461538461539,7.0,0.1965236097325903,0.0,0.8235556963901783,0.9969449631763092,0.851,0.07,0.584,global
ovrbench,BankruptcyForecast,2400,203,186,0.083743842364532,150,64|89bc492a70|6add96888e,64,0.015625,0.005288770584542,0.578125,11.0,0.3380793765392836,0.0,0.5592029403860888,0.999033527244218,0.806,0.072,0.099,global
ovrbench,seismic-bumps,966,170,152,0.1058823529411764,147,6|0523a1a914|ec8e0b931a,6,0.3333333333333333,0.0110167571443053,0.6666666666666666,9.0,0.5468191817804556,0.0,0.8933413833305204,1.0,0.967,0.136,0.159,local
tsbad_m,143_CATSv2_id_6_Sensor_tr_50000_1st_6023,2417,277,212,0.2346570397111913,147,136|9d9703cf50|90deeeccd1,136,0.4253731343283582,0.0356465240785577,0.5223880597014925,14.0,0.1483164511166487,0.0,0.5918282599280735,0.0,0.693,0.081,0.4,global
tsbad_m,104_SVDB_id_21_Medical_tr_50000_1st_1066,2853,268,148,0.4477611940298507,136,16|a626674080|fc3574bf41,16,0.9375,0.0753453453642709,0.625,15.0,0.5319298127509511,0.75,0.0,0.0,0.919,0.049,0.217,local
tsbad_m,108_SVDB_id_25_Medical_tr_1238_1st_1338.,2795,565,165,0.7079646017699115,136,16|bcc96dc7f7|28e54e411e,16,0.8125,0.0356067329025407,0.1875,14.0,0.5459188623279799,0.5,0.0,0.0,0.824,0.056,0.179,local
oddbench,CarMakeAnomaly,2400,203,160,0.2118226600985221,134,4|454327b699|19f07ac182,4,0.5,0.0342825719196256,0.25,14.0,0.2889090340232809,0.0,0.5185773252949888,0.9968787968899918,0.838,0.062,0.055,local
ovrbench,mozilla4,2400,998,183,0.8166332665330661,131,4|9bec93845b|47e3ae1a31,4,0.75,0.0145191432577111,0.75,11.0,0.3689395277034247,0.05,4.565431509728768e-06,0.9941040361784024,0.716,0.071,0.066,local
oddbench,FishingAnomalies,2400,485,467,0.0371134020618556,130,3|90d079a1dc|353737b4cf,3,1.0,0.0351520158598399,1.0,13.0,0.5257340049341913,1.0,0.0,8.648978000092011e-05,0.278,0.163,0.263,local
oddbench,AquaticMacroInverts,833,469,264,0.4371002132196162,126,23|e3fe7ff184|18ad3d803e,23,0.4782608695652174,0.0196250780993735,0.4347826086956521,8.0,0.2649694393258093,0.0166666666666666,0.0283044085950894,0.9989576487815084,0.477,0.241,0.689,global
oddbench,UserEventAnomalies,2400,230,207,0.1,124,3|5a095456f9|0539941408,3,1.0,0.0406586382110259,0.0,11.0,0.4403656858352743,0.1,7.472443840805809e-06,0.0378680943749492,0.599,0.079,0.917,global
oddbench,RealEstateProperties,2400,217,131,0.3963133640552995,123,4|08768e0fef|8894146a87,4,1.0,0.0510982142857142,0.75,14.0,0.4494158082835094,0.2333333333333333,0.0,0.9049906866627564,0.939,0.052,0.176,local
tsbad_m,173_GECCO_id_1_Sensor_tr_16165_1st_16265,1690,311,141,0.5466237942122186,121,72|677b1aed5d|9ccb6ac431,72,0.6666666666666666,0.0385131011489673,0.4166666666666667,8.0,0.9492137755855438,0.0,0.6897117180213123,0.0,0.858,0.077,0.886,global
tsbad_m,053_GHL_id_22_Sensor_tr_50000_1st_126448,2500,425,421,0.0094117647058823,116,152|3a20a529b1|cb52f43196,152,,,,,,,,,0.276,0.144,0.239,local
ovrbench,HeadingDetection,2400,2865,2840,0.0087260034904013,110,7|c049f6353c|68c4914895,7,,,,,,,,,0.039,0.542,0.078,local
dami,PageBlocks,1954,510,120,0.7647058823529411,110,10|2ce062c1f8|a9b763c04e,10,0.2,0.0166615093382856,0.6,14.0,0.5926326987054646,0.0,0.6607861812898829,0.982746814283866,0.917,0.058,0.256,local
adbench,27_PageBlocks,1954,510,120,0.7647058823529411,110,10|0b7911305f|99b4eb976d,10,0.2,0.0166615093382856,0.6,14.0,0.5926326987054643,0.0,0.660786181289813,0.9827468142838728,0.917,0.058,0.416,local
tsbad_m,138_CATSv2_id_1_Sensor_tr_16568_1st_1666,1179,137,137,0.0,109,136|4efacdab71|323b9e6157,136,0.4477611940298507,0.0374798921180187,0.5597014925373134,14.0,0.1701868068105154,0.0,0.5511980862655232,1.976840052619888e-05,0.796,0.104,0.563,local
oddbench,AustinCrime,1857,204,108,0.4705882352941176,106,4|56f3362f96|d2c018b31f,4,1.0,0.0490659797388654,0.25,15.0,0.8652104190754594,1.0,0.0,0.0,0.981,0.055,0.137,local
ovrbench,thyroid-ann,1396,284,106,0.6267605633802817,102,6|4db7c8b1fd|315ce4822f,6,1.0,0.0286117724867725,0.1666666666666666,12.0,0.341612159288015,0.0,0.7330701317420918,0.7138845707065915,0.962,0.071,0.287,global
ovrbench,GeneExpressionCoactivator,1374,561,104,0.8146167557932263,101,4|563e6a4884|bae1a4d7b6,4,0.0,0.0055914710139991,0.0,6.0,0.2349214539687064,0.0,0.5399022488396139,0.9831669677069445,0.971,0.07,0.324,global
adbench,23_mammography,2400,260,110,0.5769230769230769,100,6|f9d0a63bb1|cd6970747b,6,1.0,0.0563594115627255,1.0,10.0,0.546419689181969,0.7166666666666667,0.0,0.0,0.909,0.044,0.191,global
