corpus,dataset,reg_udr,reg_matched,reg_em,reg_random,truefam
ovrbench,BusinessAnomalies,0.10498620551992566,0.0407041431136004,0.0407041431136004,0.1386530945014788,global
tsbad_m,091_SVDB_id_8_Medical_tr_500_1st_126.csv,0.07382501726114746,0.0106707876093055,0.0211784394626483,0.0408094784176332,global
adbench,22_magic.gamma,0.3371581663921732,0.0089589050178894,0.0366809270011165,0.3124227526012907,local
ovrbench,FakeNewsPropagation,0.065719097009523,0.0974896735792156,0.087826610457798,0.2492496266293316,global
ovrbench,philippine,-0.028040571556951166,0.0,0.0354917271139756,0.1929659433763379,global
tsbad_m,111_SVDB_id_28_Medical_tr_1791_1st_1891.,0.18586991979469675,0.0,0.0590325472175309,0.1286110003741787,local
ovrbench,guillermo,0.01368882296555067,0.0349298226793967,0.0110019675884529,0.0225034682831235,global
ovrbench,FinancialTransaction4,0.15396193298621139,0.0330676470216678,0.0686807017117536,0.1825392883745425,local
tsbad_m,109_SVDB_id_26_Medical_tr_1038_1st_1138.,0.10360867495176407,0.0223573619827639,0.0532846393431778,0.0705140237403027,global
ovrbench,SpectralImaging,0.14855499190505905,0.7825221884075265,0.0050666624314815,0.4920175629087152,global
oddbench,BarExamPrediction,0.17531121088423968,0.1160591280027523,0.1160591280027523,0.2010671370377948,global
ovrbench,SolarFlare,0.12015207177895548,0.1508612817329188,0.0374634820492012,0.2422800996399544,local
ovrbench,ailerons,0.06443133187668365,0.0328174912625623,0.0328174912625623,0.2039390400981167,global
oddbench,FinancialTransactionAnomalies,0.15049890567349938,0.0,0.0764641909370135,0.0962654371644856,global
tsbad_m,030_MITDB_id_12_Medical_tr_50000_1st_845,0.00991948069444196,0.0120168528916525,0.011409888079702,0.0234200228383461,local
oddbench,SalesOrderPriority,0.25642244896689537,0.0534493118915616,0.2368609037949609,0.2697328263702126,local
tsbad_m,093_SVDB_id_10_Medical_tr_500_1st_37.csv,0.17736931224730204,0.0,0.1010231088402686,0.138332587181013,local
ovrbench,NeuroSignalEEG,0.7263531084632002,0.0,0.0,0.6742411218651461,global
ovrbench,EEGEyeState,0.7677451645443173,0.0297244416556626,0.0885723273478502,0.6194390166043447,local
tsbad_m,086_SVDB_id_3_Medical_tr_533_1st_633.csv,0.03481550044847983,0.0303604406991719,0.035341915134979,0.0433298326636188,global
ovrbench,jannis,0.006265927272794403,0.0239597486087187,0.0,0.1827313836408232,global
tsbad_m,097_SVDB_id_14_Medical_tr_1031_1st_1131.,0.12503013373863914,0.0452235246691407,0.0537485790617262,0.1039832824313082,local
ovrbench,AmazonReviewAnomalies,0.13524893524342013,0.0774185049500016,0.0770936838289911,0.302200615664306,global
ovrbench,sf-police-incidents,0.0936962153760076,0.1075274516081222,0.1075274516081222,0.0757483089651064,local
ovrbench,CreditCustomerData,0.18289961638676874,0.0558221349108119,0.176468815419079,0.1075063759969401,local
ovrbench,CelestialObjects2,0.10916819961261998,0.1438238878516955,0.1438238878516955,0.2912592997734523,global
oddbench,TBAnomalyDetection,0.1466014004687616,0.0596685949192741,0.077038615723143,0.1836236069924176,local
tsbad_m,019_MITDB_id_1_Medical_tr_37500_1st_1032,0.32167435709319026,0.0231540729699823,0.0079149836725913,0.0995526118055751,local
ovrbench,PsychoPrediction,0.24530952364161696,0.0411483420179866,0.0951807542136144,0.1306335101986216,global
tsbad_m,105_SVDB_id_22_Medical_tr_500_1st_417.cs,-0.33841317904665524,0.0117628470968622,0.0105611805140076,0.0326284974385477,local
ovrbench,CustomerChurn2,0.16784957825688718,0.2801886976401918,0.1118589449992665,0.2051861235801658,local
tsbad_m,101_SVDB_id_18_Medical_tr_1851_1st_1951.,0.09435234214883335,0.0510237921195964,0.0510237921195964,0.0946060824558858,local
ovrbench,FinancialMetricsAnomaly,0.06348883349198468,0.0958678037931156,0.1294190541461748,0.0980296557314372,global
ovrbench,CardiacHealth,0.7633047444503436,0.0030992569078435,0.0,0.653474581562728,local
ovrbench,SensorAnomaly,0.20088336462187292,0.2061146974610165,0.2530773718884036,0.1694972329086632,local
ovrbench,BCellImmunity,0.2622944847815384,0.1114525268554938,0.176517289005631,0.2307494115050467,global
oddbench,HealthPulse,0.0635188235073879,0.0829267298606891,0.0829267298606891,0.0649551288226269,local
oddbench,PropertyCondition,0.16633526921770025,0.1780846322900924,0.2334999547188566,0.0911646489155182,local
ovrbench,HealthActivityObesity,0.25834569944785024,0.0530328463922018,0.2520168227091593,0.1763006641246221,local
oddbench,TransactionFeeAnomalies,0.011749161359913773,0.1955061368937751,0.8522233489756588,0.501013797714163,local
ovrbench,TwitterEmotion,0.11595815302781527,0.0367946237403984,0.0927513438303925,0.0708337016013111,local
ovrbench,BoundingBoxClassification,0.02861720308865978,0.1188303715068235,0.1188303715068235,0.1976890627007993,global
ovrbench,FootballEfficiency,0.07059429526028424,0.0706531872585269,0.0706531872585269,0.0763876254466894,local
oddbench,GeneticVariation,0.12164165781010775,0.2155218074778623,0.1854329313355248,0.1692702579767906,global
tsbad_m,140_CATSv2_id_3_Sensor_tr_28307_1st_2840,0.5616512476119578,0.1141715305875988,0.513011887173544,0.2296557848785114,global
adbench,35_SpamBase,0.015872044044188405,0.4886066661527776,0.0,0.2194027399020262,global
dami,SpamBase,0.02069025233099986,0.5339516895948642,0.0,0.3475234570577605,global
tsbad_m,088_SVDB_id_5_Medical_tr_500_1st_168.csv,0.17781388869180914,0.0,0.0684621155437663,0.1208815602770276,local
oddbench,ProsperLoan,0.05019454572054848,0.0569198309846443,0.0428830672661624,0.060215737583436,local
tsbad_m,031_MITDB_id_13_Medical_tr_50000_1st_794,0.018609399403874516,0.0029766512866344,0.0032837651068226,0.013957741156738,local
ovrbench,JobChangePatterns,0.27040831618895445,0.1807774400255177,0.3186736200144506,0.3218545916379797,global
ovrbench,TrafficSensor,0.5196884885183722,0.0400119476799081,0.0562567018248503,0.5728269467996715,local
ovrbench,PokemonBattle,0.16929855630355437,0.0947311441418079,0.0947311441418079,0.1809130544037024,local
tsbad_m,022_MITDB_id_4_Medical_tr_50000_1st_5425,0.03583823061079285,0.0337346175351222,0.0082968699933362,0.0391943618433667,local
ovrbench,RealEstateListings,0.10443491082265768,0.1440009715979066,0.1702765641852188,0.1147175850102821,local
oddbench,BuildingInspections,0.32931657279108617,0.1890461422070835,0.3185783904941562,0.2336617741814556,global
tsbad_m,026_MITDB_id_8_Medical_tr_30495_1st_3059,0.1482373612862503,0.0095313690260632,0.1048440294802519,0.1237897258482205,local
ovrbench,ViralProteinFunction,0.08027313282772056,0.2508512299709335,0.137970028508555,0.153365519123876,local
ovrbench,GeotechnicalAnomalies,0.24795605017459288,0.2828099318296662,0.0664889357997865,0.1712196906987965,local
ovrbench,BreastCancer,0.04987974407109072,0.128898241793699,0.0,0.0607586892336813,global
tsbad_m,098_SVDB_id_15_Medical_tr_500_1st_303.cs,0.14773256229671428,0.0209828166860516,0.0219689049987023,0.103605342046159,local
oddbench,ProtestViolence,0.5164037185322234,0.8650689069673555,0.0,0.6599062346869884,global
ovrbench,UserMovieInteractions,0.33545432433609756,0.3382071412758108,0.1542808185668756,0.3089381792184396,global
ovrbench,Word2VecPCA,0.12118176555140678,0.148701077065516,0.148701077065516,0.1171736517977229,global
tsbad_m,085_SVDB_id_2_Medical_tr_50000_1st_54982,0.14596497690974022,0.0027862784594125,0.1208041119486538,0.1345113909705794,local
ovrbench,TextAnomalyDetection,0.14401124601880022,0.0304377573142765,0.1110341102644589,0.0967035208685538,global
ovrbench,BNG(cmc),0.3557516654475422,0.0,0.2455088132212206,0.2745758503352018,global
oddbench,GlobalTerrorismAttack,0.48817190211244565,0.6227314669624484,0.4750211723304574,0.434395422498571,global
tsbad_m,021_MITDB_id_3_Medical_tr_50000_1st_5759,0.4310538593088329,0.0186939349863167,0.1032369741365994,0.3108003956192439,local
ovrbench,FICO-HELOC-cleaned,0.16080311233066685,0.1118140010419105,0.2116984993897921,0.0874342330225084,local
tsbad_m,082_LTDB_id_4_Medical_tr_4456_1st_4556.c,0.14764208324467887,0.0,0.0474038303615321,0.1140058299144163,local
oddbench,TrialBehavior,0.1687458900800531,0.1810947281050813,0.1629022270994806,0.1618517644665923,global
ovrbench,compass,0.1657554058803672,0.1619724184342568,0.2251850891572383,0.1046867283239043,local
ovrbench,KickstarterCampaigns,0.12320876691760368,0.1978275639294279,0.2177768427904122,0.2677542943789446,local
tsbad_m,115_PSM_id_1_Facility_tr_50000_1st_12987,0.058924670441289406,0.2013549654510677,0.1947743238556553,0.1587338174448417,global
adbench,19_landsat,0.5583791539669749,0.0036882567379893,0.159055521462475,0.4246318593137341,local
ovrbench,SpatialAnomalies,0.6028788262215369,0.0242332070023649,0.3444706978138131,0.4649006967609235,local
tsbad_m,099_SVDB_id_16_Medical_tr_1115_1st_1215.,0.15374068284798215,0.0,0.0248948614845714,0.1130896702550655,local
oddbench,RulePriorityAnomalies,0.12706800227754136,0.0048077598317112,0.010307235059453,0.1052490405876492,global
oddbench,WaterChemistry,0.4205949743468945,0.0,0.5633167528918326,0.4929150543073419,local
ovrbench,EmployeePerformance,0.48123280631466847,0.5418070193718372,0.0913918702608651,0.4773927185425589,local
ovrbench,SepsisMonitoring,0.0693097859452422,0.073573511331233,0.0605830337026139,0.0658549108985369,local
tsbad_m,113_SVDB_id_30_Medical_tr_4552_1st_4652.,0.10925195015023689,0.0836195828345937,0.0888331062521965,0.1022463927542469,global
ovrbench,BatchProcessingEvents,0.08248777402374399,0.0787113952130203,0.0787113952130203,0.0555830258738309,local
ovrbench,PhysicsTraining,0.14169202050813826,0.1634676132235675,0.1470701520083105,0.120895781512329,local
ovrbench,volkert,0.021488909237271314,0.267499754337892,0.1053885760599153,0.2996699173961554,global
ovrbench,FireRiskAnalysis,0.03438046586732152,0.0247855201537488,0.0456302974187972,0.1118480392987289,global
adbench,30_satellite,0.5084335893093102,0.1860515140258525,0.3363926552283261,0.4061393764378956,global
oddbench,AttackIncidents,0.09993505019142936,0.0346585494111412,0.0346585494111412,0.06286957930723,local
tsbad_m,102_SVDB_id_19_Medical_tr_50000_1st_1073,0.5000138925493327,0.0787247479641788,0.1060068422028998,0.3566264925021657,local
ovrbench,RealEstateData,0.6061158644662431,0.2034840212845505,0.2034840212845505,0.5181998289362074,global
tsbad_m,096_SVDB_id_13_Medical_tr_500_1st_444.cs,0.20413641410334113,0.0,0.0421764730117541,0.1331556669834549,local
oddbench,RacingMotion,0.7435639394303382,0.9391296238090816,0.9391296238090816,0.490459746005953,local
ovrbench,CryptojackingSystem,0.3093716220143148,0.0380697429721892,0.3098955000917445,0.2716755645196193,local
oddbench,LandShapeAnomaly,-0.02020702531203769,0.0,0.0,0.1243964415085515,global
ovrbench,CreditScoringAnomalies,0.3107447618084999,0.2291441220924552,0.3449406910975021,0.2533405309185063,local
ovrbench,XSSDetection,0.10189725741958022,0.6609194456633171,0.0583345731254688,0.5468507089820402,global
ovrbench,NetworkHealthMonitor,0.10441740682794781,0.0492682469170519,0.0945417471941545,0.0637069506628646,local
oddbench,OkCupidUserBehavior,0.04433174320514742,0.0390084893682385,0.0277630324242884,0.0278315292130885,local
tsbad_m,087_SVDB_id_4_Medical_tr_5421_1st_5521.c,0.20552963040927902,0.0,0.0925233696462286,0.1637469419997797,local
ovrbench,KDD,0.037830215717809285,0.0110817295035018,0.0247752507512065,0.0773777970526785,global
tsbad_m,110_SVDB_id_27_Medical_tr_30824_1st_3092,0.08211042072104037,0.0164648149765341,0.0525878652938817,0.0792496766162246,local
oddbench,PoliceForceDisturbance,0.5021635930077997,0.3709438884193876,0.5682951306523132,0.3612328839378211,local
tsbad_m,095_SVDB_id_12_Medical_tr_6264_1st_6364.,0.13544317032934342,0.0014848209479332,0.0566662926688433,0.106741708765194,local
ovrbench,WebpageSessionIntrusion,0.19496362536907397,0.1495045330961514,0.1810210701450518,0.1416872554760949,local
tsbad_m,142_CATSv2_id_5_Sensor_tr_30704_1st_3080,0.10929016397057872,0.1287585235701099,0.0942135803862977,0.0852017865424687,global
ovrbench,UrlAnalysis,0.20605364724853387,0.1491726598264051,0.1380362119837001,0.3224354720139427,global
oddbench,CourseRegistration,0.40391046016898036,0.2084009519186615,0.2084009519186615,0.2618582967479895,local
tsbad_m,107_SVDB_id_24_Medical_tr_32805_1st_3290,0.060850803546949904,0.0,0.0133291381727808,0.0413777617076715,local
dami,Annthyroid,0.2777706249015976,0.0,0.2945100225309301,0.3254153682357678,global
oddbench,GPUResourceUsage,0.46121819040114365,0.5518954438551077,0.5240533414224882,0.4932474296158925,local
ovrbench,KenyaMovement,0.07118778731919903,0.0738478743517131,0.0707709115277836,0.0449008438339795,local
tsbad_m,137_CreditCard_id_1_Finance_tr_500_1st_5,0.3131377219228595,0.2851539865514387,0.0893727616886981,0.2360300604349325,global
oddbench,DiamondClarity,0.7528720315544858,0.7507518505538945,0.7507518505538945,0.7616152295550844,local
oddbench,HealthBehavior,0.023414062322901406,0.0207888683526068,0.0032205858277651,0.0565997351430976,global
ovrbench,ShillBidding,0.14679688473243263,0.0,0.0,0.421277588107584,global
oddbench,SalesPerformance,0.1776082293799886,0.1751880959002223,0.0759950433898424,0.207372510071272,global
tsbad_m,139_CATSv2_id_2_Sensor_tr_5592_1st_5692.,0.29435399141316804,0.1864842965053323,0.2736370219023818,0.1827268650637867,global
oddbench,HumanRobotCollaboration,0.5323460805935417,0.0065361836415769,0.3459325670789209,0.4791537938591809,local
oddbench,EmailSpamDetection,0.40077490448111,0.5084255644630384,0.0,0.4464605469524467,global
oddbench,VoteOutcome,0.6100651719495348,0.1055545585375964,0.6840366008648169,0.5751436016255264,local
tsbad_m,172_SWaT_id_2_Sensor_tr_23700_1st_23800.,0.31767379599075257,0.0207670639837042,0.3075170748349979,0.1665718133322316,local
ovrbench,SyntheticNumericalBatch,0.1836669562243612,0.0,0.0861011278249573,0.1770237856278552,local
tsbad_m,092_SVDB_id_9_Medical_tr_2674_1st_2774.c,0.1963708175953126,0.0,0.0138220136343544,0.1475704536173229,local
ovrbench,Run_or_walk_information,0.83326047663696,0.0281697568338454,0.9015618754888344,0.608941909826475,local
tsbad_m,141_CATSv2_id_4_Sensor_tr_41727_1st_4182,0.3233914848183912,0.1516381596395702,0.4518951541359205,0.2347911730815503,global
ovrbench,FinancialTransaction1,0.06760523978324604,0.0573607323958331,0.0596225960401596,0.0669575429615354,global
oddbench,ArtSalesPlatform,0.15967341558724482,0.1606684037830954,0.1030984037978637,0.0978458570304735,global
tsbad_m,103_SVDB_id_20_Medical_tr_12167_1st_1226,0.07181153447973146,0.0,0.0455969496824626,0.0592905358056688,local
ovrbench,visualizing_soil,0.49744451129857925,0.5769539622518834,0.0,0.5915000100925323,global
ovrbench,AbstractAnomalyBatch,0.8708124675643968,0.8715851259910832,0.8703356990163809,0.635291181365085,local
ovrbench,GamingBehavior,0.3954126923541715,0.3946529307284655,0.4257380093034006,0.3436428076078102,local
oddbench,GeneticAnalysis,0.09865967137887625,0.0515620752254325,0.0992455741226042,0.0839291863494945,global
oddbench,AxieInfinityBug,0.014227538476371274,0.0438662765944231,0.0582486894724592,0.1015635736577794,global
oddbench,RealEstateBlockType,-0.001111664410525473,0.0416784785662833,0.0269014632970379,0.0941111352938706,global
oddbench,WaterPointFunctionality,0.0949009267062122,0.0,0.057722718544473,0.0983268687768923,local
oddbench,SMSClassification,0.08348477632568041,0.0711914003176689,0.0711914003176689,0.2782235435915583,global
ovrbench,KPIData,0.10941127466159734,0.0967601835607496,0.0849885755914275,0.0823290819489503,local
ovrbench,ShuttleOperations,0.7389237720837165,0.0,0.0370964158832183,0.5366643405160895,local
oddbench,CasePriority,0.08056294546140322,0.1283025771709303,0.1283025771709303,0.1480413220106277,local
tsbad_m,112_SVDB_id_29_Medical_tr_8226_1st_8326.,0.06223726342731344,0.0482204173897142,0.0575784454311765,0.0589250544704125,global
adbench,44_Wilt,0.7073035821266176,0.4456969079747201,0.4456969079747201,0.6118896830192945,local
ovrbench,SpotifyHitPredictor,0.1262631142967062,0.0572037710467307,0.0572037710467307,0.1967027527221076,global
dami,Wilt,0.2093035821266176,0.2303594905587133,0.1807377541580447,0.2224007376179487,local
oddbench,TreadmillStatus,0.4441662873256822,0.6528875246189886,0.3148853787350399,0.4912878406631267,local
ovrbench,students_dropout_and_academic_success,0.10976357226879754,0.0998037252180903,0.1287160289158748,0.1368790902144458,local
ovrbench,MalariaDetection,0.4630329783344549,0.8296380183362532,0.4276087138514206,0.5825029657747258,global
ovrbench,GesturePhaseSegmentationProcessed,0.680507715900599,0.0207285425741863,0.6914854017655763,0.5838293632852867,local
ovrbench,HealthMetrics,0.049060526221348794,0.0536770383378201,0.0536770383378201,0.0650824154528947,local
oddbench,BugSeverity,0.0572105817182124,0.0032644493011344,0.0032644493011344,0.0759617686727246,global
tsbad_m,084_SVDB_id_1_Medical_tr_12973_1st_13073,0.0553453528623598,0.0307525779968375,0.0071715982983185,0.0446803114784557,local
oddbench,LandRarity,0.19776091151547176,0.0,0.0,0.1969051324238885,global
oddbench,ProgrammingAnomalies,0.25526170990797076,0.2649048115216901,0.2594299078250727,0.1891000490574879,local
oddbench,WindowsEditionAnomaly,-0.011531493021369243,0.5063578553412765,0.3975653241787671,0.3319080305490998,global
ovrbench,BankruptcyForecast,0.07486345174496471,0.0981570735182205,0.0788614397883365,0.0923444362090993,global
ovrbench,seismic-bumps,0.026533184034621682,0.0460497526063253,0.0449512163322862,0.0708501732685331,local
tsbad_m,143_CATSv2_id_6_Sensor_tr_50000_1st_6023,0.37946491457231146,0.1230134626611259,0.4060237831255109,0.2098608733800438,global
tsbad_m,104_SVDB_id_21_Medical_tr_50000_1st_1066,0.21393859491565154,0.0787030648958002,0.0,0.1602184340163341,local
tsbad_m,108_SVDB_id_25_Medical_tr_1238_1st_1338.,0.16567875393695938,0.0,0.0261445507923017,0.1025463218282806,local
oddbench,CarMakeAnomaly,0.04065687021834297,0.039685457467702,0.0556504486567737,0.0461922393002101,local
ovrbench,mozilla4,0.07346197542769944,0.0330476645491301,0.076614856097649,0.0557094956295056,local
oddbench,FishingAnomalies,0.2089494625937914,0.2301877648140196,0.2289508342761375,0.1831085193270378,local
oddbench,AquaticMacroInverts,0.06568880852449499,0.0706137724712425,0.0,0.3982236923730295,global
oddbench,UserEventAnomalies,0.8044624900537315,0.0,0.8864770996239905,0.8451462922585516,global
oddbench,RealEstateProperties,0.057093961157128295,0.0644179678908998,0.0644179678908998,0.0909923598957783,local
tsbad_m,173_GECCO_id_1_Sensor_tr_16165_1st_16265,0.49542764189409266,0.6334083933655382,0.1749010053159304,0.375221221328782,global
tsbad_m,053_GHL_id_22_Sensor_tr_50000_1st_126448,0.2952979383100347,0.3132636314866596,0.3074514841449061,0.206161897434268,local
ovrbench,HeadingDetection,0.3403238360980501,0.3503255600962376,0.335013777256415,0.2576595080799982,local
dami,PageBlocks,0.12873034128811892,0.103491753314262,0.1341959412045122,0.1246679434605939,local
adbench,27_PageBlocks,0.2887303412881189,0.0425080069421955,0.294066291473962,0.2894162880208307,local
tsbad_m,138_CATSv2_id_1_Sensor_tr_16568_1st_1666,0.5454729466332096,0.1352131564090972,0.5313608242965928,0.2725377894574212,local
oddbench,AustinCrime,0.11389859576133168,0.1422382943892954,0.0446149521414836,0.10145813322169,local
ovrbench,thyroid-ann,0.03561161481022462,0.2823223535447199,0.2823223535447199,0.2105008558448232,global
ovrbench,GeneExpressionCoactivator,0.0667736165330926,0.0498150206483333,0.0076298564280398,0.1392561598054191,global
adbench,23_mammography,0.09202594580528439,0.0221779024714163,0.0978864693785729,0.0928505748064063,global
