dataset,truefam,base_rate,f1_apnorm,det_apnorm,gap_ap,f1_auc,det_auc,gap_auc,f1_recall10
001_UCR_Anomaly_DISTORTED1sddb40_35000_52000_52620.txt,local,0.07928727125834995,0.3974854193497895,0.466404452783983,0.06891903343419353,0.7164561681502539,0.7858726067058933,0.06941643855563939,0.4418604651162791
009_UCR_Anomaly_DISTORTEDCIMIS44AirTemperature5_4000_4852_4900.txt,global,0.06482603427384452,0.7020087652670498,0.6851320546547249,-0.016876710612324874,0.8939179632248939,0.8724924313159607,-0.02142553190893326,0.8571428571428571
013_UCR_Anomaly_DISTORTEDECG3_15000_16000_16100.txt,local,0.0260416666666666,0.11482160533496276,0.38238369716887327,0.2675620918339105,0.7342245989304813,0.8093582887700533,0.07513368983957203,0.4
014_UCR_Anomaly_DISTORTEDECG3_8000_17000_17100.txt,local,0.0260416666666666,0.42783543570064353,0.5093995085592248,0.08156407285858125,0.7890374331550801,0.75222816399287,-0.03680926916221017,0.5
020_UCR_Anomaly_DISTORTEDGP711MarkerLFM5z2_5000_7175_7388.txt,local,0.10539186527607033,0.03755596757148107,0.16433029297959106,0.12677432540810998,0.5780228758169934,0.6461652521705199,0.06814237635352649,0.11764705882352941
026_UCR_Anomaly_DISTORTEDInternalBleeding15_1700_5684_5854.txt,local,0.1296296296296296,0.3185383444176608,0.5622231308553199,0.24368478643765912,0.743161094224924,0.8442249240121581,0.10106382978723405,0.5
035_UCR_Anomaly_DISTORTEDInternalBleeding8_2500_5865_5974.txt,local,0.1071518350930115,0.13849427802010783,0.1655804781209734,0.02708620010086557,0.6523476523476524,0.6800582929615188,0.02771064061386641,0.36363636363636365
036_UCR_Anomaly_DISTORTEDInternalBleeding9_4200_6599_6681.txt,global,0.0939278937381404,0.17731789302806092,0.11738332177974072,-0.059934571248320204,0.6177248677248677,0.5479604027991125,-0.06976446492575517,0.2222222222222222
043_UCR_Anomaly_DISTORTEDMesoplodonDensirostris_10000_19280_19440.txt,local,0.0434782608695652,0.5717587498535183,0.28945982435651446,-0.2822989254970038,0.8274582560296846,0.7808441558441559,-0.046614100185528695,0.7142857142857143
052_UCR_Anomaly_DISTORTEDTkeepThirdMARS_3500_4711_4809.txt,local,0.06637426900584789,0.3908844566314502,0.6464118621021954,0.25552740547074515,0.7992857142857143,0.8863447350771295,0.08705902079141525,0.4
058_UCR_Anomaly_DISTORTEDapneaecg_10000_12240_12308.txt,local,0.016461465206448502,0.15797104473703585,0.5243697886863794,0.3663987439493436,0.7887029288702928,0.8308401459212377,0.042137217050944864,0.625
059_UCR_Anomaly_DISTORTEDgait1_20000_38500_38800.txt,local,0.044033328073066265,0.03206083937256975,0.19298164641494722,0.1609208070423775,0.6214167465365513,0.6473554507886619,0.025938704252110534,0.21739130434782608
060_UCR_Anomaly_DISTORTEDgait2_22000_46500_46800.txt,local,0.044033328073066265,0.021684982436573342,0.23601303604501322,0.21432805360843987,0.6005053585431733,0.6959752051685001,0.09546984662532676,0.21739130434782608
062_UCR_Anomaly_DISTORTEDgaitHunt1_18500_33070_33180.txt,local,0.021554613179340633,0.3252832525555593,0.19806879213411657,-0.12721446042144272,0.8260156676990345,0.9024816843130096,0.07646601661397512,0.6363636363636364
063_UCR_Anomaly_DISTORTEDgaitHunt2_18500_31200_31850.txt,local,0.08267018095189817,0.27640734835275105,0.26399410423477454,-0.012413244117976507,0.6124248496993988,0.7492236204075562,0.13679877070815738,0.3111111111111111
072_UCR_Anomaly_DISTORTEDltstdbs30791ES_20000_52600_52800.txt,local,0.0310479695150765,0.19216413313220979,0.2464746936071849,0.05431056047497512,0.8181362725450901,0.766837014725569,-0.05129925781952116,0.4375
073_UCR_Anomaly_DISTORTEDpark3m_60000_72150_72495.txt,local,0.04767974748854287,0.1235747991989412,0.20888700512737815,0.08531220592843695,0.6339879759519038,0.7165107362784472,0.08252276032654338,0.36
078_UCR_Anomaly_DISTORTEDresperation1_100000_110260_110412.txt,local,0.0253741914400409,0.6029397795173949,0.607680070074375,0.004740290556980109,0.9369508247263759,0.9527698486252701,0.015819023898894224,0.8461538461538461
086_UCR_Anomaly_DISTORTEDsddb49_20000_67950_68200.txt,local,0.03861119425321753,0.1781719231566207,0.20837976367897773,0.030207840522357032,0.6200803212851406,0.6870058029689607,0.06692548168382018,0.35
089_UCR_Anomaly_DISTORTEDtiltAPB1_100000_114283_114350.txt,local,0.015853440006746065,0.07766094516451294,0.17713341800499538,0.09947247284048244,0.8143863179074446,0.8578809523809524,0.043494634473507765,0.5
093_UCR_Anomaly_NOISE1sddb40_35000_52000_52620.txt,local,0.07928727125834995,0.3978208263333735,0.4702697614072504,0.0724489350738769,0.6808034673999162,0.7894938513744902,0.10869038397457409,0.4418604651162791
097_UCR_Anomaly_NOISEGP711MarkerLFM5z3_5000_5948_5993.txt,local,0.044777754948291136,0.16827980438566004,0.6288857325695404,0.46060592818388035,0.7363374880153404,0.9152295152295151,0.17889202721417474,0.42857142857142855
099_UCR_Anomaly_NOISEInternalBleeding6_1500_3474_3629.txt,local,0.1203703703703703,0.4874014428013259,0.6690058861813877,0.18160444338006176,0.7886639676113361,0.8817813765182185,0.09311740890688247,0.5384615384615384
102_UCR_Anomaly_NOISEMesoplodonDensirostris_10000_19280_19440.txt,local,0.0434782608695652,0.5727039942937946,0.3252564321424243,-0.24744756215137031,0.8712894248608534,0.805504019789734,-0.06578540507111941,0.7142857142857143
103_UCR_Anomaly_NOISETkeepThirdMARS_3500_4711_4809.txt,local,0.06637426900584789,0.4504938911813264,0.7948778367060924,0.344383945524766,0.6642857142857144,0.9197518443997318,0.2554661301140174,0.6
106_UCR_Anomaly_NOISEgaitHunt2_18500_31200_31850.txt,local,0.08267018095189817,0.06384927556256036,0.3296756111952055,0.2658263356326451,0.5868180806056558,0.784253755763796,0.1974356751581402,0.24444444444444444
107_UCR_Anomaly_NOISEinsectEPG3_5200_7000_7050.txt,global,0.0534351145038167,0.46993501632992746,0.1693047868112927,-0.3006302295186347,0.8352534562211982,0.7331029185867894,-0.10215053763440873,0.7142857142857143
117_UCR_Anomaly_CIMIS44AirTemperature5_4000_4852_4900.txt,global,0.06482603427384452,0.6716370133246745,0.7514034728250514,0.07976645950037686,0.9024045261669024,0.8853521206462381,-0.017052405520664227,0.8571428571428571
121_UCR_Anomaly_ECG3_15000_16000_16100.txt,local,0.0260416666666666,0.4200053927928642,0.4000459854777833,-0.01995940731508089,0.7858288770053476,0.9196969696969696,0.13386809269162192,0.5
122_UCR_Anomaly_ECG3_8000_17000_17100.txt,local,0.0260416666666666,0.4439677238012087,0.4469048186775626,0.0029370948763539073,0.7846256684491979,0.8799465240641711,0.09532085561497317,0.6
151_UCR_Anomaly_MesoplodonDensirostris_10000_19280_19440.txt,local,0.0434782608695652,0.5733905610383777,0.3159534338029631,-0.2574371272354146,0.8399814471243042,0.7867965367965368,-0.0531849103277674,0.7142857142857143
157_UCR_Anomaly_TkeepFirstMARS_3500_5365_5380.txt,local,0.0340136054421768,0.22059183272989855,0.3938100397255327,0.17321820699563414,0.7267605633802817,0.9422535211267608,0.21549295774647903,0.4
160_UCR_Anomaly_TkeepThirdMARS_3500_4711_4809.txt,local,0.06637426900584789,0.4852900649392047,0.8670629076277777,0.38177284268857303,0.7157142857142857,0.9677531857813547,0.25203890006706897,0.5
166_UCR_Anomaly_apneaecg_10000_12240_12308.txt,local,0.016461465206448502,0.23327490496419953,0.4411418206715658,0.2078669157073663,0.8684623430962343,0.8654656733473981,-0.002996669748836167,0.75
167_UCR_Anomaly_gait1_20000_38500_38800.txt,local,0.044033328073066265,0.15042025045656124,0.3692434666344599,0.21882321617789866,0.618192907554239,0.7603325766835458,0.14213966912930687,0.2608695652173913
168_UCR_Anomaly_gait2_22000_46500_46800.txt,local,0.044033328073066265,0.07125895688294596,0.35892093836566447,0.2876619814827185,0.5808138015160756,0.7673695361154764,0.18655573459940078,0.21739130434782608
170_UCR_Anomaly_gaitHunt1_18500_33070_33180.txt,local,0.021554613179340633,0.45776364921349777,0.4887220788501559,0.030958429636658125,0.7842958644561852,0.9751790191067299,0.19088315465054473,0.6363636363636364
171_UCR_Anomaly_gaitHunt2_18500_31200_31850.txt,local,0.08267018095189817,0.2745822391162654,0.5610041778884148,0.28642193877214944,0.6738810955243821,0.9110592890078834,0.23717819348350122,0.4222222222222222
181_UCR_Anomaly_park3m_60000_72150_72495.txt,local,0.04767974748854287,0.24045330366804124,0.4281159746082448,0.18766267094020356,0.6096993987975952,0.8546054082998662,0.24490600950227104,0.24
197_UCR_Anomaly_tiltAPB1_100000_114283_114350.txt,local,0.015853440006746065,0.588124593418431,0.22829148358030749,-0.35983310983812355,0.8282193158953722,0.8047891156462584,-0.023430200249113797,0.625
207_UCR_Anomaly_CHARISten_3165_26929_26989.txt,local,0.0139263323922753,0.35609077435429176,0.2323313396168398,-0.12375943473745196,0.8004032258064516,0.8437098213433698,0.04330659553691818,0.5714285714285714
221_UCR_Anomaly_STAFFIIIDatabase_45616_163632_164852.txt,local,0.13957532572926787,0.25529196646075003,0.2500615399045571,-0.005230426556192935,0.6866077834681709,0.7022036789131837,0.01559589544501283,0.4074074074074074
223_UCR_Anomaly_mit14046longtermecg_74123_131200_131700.txt,global,0.06550238759037477,0.7729784070421538,0.7853343615960388,0.01235595455388494,0.9398797595190381,0.9377567412507171,-0.002123018268321064,0.8857142857142857
228_MGAB_id_4_Synthetic_tr_25000_1st_38948.csv,local,0.06941887428852503,0.17153853847464978,0.2421350378744648,0.07059649939981502,0.6364728364728366,0.6638980711269868,0.027425234654150255,0.24324324324324326
229_MGAB_id_5_Synthetic_tr_25000_1st_33098.csv,local,0.059311417234554874,0.04646769376051359,0.22541210667078074,0.17894441291026714,0.5794625845870837,0.709536893421374,0.1300743088342904,0.1935483870967742
230_MGAB_id_6_Synthetic_tr_25000_1st_42441.csv,local,0.07514467951787283,0.03197831978316325,0.382713870063261,0.3507355502800978,0.5967479674796747,0.7545314887409343,0.1577835212612596,0.175
244_UCR_Anomaly_tilt12754table_100013_104630_104890.txt,global,0.04035887706685303,0.5278001312681885,0.19484699455270948,-0.332953136715479,0.8922607118999903,0.8015346465225983,-0.09072606537739203,0.9047619047619048
248_UCR_Anomaly_weallwalk_2000_4702_4707.txt,local,0.0458715596330275,0.7461180124215782,0.5443000725150229,-0.20181793990655528,0.9596153846153845,0.9019230769230769,-0.0576923076923076,0.8
302_Power_id_1_Facility_tr_7685_1st_7785.csv,global,0.24981273408239701,0.24328402887474174,0.1878118029858441,-0.055472225888897636,0.6437105147932695,0.6161872207026223,-0.027523294090647132,0.2671232876712329
314_UCR_id_12_HumanActivity_tr_16250_1st_38500.csv,local,0.044033328073066265,0.033260112771652965,0.18545830465145216,0.1521981918797992,0.6234207545525834,0.6350362609859729,0.011615506433389489,0.21739130434782608
345_UCR_id_43_Facility_tr_25000_1st_44630.csv,global,0.04035887706685303,0.13837438344036507,0.10962030638332572,-0.02875407705703935,0.8990361675732417,0.6823233250462165,-0.21671284252702516,0.7619047619047619
368_UCR_id_66_Facility_tr_50000_1st_125720.csv,local,0.08267018095189817,0.16854937869489886,0.38632805376754115,0.21777867507264229,0.8012024048096191,0.8057997322623828,0.004597327452763644,0.4666666666666667
381_UCR_id_79_HumanActivity_tr_16000_1st_31200.csv,local,0.08267018095189817,0.05638274366968086,0.32460285017221874,0.26822010650253786,0.5880650189267425,0.7721801576677079,0.1841151387409654,0.2222222222222222
430_UCR_id_128_HumanActivity_tr_12500_1st_46500.csv,local,0.042199626682385305,0.05872873040311966,0.20949510281046527,0.1507663724073456,0.5853525232282748,0.7359650724108556,0.15061254918258082,0.2727272727272727
433_UCR_id_131_Facility_tr_50000_1st_106720.csv,local,0.08267018095189817,0.07578053804839506,0.25223672936794994,0.17645619131955487,0.6105321754620352,0.6916637513015024,0.08113157583946717,0.2222222222222222
461_UCR_id_159_Medical_tr_45096_1st_131200.csv,global,0.06550238759037477,0.7828879270306178,0.7860301727708293,0.003142245740211491,0.9373604351560263,0.9377184165232357,0.00035798136720943674,0.8571428571428571
529_UCR_id_227_Facility_tr_19948_1st_52000.csv,local,0.07928727125834995,0.40025910985097124,0.46800914688035683,0.06775003702938559,0.6820151931770518,0.8029875470875751,0.1209723539105233,0.4418604651162791
867_OPPORTUNITY_id_26_HumanActivity_tr_808_1st_908.csv,local,0.25,0.9999999999986607,0.994541910331384,-0.005458089667276789,1.0,0.9983841181902124,-0.001615881809787556,1.0
AbstractAnomalyBatch,local,0.108675799086758,0.24053082745131993,0.8868916070786822,0.6463607796273623,0.7699075654152445,0.9817496670799467,0.2118421016647022,0.3583617747440273
ArchaeologicalAnomalies,local,0.2478260869565217,0.0075744636143104845,0.2596825895705568,0.2521081259562463,0.49744342391818963,0.7511408579251597,0.2536974340069701,0.11016949152542373
ArtCollections,local,0.0196850393700787,0.08157867468384356,0.28242552576943675,0.2008468510855932,0.7685156249999999,0.809630187416332,0.041114562416332046,0.625
AustinCrime,local,0.1469237832874196,0.28197712240364664,0.21187911134198514,-0.0700980110616615,0.7191371058558559,0.7645945461069251,0.04545744025106924,0.5049019607843137
BCellImmunity,global,0.2283142389525368,0.06002150476910766,0.2852019412133893,0.22518043644428165,0.5690167381368826,0.7393204787587848,0.17030374062190223,0.17024320457796852
BarExamPrediction,global,0.1974683544303797,0.34257314074989736,0.42416455256063573,0.08159141181073837,0.7582064297800339,0.8159502218387602,0.05774379205872626,0.3942470389170897
BaseballBattedBall,global,0.2170900692840646,0.37062763480083727,0.36599396317549177,-0.0046336716253455035,0.7909467546417063,0.8437310403983348,0.052784285756628524,0.5263157894736842
BaseballPitchingAnomalies,global,0.0711743772241993,0.9981221598492329,0.32048538847564045,-0.6776367713735925,0.9998563218390805,0.7994252873563218,-0.20043103448275867,1.0
BatchProcessingEvents,local,0.24977043158861337,0.4468371744158975,0.3268935484003643,-0.11994362601553321,0.6631195244055068,0.6459000827993376,-0.017219441606169172,0.4330413016270338
BrainEEGSignals,local,0.2491467576791808,0.1720291967806829,0.5415929285713339,0.369563731790651,0.6215753424657534,0.7884184308841843,0.16684308841843087,0.2602739726027397
BuildingEnergyCompliance,global,0.1867572156196944,0.18347304623263536,0.20289593933596425,0.019422893103328898,0.6911178591763142,0.6873157461883975,-0.0038021129879166615,0.2727272727272727
BuildingInspections,global,0.2495934959349593,0.18199703625244115,0.4074213692633371,0.22542433301089596,0.6565604114452799,0.7633619305409001,0.10680151909562019,0.09774436090225563
BusTracking,local,0.2494331065759637,0.24155430757033006,0.7699810875288099,0.5284267799584799,0.6720026350461132,0.8882358326467088,0.21623319760059556,0.3217391304347826
BusinessAnomalies,local,0.2497801231310466,0.3075290350948631,0.3709366416348323,0.06340760653996919,0.6147254380475595,0.7842673469500081,0.16954190890244858,0.36795994993742176
BusinessProcessFraud,global,0.1359325605900948,0.4036353660083501,0.7401078681455987,0.3364725021372486,0.8749441236729373,0.9127119178168526,0.03776779414391529,0.7384615384615385
CardiacHealth,local,0.2497861420017108,0.3411203129532405,0.9670237659219385,0.625903452968698,0.6920058927826449,0.9836082431285567,0.29160235034591175,0.4355444305381727
CelestialObjects2,global,0.24955908289241624,0.817574290408347,0.34289715385250036,-0.4746771365558466,0.9690429197994989,0.8206073641624417,-0.14843555563705713,0.993734335839599
CityTreeCondition,local,0.17204301075268807,0.17306022272035074,0.22845303549207374,0.055392812771723005,0.5671076766967178,0.730489417989418,0.16338174129270022,0.3013698630136986
CodeSmell,global,0.2494117647058823,0.1908373466621783,0.1428499128248024,-0.047987433837375915,0.5596197919727331,0.6067260109224976,0.04710621894976441,0.3487394957983193
CodeStrata,local,0.1085271317829457,0.13959620893723007,0.2854834264904052,0.14588721755317513,0.6420460809172087,0.8252587991718426,0.18321271825463392,0.425531914893617
Contaminant-detection-in-packaged-cocoa-hazelnut-spread-jars-using-Microwaves-Sensing-and-Machine-Learning-10.5GHz(Urbinati),local,0.25,0.11949227240861904,0.18775657409190236,0.06826430168328332,0.6002585463947142,0.6539756944444445,0.05371714804973027,0.2711864406779661
CropWeedDetection,local,0.2490272373540856,0.0,0.133485115846135,0.133485115846135,0.47611565053425525,0.6726306131260795,0.19651496259182427,0.05813953488372093
CryptojackingSystem,local,0.2497918401332223,0.07043778868256839,0.308150441988466,0.23771265330589758,0.5878261614438627,0.7322061906523616,0.1443800292084989,0.1705685618729097
CustomerChurn2,local,0.2497998398718975,0.22651130561886604,0.2658883216651278,0.03937701604626179,0.643578692115144,0.7536030612337977,0.11002436911865376,0.37546933667083854
DiabetesMetrics,global,0.25,0.5922147972859304,0.3328461307286002,-0.2593686665573302,0.9003906250000001,0.8376204648526078,-0.06277016014739234,0.5803571428571429
DiamondClarity,local,0.25,0.16987147509066527,0.7591846794576541,0.5893132043669889,0.7142796875,0.9111556807695308,0.19687599326953076,0.14875
DragonFlySystem,global,0.2464788732394366,0.04462758189766663,0.41823854979039926,0.3736109678927326,0.5570363588110402,0.7392078326657766,0.18217147385473642,0.12101910828025478
EEGEyeState,local,0.25,0.16072597775993588,0.6864206121112718,0.5256946343513359,0.6376270833333332,0.882148371624079,0.24452128829074582,0.2525
ElectronicCommerceAnomalies,local,0.24817518248175183,0.30716444967272133,0.27447043818351535,-0.032694011489205976,0.6729574773053034,0.7232057871692366,0.05024830986393314,0.3076923076923077
EmailSpamDetection,global,0.25,0.6808795983026692,0.5135206533582451,-0.16735894494442405,0.8640298651562449,0.8180295138888889,-0.04600035126735602,0.7080745341614907
EmployeePerformance,global,0.24955116696588867,0.10423890590520093,0.305368648489823,0.20112974258462205,0.6373665935672514,0.7267592624465021,0.08939266887925068,0.18421052631578946
EnvironmentalConcernSurvey,global,0.2494577006507592,0.41904366303185375,0.25112388715539735,-0.1679197758764564,0.7306484041216386,0.7138560777414761,-0.01679232638016248,0.4217391304347826
FakeNewsPropagation,global,0.25,0.32211843006250385,0.3128353381303876,-0.009283091932116239,0.7738619791666667,0.798206439780189,0.024344460613522356,0.30875
FinancialTransaction4,local,0.25,0.1158400799585211,0.18925720242311203,0.07341712246459094,0.6379757812499999,0.6852760032914366,0.04730022204143669,0.18125
FishingAnomalies,local,0.1251980982567353,0.04626961168413482,0.17944841226811137,0.13317880058397655,0.5062287414965987,0.7052337491591757,0.199005007662577,0.18658892128279883
FootballEfficiency,local,0.2497831743278404,0.25436981729741315,0.3945075312506577,0.14013771395324454,0.6542300271172299,0.7630981053307643,0.10886807821353439,0.31539424280350437
FraudEventLog,global,0.1740576496674057,0.2644270063773384,0.5055445544511392,0.2411175480738008,0.7611241217798594,0.8297966628193619,0.06867254103950249,0.5074074074074074
GPUPowerProfile,local,0.0947867298578199,0.09755488260300793,0.25947879220611164,0.1619239096031037,0.7041884816753927,0.8698080279232112,0.1656195462478185,0.0
GPUResourceUsage,local,0.239903069466882,0.08237295723671945,0.26845234982266625,0.1860793925859468,0.6756720607661822,0.7464573709703005,0.07078531020411827,0.13606340819022458
GamingBehavior,local,0.2275,0.7704517759285796,0.7209634055861299,-0.049488370342449683,0.9130467599410899,0.9491473407331013,0.036100580792011394,0.8475
GeneticAnalysis,global,0.1918505942275042,0.2526165742505048,0.11921430645228735,-0.13340226779821746,0.6521028847612649,0.6355661733720036,-0.01653671138926127,0.28040540540540543
GesturePhaseSegmentationProcessed,local,0.2493638676844783,0.06275674788716165,0.34635186157718945,0.28359511369002777,0.6158822639225181,0.7114867981090741,0.09560453418655601,0.1096938775510204
GlobalTerrorismAttack,global,0.2497831743278404,0.17937489617252128,0.11287015521955816,-0.06650474095296312,0.6780723299958281,0.624258724041961,-0.05381360595386708,0.15644555694618273
GroceryErrorDept,global,0.1548556430446194,0.5131355782933567,0.4388526722423,-0.07428290605105664,0.7603840850233747,0.8302606414710322,0.06987655644765745,0.6424242424242425
HeadingDetection,local,0.249546279491833,0.2153461997802438,0.11575540942124143,-0.09959079035900237,0.6931263053467002,0.5971668315561907,-0.09595947379050951,0.043859649122807015
HeatVulnerability,global,0.2446808510638297,0.7639413795463301,0.4733465507524976,-0.2905948287938325,0.8844983376233376,0.7848540518473158,-0.0996442857760218,0.8275418275418276
HomicideCircumstance,local,0.0806142034548944,0.11648893123715559,0.17514831049561005,0.058659379258454464,0.6733376651505306,0.818437883156046,0.14510021800551542,0.26666666666666666
HospitalReadmissions,local,0.0368574199806013,0.26972149202253054,0.25377848522605156,-0.015943006796478976,0.7767302042768328,0.8773078214165828,0.10057761713975,0.4878048780487805
HumanRobotCollaboration,global,0.2495667244367417,0.0566678848892146,0.2354882846888551,0.1788203997996405,0.545391081871345,0.7207306902745702,0.17533960840322516,0.12781954887218044
ImageSegmentation,local,0.24855491329479762,0.3515388089344707,0.3215582766030876,-0.029980532331383092,0.7107166815742397,0.7964221824686941,0.08570550089445439,0.46511627906976744
JobChangePatterns,global,0.2495446265938069,0.2757150663980998,0.30205352982052863,0.02633846342242885,0.6967274958228906,0.7263423334042001,0.02961483758130945,0.43107769423558895
JobMarket,local,0.2339055793991416,0.22244310045997404,0.8249830313102251,0.602539930850251,0.6719219798010948,0.9452625086731942,0.27334052887209936,0.3119266055045872
KickstarterCampaigns,global,0.249546279491833,0.46887362214118367,0.3073133551839032,-0.16156026695728049,0.8678399122807018,0.7830698765160676,-0.08477003576463416,0.7130325814536341
LandRarity,global,0.2493297587131367,0.14403670640370186,0.1789182906505611,0.03488158424685925,0.7301066173483772,0.7072100614439325,-0.022896555904444726,0.13672922252010725
LandShapeAnomaly,global,0.25,0.23930389685539097,0.20935908262417566,-0.02994481423121531,0.6052217936283033,0.6875049873918734,0.08228319376357007,0.3594080338266385
MalariaDetection,global,0.249597423510467,0.6444540661463904,0.5152900546481826,-0.1291640114982079,0.9204848057644109,0.8647214915316813,-0.05576331423272962,0.893483709273183
MalwareHardwareMetrics,local,0.25,0.5306608790680436,0.5303636604002399,-0.00029721866780374473,0.7181500000000001,0.7958668594533541,0.07771685945335405,0.61125
MissingInformation1,local,0.25,0.8260707552522473,0.41514408618573695,-0.4109266690665103,0.9346425100076929,0.78822353696674,-0.14641897304095297,0.8698884758364313
MolecularAnomalies1,global,0.24829931972789107,0.3166887457058942,0.4093412349441023,0.09265248923820807,0.7275028580761065,0.8241699208661335,0.09666706279002701,0.3717948717948718
MusicGenreAnomaly,local,0.0806045340050377,0.30907114079954623,0.7838959218951178,0.4748247810955716,0.8603167808219178,0.949486301369863,0.08916952054794525,0.59375
NetworkHealthMonitor,local,0.24979184013322234,0.4559963509757981,0.45497240789698873,-0.001023943078809375,0.6532475490196079,0.721934887162412,0.06868733814280414,0.4780976220275344
NeuroSignalEEG,global,0.2497753818508535,0.0303989897858467,0.3649035465692956,0.33450455678344887,0.5212591259908219,0.7621318514051034,0.2408727254142815,0.1376720901126408
OrbitalAnomalies,global,0.248730964467005,0.7585106311868123,0.7445170258442556,-0.01399360534255667,0.9675862247943321,0.9336849604706746,-0.033901264323657476,1.0
PatientSurvival1,global,0.2491103202846975,0.4374567366080578,0.42883093313694204,-0.008625803471115745,0.7276463262764633,0.8029338749717897,0.07528754869532639,0.589041095890411
PerformanceBenchmark,global,0.2483660130718954,0.4013315253959712,0.6227470061953019,0.22141548079933066,0.7436694635900509,0.797044241037376,0.053374777447325106,0.24468085106382978
PokemonBattle,local,0.2071846282372598,0.3062422339066139,0.2190516705370242,-0.08719056336958972,0.6947527910685807,0.7136827673725596,0.018929976303978968,0.41148325358851673
PoliceArrestFraud,global,0.0766283524904214,0.08095036746105169,0.34779583257936864,0.26684546511831697,0.7762448132780082,0.7611687413554634,-0.015076071922544787,0.1
PoliceForceDisturbance,local,0.249767008387698,0.261122565015439,0.11853060215244204,-0.14259196286299697,0.68478175844806,0.6688019529680789,-0.015979805479981124,0.2853566958698373
ProtestViolence,global,0.25,0.650058444102395,0.6845528076875779,0.034494363585182874,0.9150515625,0.9247128766914786,0.009661314191478643,0.75625
RacingMotion,local,0.2495164410058027,0.23141586955252938,0.9890358912532656,0.7576200217007363,0.671186821219716,0.9956495244945257,0.32446270327480975,0.29197994987468673
RealEstateData,global,0.2494949494949495,0.00339847589719873,0.3329415512751761,0.3295430753779774,0.5027481808642222,0.856291650546804,0.35354346968258177,0.09775967413441955
Run_or_walk_information,local,0.2497978981406629,0.09817367549564206,0.547177955116544,0.44900427962090195,0.47799462870254483,0.7933138507607037,0.3153192220581589,0.3692115143929912
SalesPerformance,global,0.25,0.3315551464754244,0.3528135264924955,0.021258380017071088,0.7653694257920111,0.8235964043847567,0.058226978592745615,0.34375
ScientificMeasurement,local,0.2483660130718954,0.22545284471204644,0.8206987169140457,0.5952458722019993,0.6014648549478271,0.8912280701754386,0.2897632152276115,0.32894736842105265
SensorAnomaly,local,0.2495921696574225,0.21514150917240737,0.19139698694249846,-0.023744522229908915,0.6010354010025063,0.5791228568722174,-0.02191254413028887,0.2869674185463659
ShuttleOperations,local,0.25,0.6844970152763565,0.8538137003728311,0.16931668509647457,0.7890283854166668,0.9825067281814687,0.1934783427648019,0.67375
SolarFlare,global,0.24977856510186,0.43188511842095423,0.37072162701514677,-0.06116349140580746,0.7281526387150605,0.7736734574258751,0.04552081871081459,0.5331664580725908
SpatialAnomalies,local,0.2496328928046989,0.18025949684463782,0.40862940503765177,0.22836990819301395,0.6193047081846437,0.755235792947316,0.13593108476267235,0.2323529411764706
SpeechAnalysis,global,0.208992506244796,0.8540245020893974,0.5259160800547172,-0.32810842203468016,0.9356039695057834,0.8874928356748445,-0.0481111338309389,0.8438485804416404
SpotifyHitPredictor,global,0.2497055359246172,0.5409960315966731,0.4339622730456987,-0.10703375855097441,0.7075090871479652,0.7666439580186211,0.05913487087065583,0.5669099756690997
SyntheticNumericalBatch,local,0.2497998398718975,0.0796077095826888,0.21472423901235924,0.13511652942967045,0.6287440074984627,0.6719304426748396,0.04318643517637688,0.17065868263473055
SystemFailureCases,local,0.2492581602373887,0.4347558067782034,0.3566940899797248,-0.07806171679847862,0.7526238167101111,0.7970308676830417,0.04440705097293052,0.4873096446700508
SystemPerformance2,local,0.1875571820677035,0.8771178721338446,0.6498214143428721,-0.22729645779097252,0.9005384199134201,0.8495916648355673,-0.050946755077852846,0.8766233766233766
TBAnomalyDetection,global,0.2495164410058027,0.25855624641820196,0.3084061742236104,0.04984992780540842,0.6597170008354218,0.7234792482484882,0.06376224741306635,0.3283208020050125
TrafficSensor,local,0.1795606494746895,0.823485631193503,0.7170575708672576,-0.10642806032624541,0.9204976190476191,0.9164354890644738,-0.004062129983145257,0.8152380952380952
TreadmillStatus,local,0.2245901639344262,0.2107647227617696,0.5395186960227925,0.32875397326102285,0.6572533326511885,0.8932108815193182,0.2359575488681297,0.3023255813953488
TrialBehavior,global,0.2497952497952498,0.06621190533292474,0.1052307877951801,0.03901888246225535,0.5700443262411348,0.652756102799055,0.08271177655792028,0.15269086357947434
UrlAnalysis,global,0.2492877492877493,0.6330396662025858,0.49598989630895224,-0.13704976989363354,0.8663792139855137,0.8573561037318154,-0.009023110253698285,0.7440758293838863
UserEventAnomalies,global,0.1002759889604415,0.4134731706536003,0.8306423531709236,0.4171691825173233,0.875484496124031,0.9935413969719143,0.11805690084788334,0.24782608695652175
UserTrackingAnomalies,local,0.25,0.06761880129122688,0.42063158078431356,0.3530127794930867,0.5270660957081338,0.7841395817586294,0.2570734860504956,0.20481927710843373
ViralProteinFunction,global,0.25,0.12970290550629626,0.33012781564786386,0.2004249101415676,0.6255494791666667,0.6825787572038579,0.057029278037191156,0.2625
VoteOutcome,local,0.0723809523809523,0.6966224749717019,0.6686865569158238,-0.02793591805587814,0.8451637700534761,0.9547669224395693,0.1096031523860932,0.8128342245989305
WaterChemistry,local,0.2495711835334476,0.5434149024996486,0.6942669816216918,0.15085207912204313,0.8682810866958623,0.9128862706594666,0.044605183963604245,0.5297845373891001
WaterMeterAnomaly,local,0.24193548387096772,0.24227678658447632,0.9733638018750286,0.7310870152905522,0.7764387510879025,0.9972754137115839,0.2208366626236814,0.02741514360313316
WebTrafficError,global,0.1772925764192139,0.8462244442217329,0.291586264441901,-0.5546381797798319,0.94167412923599,0.8326256192498231,-0.10904850998616689,0.9284064665127021
WellMetrics,local,0.1434262948207171,0.5438552890337757,0.6119285013511221,0.06807321231734642,0.9045219638242894,0.9006890611541772,-0.0038329026701121593,0.5833333333333334
XSSDetection,global,0.2429378531073446,0.616749964583785,0.4094323988516764,-0.20731756573210852,0.8904483225108225,0.8203288257336951,-0.07011949677712737,0.8467532467532467
ZookeeperLogs,local,0.1144414168937329,0.0,0.30690146078557146,0.30690146078557146,0.5030692204301075,0.8406471306471306,0.3375779102170231,0.01935483870967742
ailerons,global,0.24953617810760662,0.4866432859324356,0.3409301474075655,-0.1457131385248701,0.7690021929824561,0.7485590391858629,-0.020443153796593228,0.5238095238095238
madeline,local,0.24940617577197152,0.08406830408114274,0.15296001784840285,0.06889171376726011,0.5738364263865232,0.6598653807514566,0.08602895436493341,0.19170984455958548
mozilla4,local,0.2497952497952498,0.44988276443675607,0.5671808273798685,0.11729806294311246,0.793581560283688,0.8152122557090701,0.021630695425382096,0.16896120150187735
ozone-level-8hr,local,0.25,0.15398006607486894,0.1576903594414087,0.0037102933665397464,0.661953125,0.6003378197938364,-0.06161530520616365,0.26875
philippine,global,0.2493573264781491,0.32727583933404314,0.23611899336321499,-0.09115684597082815,0.7292356822940131,0.6849874076166267,-0.04424827467738646,0.4793814432989691
students_dropout_and_academic_success,local,0.2495755517826825,0.4268479765150999,0.3484434368652399,-0.07840453964986005,0.8042024502108536,0.7560460081468485,-0.048156442064005045,0.46598639455782315
