dataset,truefam,reg_random,reg_best_fixed,reg_iforest_random,reg_em,reg_mv,reg_consensus,reg_model_centrality,reg_hits,reg_beta1,reg_betaext,reg_matched
001_UCR_Anomaly_DISTORTED1sddb40_35000_52000_52620.txt,local,0.2624017577269866,0.007805596898444012,0.40272704881508864,0.4067280482608891,0.06653040670190391,0.4067280482608891,0.4067280482608891,0.4067280482608891,0.015442679670940374,0.06653040670190391,0.015442679670940374
009_UCR_Anomaly_DISTORTEDCIMIS44AirTemperature5_4000_4852_4900.txt,global,0.23050104764128176,0.30374131194993176,0.012974859554171991,0.3332112573383456,0.27359207557152165,0.02161382507547116,0.02161382507547116,0.02161382507547116,0.5638151972337652,0.5638151972337652,0.5638151972337652
013_UCR_Anomaly_DISTORTEDECG3_15000_16000_16100.txt,local,0.2502919635735468,0.14388445680061543,0.31408819094240575,0.0,0.0,0.3020481675598171,0.3020481675598171,0.3020481675598171,0.2977447245311257,0.0,0.2977447245311257
014_UCR_Anomaly_DISTORTEDECG3_8000_17000_17100.txt,local,0.3249197253742604,0.07894779743338692,0.34748096534188566,0.06338299036319966,0.06338299036319966,0.3434700276700813,0.3434700276700813,0.3434700276700813,0.3139639106073845,0.3139639106073845,0.3139639106073845
020_UCR_Anomaly_DISTORTEDGP711MarkerLFM5z2_5000_7175_7388.txt,local,0.14854933420851418,0.01940014161804257,0.16834391693327533,0.16927207466298588,0.16927207466298588,0.18976938290410425,0.18976938290410425,0.18976938290410425,0.03266657270795861,0.16927207466298588,0.03266657270795861
026_UCR_Anomaly_DISTORTEDInternalBleeding15_1700_5684_5854.txt,local,0.3306630279848591,0.13385370083775366,0.3518087512857142,0.0027030839589154976,0.0027030839589154976,0.353241681478105,0.353241681478105,0.353241681478105,0.0,0.0,0.0
035_UCR_Anomaly_DISTORTEDInternalBleeding8_2500_5865_5974.txt,local,0.11460042615664946,0.13243264624021003,0.11711975457665849,0.05705867442221722,0.05705867442221722,0.10952971266704911,0.10952971266704911,0.10952971266704911,0.05705867442221722,0.05705867442221722,0.05705867442221722
036_UCR_Anomaly_DISTORTEDInternalBleeding9_4200_6599_6681.txt,global,0.10646287338460733,0.13935996629318848,0.12148434903139155,0.142010194042256,0.142010194042256,0.11242708639847863,0.12686258305544965,0.11242708639847863,0.142010194042256,0.142010194042256,0.142010194042256
043_UCR_Anomaly_DISTORTEDMesoplodonDensirostris_10000_19280_19440.txt,local,0.15005481375362498,0.051130140310613276,0.21827715195145642,0.22066350855866246,0.22066350855866246,0.22066350855866246,0.22066350855866246,0.22066350855866246,0.1669942849851091,0.0,0.1669942849851091
052_UCR_Anomaly_DISTORTEDTkeepThirdMARS_3500_4711_4809.txt,local,0.5146004702174005,0.28335722299955945,0.5672826754783871,0.5665487677975828,0.0,0.5665487677975828,0.5665487677975828,0.5665487677975828,0.0,0.4166566622491763,0.0
058_UCR_Anomaly_DISTORTEDapneaecg_10000_12240_12308.txt,local,0.39984642329168624,0.1370841094996081,0.5012194936193753,0.14519920246548318,0.14519920246548318,0.5005854898518592,0.5005854898518592,0.5005854898518592,0.0,0.14519920246548318,0.0
059_UCR_Anomaly_DISTORTEDgait1_20000_38500_38800.txt,local,0.13003087480857073,0.03347657662784859,0.1838849363689495,0.0,0.0,0.18595554093453176,0.18595554093453176,0.18595554093453176,0.0,0.0,0.0
060_UCR_Anomaly_DISTORTEDgait2_22000_46500_46800.txt,local,0.15929768145282716,0.04598350041254265,0.22497740932328222,0.020189765169289414,0.020189765169289414,0.2256376439504438,0.2256376439504438,0.2256376439504438,0.041419979264898266,0.020189765169289414,0.041419979264898266
062_UCR_Anomaly_DISTORTEDgaitHunt1_18500_33070_33180.txt,local,0.12789642632177192,0.07306207105444995,0.1199365982115101,0.018356026470550513,0.018356026470550513,0.11757536682568523,0.11757536682568523,0.11757536682568523,0.03261889970697074,0.018356026470550513,0.03261889970697074
063_UCR_Anomaly_DISTORTEDgaitHunt2_18500_31200_31850.txt,local,0.1854761722412805,0.11644005049392106,0.23015198665249953,0.0,0.0,0.22397807694748162,0.22397807694748162,0.22397807694748162,0.09466960523671408,0.0,0.09466960523671408
072_UCR_Anomaly_DISTORTEDltstdbs30791ES_20000_52600_52800.txt,local,0.15656257106736604,0.05815366403520744,0.19586492877039413,0.08763673467444136,0.08763673467444136,0.19990314964819195,0.19990314964819195,0.19990314964819195,0.128770274835027,0.128770274835027,0.128770274835027
073_UCR_Anomaly_DISTORTEDpark3m_60000_72150_72495.txt,local,0.1642688984832768,0.11592855078835419,0.19546321622013554,0.026453047640444455,0.026453047640444455,0.1944197202326905,0.1944197202326905,0.1944197202326905,0.026453047640444455,0.026453047640444455,0.026453047640444455
078_UCR_Anomaly_DISTORTEDresperation1_100000_110260_110412.txt,local,0.30029795743990595,0.08714763282301052,0.25738973765904666,0.036937847053865824,0.036937847053865824,0.25110944090271325,0.25110944090271325,0.25110944090271325,0.0797010310607319,0.0,0.0797010310607319
086_UCR_Anomaly_DISTORTEDsddb49_20000_67950_68200.txt,local,0.14090167707107693,0.02320058792758764,0.1933018632052843,0.03909690711890601,0.03909690711890601,0.19383174546449872,0.19383174546449872,0.19383174546449872,0.0192274378827913,0.0,0.0192274378827913
089_UCR_Anomaly_DISTORTEDtiltAPB1_100000_114283_114350.txt,local,0.14874592666519829,0.11306558718815819,0.16908789992832396,0.10826734567534654,0.10826734567534654,0.1685137411950231,0.1685137411950231,0.1685137411950231,0.0,0.10826734567534654,0.0
093_UCR_Anomaly_NOISE1sddb40_35000_52000_52620.txt,local,0.2706598450677569,0.019609219490560215,0.40908384430296163,0.4102411456841805,0.40615240588004986,0.41085798134465445,0.41085798134465445,0.41085798134465445,0.0,0.06805046901450201,0.0
097_UCR_Anomaly_NOISEGP711MarkerLFM5z3_5000_5948_5993.txt,local,0.49700708004569316,0.10815039489255485,0.6261396371072193,0.6277044539838548,0.6314189500160152,0.626494909218786,0.6314189500160152,0.626494909218786,0.0,0.6314189500160152,0.0
099_UCR_Anomaly_NOISEInternalBleeding6_1500_3474_3629.txt,local,0.2420108385095413,0.1259234024557362,0.18074381154314123,0.0,0.0,0.21211740454007066,0.21211740454007066,0.21211740454007066,0.005031316853980727,0.005031316853980727,0.005031316853980727
102_UCR_Anomaly_NOISEMesoplodonDensirostris_10000_19280_19440.txt,local,0.1487638934078037,0.07142804825476534,0.22743825191859085,0.21285688851876466,0.21285688851876466,0.21285688851876466,0.21285688851876466,0.21285688851876466,0.24158036568862884,0.21457968539009575,0.24158036568862884
103_UCR_Anomaly_NOISETkeepThirdMARS_3500_4711_4809.txt,local,0.6042871777873908,0.20689352392191018,0.6975210002637061,0.40040103071255057,0.40040103071255057,0.6902066009674799,0.6902066009674799,0.6902066009674799,0.0,0.40040103071255057,0.0
106_UCR_Anomaly_NOISEgaitHunt2_18500_31200_31850.txt,local,0.206729021313678,0.06552109537662315,0.2463759341419673,0.0022703518348097806,0.0022703518348097806,0.2430071460067209,0.2430071460067209,0.30296328414941726,0.0,0.0022703518348097806,0.0
107_UCR_Anomaly_NOISEinsectEPG3_5200_7000_7050.txt,global,0.12398422224590677,0.17227993607893122,0.11615883714548492,0.16782668589630195,0.16516102431159807,0.11694258733562893,0.11694258733562893,0.11694258733562893,0.17110425742721508,0.17110425742721508,0.17110425742721508
117_UCR_Anomaly_CIMIS44AirTemperature5_4000_4852_4900.txt,global,0.15751649781326316,0.20156046935699035,0.017709162211548946,0.1366485748683467,0.1366485748683467,0.03126991434339488,0.03126991434339488,0.03126991434339488,0.3724978184271536,0.3724978184271536,0.3724978184271536
121_UCR_Anomaly_ECG3_15000_16000_16100.txt,local,0.22483865235024805,0.06276417651454402,0.2632465251822902,0.0,0.0,0.2355746069576566,0.2355746069576566,0.2355746069576566,0.34190113297757513,0.0,0.34190113297757513
122_UCR_Anomaly_ECG3_8000_17000_17100.txt,local,0.2833542979837571,0.042344016412335206,0.3238153671791137,0.0,0.0,0.32678352003950495,0.32678352003950495,0.32678352003950495,0.2281313281450876,0.0,0.2281313281450876
151_UCR_Anomaly_MesoplodonDensirostris_10000_19280_19440.txt,local,0.16591826632825482,0.07232709793287834,0.22717295825249756,0.22889599528668092,0.22344696920931562,0.22344696920931562,0.22344696920931562,0.22344696920931562,0.24019227851331443,0.0056507152990810106,0.24019227851331443
157_UCR_Anomaly_TkeepFirstMARS_3500_5365_5380.txt,local,0.30829136725019696,0.13128383801499988,0.3531138146471134,0.22371228146246339,0.22371228146246339,0.35071139819803765,0.35071139819803765,0.20634988167225826,0.07895067888210955,0.3293203016773818,0.07895067888210955
160_UCR_Anomaly_TkeepThirdMARS_3500_4711_4809.txt,local,0.6865705325857004,0.3516879449691652,0.7832989601223522,0.7779518667334727,0.8107306576396738,0.7779518667334727,0.7779518667334727,0.8169748367553287,0.0,0.48348133496621026,0.0
166_UCR_Anomaly_apneaecg_10000_12240_12308.txt,local,0.33260606723080655,0.11134278296522404,0.4247012336668501,0.0,0.0,0.4252043506249535,0.4252043506249535,0.4252043506249535,0.10998871740444893,0.0,0.10998871740444893
167_UCR_Anomaly_gait1_20000_38500_38800.txt,local,0.25979980450140555,0.06100510060036013,0.33760934282034566,0.11420975710777415,0.11420975710777415,0.3363653612895194,0.3363653612895194,0.3363653612895194,0.0,0.11420975710777415,0.0
168_UCR_Anomaly_gait2_22000_46500_46800.txt,local,0.2545161537011995,0.01816104035421595,0.32956806441475905,0.12790332829446244,0.12790332829446244,0.3320536150173772,0.3320536150173772,0.3320536150173772,0.03761675149796795,0.11877998633317391,0.03761675149796795
170_UCR_Anomaly_gaitHunt1_18500_33070_33180.txt,local,0.308439948178196,0.20056709605329415,0.2819978020064573,0.03417394775865562,0.03417394775865562,0.28895077844148975,0.28895077844148975,0.28895077844148975,0.009516537380635681,0.03417394775865562,0.009516537380635681
171_UCR_Anomaly_gaitHunt2_18500_31200_31850.txt,local,0.3594558375840299,0.1387143895742859,0.38494525478284813,0.13256544638977863,0.13256544638977863,0.3816111953767294,0.3816111953767294,0.3816111953767294,0.03727197390592729,0.13256544638977863,0.03727197390592729
181_UCR_Anomaly_park3m_60000_72150_72495.txt,local,0.28825104769037624,0.04120766209166682,0.33635699682110676,0.07944798936474168,0.07944798936474168,0.3418217048261235,0.3418217048261235,0.3418217048261235,0.07253835334956232,0.07944798936474168,0.07253835334956232
197_UCR_Anomaly_tiltAPB1_100000_114283_114350.txt,local,0.1818020877473981,0.15992875171711468,0.20957044620925624,0.03270859410208038,0.03270859410208038,0.2047844768110617,0.2047844768110617,0.2047844768110617,0.03667512296583997,0.03667512296583997,0.03667512296583997
207_UCR_Anomaly_CHARISten_3165_26929_26989.txt,local,0.11232532500593258,0.017440901563899852,0.20858005108028005,0.01579307950014583,0.01899694173832933,0.20404239393508766,0.20404239393508766,0.20404239393508766,0.027861725276998678,0.01899694173832933,0.027861725276998678
221_UCR_Anomaly_STAFFIIIDatabase_45616_163632_164852.txt,local,0.13013444818880548,0.0,0.14779746355560364,0.09839941946297787,0.09839941946297787,0.15358910131206926,0.15358910131206926,0.15358910131206926,0.06446769615282813,0.09839941946297787,0.06446769615282813
223_UCR_Anomaly_mit14046longtermecg_74123_131200_131700.txt,global,0.6051105250135633,0.48123695281524065,0.6868347158320873,0.6652528163362235,0.6652528163362235,0.6767005542260911,0.6767005542260911,0.6767005542260911,0.5555336841155842,0.6652528163362235,0.5555336841155842
228_MGAB_id_4_Synthetic_tr_25000_1st_38948.csv,local,0.19749759414862245,0.10612390570596453,0.22794248167657538,0.18001536972674329,0.18001536972674329,0.22913336498765022,0.22913336498765022,0.22913336498765022,0.0,0.18001536972674329,0.0
229_MGAB_id_5_Synthetic_tr_25000_1st_33098.csv,local,0.19545322838941612,0.11788920473443752,0.2223284267911178,0.16249727304305506,0.16249727304305506,0.22268440656670452,0.22268440656670452,0.22268440656670452,0.0,0.16249727304305506,0.0
230_MGAB_id_6_Synthetic_tr_25000_1st_42441.csv,local,0.3402249519474246,0.22597416325541295,0.3908071477499028,0.3196109500329038,0.3196109500329038,0.3900722900957819,0.3900722900957819,0.3900722900957819,0.0,0.3196109500329038,0.0
244_UCR_Anomaly_tilt12754table_100013_104630_104890.txt,global,0.12874054399223656,0.0061998215007670054,0.16239206923330077,0.15812457984989392,0.10573333684188335,0.15812457984989392,0.15812457984989392,0.16371156314001123,0.10573333684188335,0.10573333684188335,0.10573333684188335
248_UCR_Anomaly_weallwalk_2000_4702_4707.txt,local,0.4492143674173411,0.2856563583916142,0.4858508974383303,0.49007198170144306,0.49007198170144306,0.4965342948747975,0.4965342948747975,0.4965342948747975,0.0,0.0,0.0
302_Power_id_1_Facility_tr_7685_1st_7785.csv,global,0.13015835880772902,0.22540940678699717,0.09185204969696636,0.07671284022795131,0.22540940678699717,0.09523882276136819,0.07671284022795131,0.09523882276136819,0.19983694953232117,0.19983694953232117,0.19983694953232117
314_UCR_id_12_HumanActivity_tr_16250_1st_38500.csv,local,0.1181589418460941,0.032218121623914325,0.17438733507014972,0.0,0.0,0.1758099558621363,0.1758099558621363,0.1758099558621363,0.0,0.0,0.0
345_UCR_id_43_Facility_tr_25000_1st_44630.csv,global,0.10619761780576548,0.10195523668431819,0.10638159637109093,0.11479338855949241,0.11479338855949241,0.1072908081888752,0.1072908081888752,0.1072908081888752,0.09914473304778781,0.10195523668431819,0.09914473304778781
368_UCR_id_66_Facility_tr_50000_1st_125720.csv,local,0.2798109327670774,0.13430667680630853,0.2910549469676955,0.23003455419717347,0.23003455419717347,0.2816545051291823,0.2816545051291823,0.2816545051291823,0.0,0.23003455419717347,0.0
381_UCR_id_79_HumanActivity_tr_16000_1st_31200.csv,local,0.20451849756749918,0.07086643812617288,0.22860641659039926,0.0,0.0,0.23697758719678935,0.23697758719678935,0.30095340001118354,0.0609851140861708,0.0,0.0609851140861708
430_UCR_id_128_HumanActivity_tr_12500_1st_46500.csv,local,0.13051994777999482,0.0,0.172215819363057,0.009094265277142854,0.009094265277142854,0.16245244269815443,0.16245244269815443,0.16245244269815443,0.07094810974570695,0.009094265277142854,0.07094810974570695
433_UCR_id_131_Facility_tr_50000_1st_106720.csv,local,0.17413449158970545,0.04065266284475544,0.22115742548682915,0.09996131865378452,0.09996131865378452,0.22225443879421067,0.22225443879421067,0.22225443879421067,0.011107895987094163,0.09996131865378452,0.011107895987094163
461_UCR_id_159_Medical_tr_45096_1st_131200.csv,global,0.6059089301964719,0.47554085828248016,0.6969392821467085,0.671404494650494,0.6779302763841727,0.6865034739095811,0.6865034739095811,0.6865034739095811,0.5054412332978133,0.671404494650494,0.5054412332978133
529_UCR_id_227_Facility_tr_19948_1st_52000.csv,local,0.2643885496651293,0.04756190664483073,0.40444903019844625,0.4050124043276962,0.4050124043276962,0.4050124043276962,0.4050124043276962,0.4050124043276962,0.0,0.06378157607149815,0.0
867_OPPORTUNITY_id_26_HumanActivity_tr_808_1st_908.csv,local,0.18436941655350536,0.017080756799381813,0.33671358465692103,0.0,0.0,0.12743088181768603,0.12743088181768603,0.12743088181768603,0.03026379079010688,0.0024187452758880346,0.03026379079010688
AbstractAnomalyBatch,local,0.5674105126800959,0.5674105126800959,0.8384065224249434,0.7970418043938856,0.7970418043938856,0.8518292401094851,0.8513299165742942,0.8513299165742942,0.8366491267701023,0.8380312099702576,0.8380312099702576
ArchaeologicalAnomalies,local,0.22765167935630481,0.22765167935630481,0.2845041822578238,0.0,0.24235713112932378,0.28303394806330057,0.28303394806330057,0.28303394806330057,0.0,0.28303394806330057,0.28303394806330057
ArtCollections,local,0.23832795221834957,0.23832795221834957,0.2715228943278106,0.2387893022809951,0.2387893022809951,0.2719954314435248,0.2719954314435248,0.2719954314435248,0.14536500160843033,0.2387893022809951,0.2387893022809951
AustinCrime,local,0.13227311299731348,0.13227311299731348,0.11494054701660207,0.04729209362044223,0.04729209362044223,0.11892076757604104,0.11892076757604104,0.11892076757604104,0.2057392097986389,0.11892076757604104,0.2057392097986389
BCellImmunity,global,0.2516173609122442,0.2516173609122442,0.2639933245407287,0.2198695831393387,0.2198695831393387,0.2639372690087779,0.2639372690087779,0.2639372690087779,0.2198695831393387,0.2639372690087779,0.2198695831393387
BarExamPrediction,global,0.1622101198091157,0.1622101198091157,0.14630125556819606,0.1502475370751149,0.1502475370751149,0.1088151594311686,0.1088151594311686,0.1088151594311686,0.1502475370751149,0.1584427268022074,0.1502475370751149
BaseballBattedBall,global,0.2763242276185246,0.2763242276185246,0.10658565587349289,0.09114902819021764,0.09114902819021764,0.09114902819021764,0.09114902819021764,0.09114902819021764,0.1060868675304586,0.09114902819021764,0.09114902819021764
BaseballPitchingAnomalies,global,0.22679272660452693,0.22679272660452693,0.15359343441503104,0.23605652332737048,0.23605652332737048,0.13242445407901093,0.13242445407901093,0.31789034385307546,0.28605238881021644,0.23605652332737048,0.23605652332737048
BatchProcessingEvents,local,0.1367053868339656,0.1367053868339656,0.25891869184604216,0.2613383640123395,0.30527621695719864,0.2607875496447866,0.2607875496447866,0.018661321092783734,0.2808926056050378,0.2786008886959908,0.2786008886959908
BrainEEGSignals,local,0.43280074174226035,0.43280074174226035,0.48415159465377455,0.20947358659429166,0.0,0.48100572622178606,0.48100572622178606,0.48100572622178606,0.0,0.0,0.0
BuildingEnergyCompliance,global,0.1968665689443318,0.1968665689443318,0.22631237888785025,0.22731896174994917,0.22731896174994917,0.22731896174994917,0.22731896174994917,0.22731896174994917,0.23873783158083378,0.23873783158083378,0.23873783158083378
BuildingInspections,global,0.23355963979291147,0.23355963979291147,0.05421365516835569,0.035231555063381825,0.035231555063381825,0.06528757799362661,0.06528757799362661,0.06528757799362661,0.1575590200450385,0.1917783571609876,0.1917783571609876
BusTracking,local,0.5617931831570097,0.5617931831570097,0.7095739366552082,0.6356445848665647,0.0,0.7162217176889523,0.7162217176889523,0.7162217176889523,0.0,0.7162217176889523,0.0
BusinessAnomalies,local,0.10421428474727801,0.10421428474727801,0.04003358364133319,0.0,0.028109929221333985,0.028109929221333985,0.028109929221333985,0.028109929221333985,0.09679791410246397,0.0,0.0
BusinessProcessFraud,global,0.4814175080772782,0.4814175080772782,0.6556404178593395,0.6561471523261628,0.64480803115073,0.64480803115073,0.64480803115073,0.5401975812671229,0.0,0.6561471523261628,0.6561471523261628
CardiacHealth,local,0.646113720209573,0.646113720209573,0.7379976117895733,0.0013383426064779158,0.0013383426064779158,0.737259909178692,0.737259909178692,0.737259909178692,0.0,0.0013383426064779158,0.0
CelestialObjects2,global,0.12825386718662735,0.12825386718662735,0.033771421662689705,0.10014657382010586,0.10014657382010586,0.0284212672283507,0.0284212672283507,0.0284212672283507,0.04785859100499301,0.0284212672283507,0.0284212672283507
CityTreeCondition,local,0.16324247118019775,0.16324247118019775,0.11708501410283617,0.10716864822488818,0.10716864822488818,0.10716864822488818,0.10716864822488818,0.10716864822488818,0.0,0.0,0.0
CodeSmell,global,0.12043628174868193,0.12043628174868193,0.09686379468440831,0.08857785100304372,0.08857785100304372,0.10298143493428603,0.10298143493428603,0.10298143493428603,0.08857785100304372,0.08857785100304372,0.08857785100304372
CodeStrata,local,0.1953420646834347,0.1953420646834347,0.16312902282548403,0.16677536573823404,0.16349828782361114,0.16677536573823404,0.16677536573823404,0.16677536573823404,0.0,0.16677536573823404,0.16677536573823404
Contaminant-detection-in-packaged-cocoa-hazelnut-spread-jars-using-Microwaves-Sensing-and-Machine-Learning-10.5GHz(Urbinati),local,0.21046562920516634,0.21046562920516634,0.2400709756419766,0.24848989340065356,0.24848989340065356,0.24019974998970978,0.24019974998970978,0.24019974998970978,0.1444951407108077,0.1444951407108077,0.1444951407108077
CropWeedDetection,local,0.11375035815585896,0.11375035815585896,0.1418410572927768,0.008487291083540821,0.09344282702521939,0.13692327676995794,0.13692327676995794,0.10420415056883457,0.02999263790315357,0.008487291083540821,0.008487291083540821
CryptojackingSystem,local,0.25212798749074716,0.25212798749074716,0.2896946424162383,0.2926260110851077,0.2926260110851077,0.2926260110851077,0.2926260110851077,0.2926260110851077,0.02432260579703266,0.2926260110851077,0.02432260579703266
CustomerChurn2,local,0.16116085130833574,0.16116085130833574,0.09892320275941005,0.10003782558034055,0.34322117722842854,0.11172707476440119,0.11172707476440119,0.11172707476440119,0.20396717668658118,0.10003782558034055,0.20396717668658118
DiabetesMetrics,global,0.15908561273084007,0.15908561273084007,0.025810201287283063,0.0004531637625077023,0.029979683520415468,0.0004531637625077023,0.0004531637625077023,0.0004531637625077023,0.26929590716517754,0.08456165511782071,0.08456165511782071
DiamondClarity,local,0.6747669912884396,0.6747669912884396,0.708399558366945,0.6935699049839164,0.7916290466621724,0.6935699049839164,0.6935699049839164,0.6935699049839164,0.0,0.6935699049839164,0.0
DragonFlySystem,global,0.22706681176034232,0.22706681176034232,0.1159491767401461,0.3129515921341737,0.3129515921341737,0.11361913870343704,0.11361913870343704,0.11361913870343704,0.3129515921341737,0.3129515921341737,0.3129515921341737
EEGEyeState,local,0.5055842195570264,0.5055842195570264,0.6164577802470869,0.24522543658254176,0.24522543658254176,0.6135419387034539,0.6135419387034539,0.6135419387034539,0.0,0.0,0.0
ElectronicCommerceAnomalies,local,0.29304197293014583,0.29304197293014583,0.331161140619306,0.3294730914123331,0.2824837830681682,0.3280664355619401,0.3280664355619401,0.3280664355619401,0.0,0.2681808663902381,0.0
EmailSpamDetection,global,0.3346569885607227,0.3346569885607227,0.2323070598853726,0.0,0.0,0.23842093435818085,0.23842093435818085,0.23842093435818085,0.4006626977316641,0.4006626977316641,0.4006626977316641
EmployeePerformance,global,0.17683621988919543,0.17683621988919543,0.1888284161934204,0.03351757580485004,0.03351757580485004,0.17758045060838404,0.17758045060838404,0.17758045060838404,0.03351757580485004,0.18555812822724294,0.18555812822724294
EnvironmentalConcernSurvey,global,0.17196967864680363,0.17196967864680363,0.14397065524161295,0.04883973059594038,0.04883973059594038,0.13735340491936615,0.13735340491936615,0.14068613423810272,0.04883973059594038,0.028018511558195597,0.028018511558195597
FakeNewsPropagation,global,0.10729647774590328,0.10729647774590328,0.02585072927724097,0.01801351917265448,0.02541371204606302,0.01801351917265448,0.01801351917265448,0.01801351917265448,0.02541371204606302,0.02541371204606302,0.02541371204606302
FinancialTransaction4,local,0.11307842711063806,0.11307842711063806,0.12377119810463118,0.05320445624242082,0.05320445624242082,0.12209574554005034,0.12209574554005034,0.12209574554005034,0.06159198549687267,0.05320445624242082,0.06159198549687267
FishingAnomalies,local,0.11314042422534575,0.11314042422534575,0.16756370160641496,0.002867305642542145,0.002867305642542145,0.17047411256537287,0.17047411256537287,0.03556258717148267,0.13677150696347212,0.002867305642542145,0.13677150696347212
FootballEfficiency,local,0.11163280324595021,0.11163280324595021,0.13588445144544192,0.11188276036740752,0.11188276036740752,0.14928705975983272,0.14928705975983272,0.14928705975983272,0.13486870685831576,0.18626705115692552,0.18626705115692552
FraudEventLog,global,0.34462728963338074,0.34462728963338074,0.31968072359874566,0.2789931745404999,0.31067131822609306,0.32074254008285774,0.32074254008285774,0.32074254008285774,0.2789931745404999,0.2789931745404999,0.2789931745404999
GPUPowerProfile,local,0.1778111550315842,0.1778111550315842,0.12149474462880136,0.09608802901163835,0.0763103750178126,0.09604172000379244,0.09604172000379244,0.13482546081745195,0.017333434249784563,0.09608802901163835,0.017333434249784563
GPUResourceUsage,local,0.26286768109844144,0.26286768109844144,0.2763574661048249,0.262767514716712,0.2819853488838062,0.2819853488838062,0.2819853488838062,0.2819853488838062,0.19155553483604437,0.2819853488838062,0.2819853488838062
GamingBehavior,local,0.3608872738777691,0.3608872738777691,0.38300799626423976,0.3845362034344265,0.3845362034344265,0.3845362034344265,0.3845362034344265,0.3845362034344265,0.35528330670792146,0.409611196908275,0.409611196908275
GeneticAnalysis,global,0.1020335981308209,0.1020335981308209,0.11295036525631347,0.12395204944622787,0.12395204944622787,0.10975860236746286,0.10975860236746286,0.1382595377138216,0.0916140562179115,0.10975860236746286,0.0916140562179115
GesturePhaseSegmentationProcessed,local,0.38883967828791155,0.38883967828791155,0.44327578926826433,0.44868892988493014,0.4536850715571899,0.4452695845420102,0.4452695845420102,0.4452695845420102,0.000192220444131197,0.000192220444131197,0.000192220444131197
GlobalTerrorismAttack,global,0.12824080165593374,0.12824080165593374,0.1455382371411994,0.16332748186069468,0.16332748186069468,0.1426342675829762,0.1426342675829762,0.16104019425538674,0.16332748186069468,0.16332748186069468,0.16332748186069468
GroceryErrorDept,global,0.10439145442636816,0.10439145442636816,0.036592220602108094,0.04475822774990734,0.04475822774990734,0.03747911728358855,0.03747911728358855,0.07685908032960631,0.05687354648378656,0.03817708975912082,0.03817708975912082
HeadingDetection,local,0.0691988409226234,0.0691988409226234,0.08609295337921884,0.12141349375310509,0.12141349375310509,0.07992469692523345,0.0842714206485791,0.0842714206485791,0.12141349375310509,0.0842714206485791,0.0842714206485791
HeatVulnerability,global,0.38052275445025874,0.38052275445025874,0.31803823400442977,0.39664418160790904,0.41120702517533075,0.3007471457971824,0.3007471457971824,0.3007471457971824,0.41120702517533075,0.41120702517533075,0.41120702517533075
HomicideCircumstance,local,0.1024710471997971,0.1024710471997971,0.06619528114820251,0.08853941046058832,0.08853941046058832,0.05519157253520772,0.05519157253520772,0.0,0.08853941046058832,0.08853941046058832,0.08853941046058832
HospitalReadmissions,local,0.12552892379717917,0.12552892379717917,0.21064343188342463,0.22553892864785963,0.22553892864785963,0.20787835920784123,0.023834791136888828,0.021894245356062825,0.22553892864785963,0.19048822446665264,0.22553892864785963
HumanRobotCollaboration,global,0.2122419413918033,0.2122419413918033,0.2471547570600544,0.22443542304716557,0.22443542304716557,0.2260774515786795,0.19775943747918728,0.2260774515786795,0.17762322925912943,0.17762322925912943,0.17762322925912943
ImageSegmentation,local,0.15025487661503079,0.15025487661503079,0.207285061300995,0.20564574737337854,0.20564574737337854,0.20728892318939945,0.20728892318939945,0.20728892318939945,0.25751774053158705,0.208920513340207,0.208920513340207
JobChangePatterns,global,0.21633248237155273,0.21633248237155273,0.1862024620396428,0.2360004717361569,0.2360004717361569,0.17481287466326487,0.17481287466326487,0.17481287466326487,0.2360004717361569,0.16272907632577668,0.16272907632577668
JobMarket,local,0.6217721492537789,0.6217721492537789,0.6320539036561915,0.812172590232128,0.812172590232128,0.6236854677132742,0.6236854677132742,0.6236854677132742,0.812172590232128,0.7783434403743666,0.7783434403743666
KickstarterCampaigns,global,0.28663089689619786,0.28663089689619786,0.23982542083829156,0.24289734953614855,0.23662587760866538,0.23159573069177197,0.24289734953614855,0.23159573069177197,0.24289734953614855,0.2399530353700608,0.24289734953614855
LandRarity,global,0.19495380938239942,0.19495380938239942,0.18569571763239878,0.002486644022386464,0.002486644022386464,0.19037562293242274,0.19037562293242274,0.205798494933394,0.002486644022386464,0.1780899384707327,0.002486644022386464
LandShapeAnomaly,global,0.1325837678983261,0.1325837678983261,0.000508636041206767,0.001440696268934838,0.001440696268934838,0.001440696268934838,0.001440696268934838,0.001440696268934838,0.001440696268934838,0.001440696268934838,0.001440696268934838
MalariaDetection,global,0.39180752615917297,0.39180752615917297,0.3019356585797244,0.15936498544989391,0.2561713685419836,0.2561713685419836,0.2561713685419836,0.2561713685419836,0.5452921667951525,0.5863355502920281,0.5452921667951525
MalwareHardwareMetrics,local,0.2535899993970605,0.2535899993970605,0.196320673237027,0.19670438969201676,0.19670438969201676,0.06498606608471863,0.06498606608471863,0.19670438969201676,0.0,0.19670438969201676,0.0
MissingInformation1,local,0.20761174935874577,0.20761174935874577,0.3227321512880004,0.3053564965433255,0.3053564965433255,0.06038125236470382,0.06038125236470382,0.06038125236470382,0.4028171092673498,0.3053564965433255,0.3053564965433255
MolecularAnomalies1,global,0.28627335886139005,0.28627335886139005,0.11183113488325158,0.0,0.0,0.2809012397779564,0.2809012397779564,0.2809012397779564,0.0,0.0,0.0
MusicGenreAnomaly,local,0.6772293609263879,0.6772293609263879,0.7463601137202495,0.2704093513620055,0.2704093513620055,0.7480964275882394,0.7480964275882394,0.7480964275882394,0.2704093513620055,0.2704093513620055,0.2704093513620055
NetworkHealthMonitor,local,0.15858461366981186,0.15858461366981186,0.04001170610837462,0.13615345851556393,0.13615345851556393,0.03787513171688456,0.03787513171688456,0.03787513171688456,0.058591241443048725,0.042592945309081864,0.058591241443048725
NeuroSignalEEG,global,0.3245463599726349,0.3245463599726349,0.3506269967723656,0.0,0.0,0.34972968097600354,0.34972968097600354,0.34972968097600354,0.0,0.11947516285145274,0.0
OrbitalAnomalies,global,0.5528219547811917,0.5528219547811917,0.30330931906478964,0.3935081469310427,0.2665889189923366,0.2665889189923366,0.2665889189923366,0.24341624935449746,0.39992278884753485,0.2098892824449402,0.2098892824449402
PatientSurvival1,global,0.1566999551132358,0.1566999551132358,0.0280792878632532,0.015905896200164138,0.015905896200164138,0.015905896200164138,0.015905896200164138,0.015905896200164138,0.20888958873751498,0.015905896200164138,0.015905896200164138
PerformanceBenchmark,global,0.321938904038829,0.321938904038829,0.2020006501959148,0.1948041046684988,0.1948041046684988,0.1948041046684988,0.1948041046684988,0.1948041046684988,0.27018292951152156,0.2079904409107357,0.2079904409107357
PokemonBattle,local,0.10523879639040713,0.10523879639040713,0.10259056755079231,0.06989880141652924,0.02125271695634956,0.10356965538643027,0.10356965538643027,0.10356965538643027,0.0,0.06989880141652924,0.06989880141652924
PoliceArrestFraud,global,0.2744365495272889,0.2744365495272889,0.257540790065796,0.07784978601300258,0.07784978601300258,0.3387851810297245,0.3387851810297245,0.2628921866163267,0.07784978601300258,0.07784978601300258,0.07784978601300258
PoliceForceDisturbance,local,0.13550758273597963,0.13550758273597963,0.18185434425543978,0.22763312429189753,0.22763312429189753,0.1806457873031521,0.1806457873031521,0.1806457873031521,0.1901382161096331,0.1901382161096331,0.1901382161096331
ProtestViolence,global,0.5333799963010697,0.5333799963010697,0.39352839274895496,0.6237451963186557,0.0,0.38991227054986927,0.38991227054986927,0.38991227054986927,0.6950969268753312,0.6905292057317277,0.6950969268753312
RacingMotion,local,0.5467873422301865,0.5467873422301865,0.7786274313644299,0.9286897178671103,0.9286897178671103,0.8030955842050356,0.8030955842050356,0.8030955842050356,0.9286897178671103,0.7831564520240794,0.7831564520240794
RealEstateData,global,0.32470119059958624,0.32470119059958624,0.3859031010495436,0.11514581068214383,0.11514581068214383,0.4632093894521534,0.4632093894521534,0.39583137459018847,0.11514581068214383,0.07352103920289349,0.11514581068214383
Run_or_walk_information,local,0.46865803845353593,0.46865803845353593,0.5868725688366431,0.6181394318540356,0.6181394318540356,0.5817431473848007,0.5602959442985967,0.5817431473848007,0.0,0.41288546757757283,0.41288546757757283
SalesPerformance,global,0.15075369097124827,0.15075369097124827,0.13298293262563757,0.020041558482786714,0.020041558482786714,0.050310625184397995,0.050310625184397995,0.09188434138867557,0.020041558482786714,0.13658234982101755,0.13658234982101755
ScientificMeasurement,local,0.6344685726156523,0.6344685726156523,0.6091795860099325,0.0,0.0,0.5975779221207781,0.5975779221207781,0.5975779221207781,0.05864872946062705,0.11163060393284763,0.05864872946062705
SensorAnomaly,local,0.11666459332793172,0.11666459332793172,0.12840737481617903,0.12362926141931461,0.12362926141931461,0.12480386821376603,0.12480386821376603,0.12480386821376603,0.08780165960186635,0.12362926141931461,0.12362926141931461
ShuttleOperations,local,0.49216041106139424,0.49216041106139424,0.6962343097798698,0.04244938786741215,0.04244938786741215,0.6867243650576605,0.6867243650576605,0.6867243650576605,0.0,0.04244938786741215,0.0
SolarFlare,global,0.16456035280868858,0.16456035280868858,0.017627844557355277,0.01584732424242613,0.01584732424242613,0.018862605989492076,0.01717847863141242,0.01584732424242613,0.10596760511946646,0.01717847863141242,0.01717847863141242
SpatialAnomalies,local,0.3269460563287498,0.3269460563287498,0.41698043941021756,0.018075506390028417,0.018075506390028417,0.3179175093916691,0.3179175093916691,0.40986332164163447,0.018075506390028417,0.018075506390028417,0.018075506390028417
SpeechAnalysis,global,0.5069016260692389,0.5069016260692389,0.4620740910407477,0.4719928920770712,0.4342700742173005,0.5626196751791059,0.5626196751791059,0.5626196751791059,0.4342700742173005,0.4342700742173005,0.4342700742173005
SpotifyHitPredictor,global,0.19561936879532565,0.19561936879532565,0.060804186607599175,0.06001841990857887,0.06001841990857887,0.05325213562626763,0.05325213562626763,0.05325213562626763,0.06001841990857887,0.06001841990857887,0.06001841990857887
SyntheticNumericalBatch,local,0.20686676353895822,0.20686676353895822,0.22843995399981518,0.22614726439948504,0.22614726439948504,0.22212643992956746,0.22212643992956746,0.22212643992956746,0.040546945314892835,0.18657436098310742,0.040546945314892835
SystemFailureCases,local,0.11704301205900017,0.11704301205900017,0.04290327634422875,0.01843142461565428,0.01843142461565428,0.04871485294067418,0.03569257465403919,0.03569257465403919,0.12044356049256091,0.01843142461565428,0.12044356049256091
SystemPerformance2,local,0.4546453566032681,0.4546453566032681,0.6312656520217681,0.0,0.0,0.6293106946092868,0.6332528797043405,0.6293106946092868,0.0,0.0,0.0
TBAnomalyDetection,global,0.15884455026987582,0.15884455026987582,0.060598301589247144,0.09886217007881101,0.19535658539797768,0.05475564397240984,0.05475564397240984,0.05475564397240984,0.23909156746510474,0.05475564397240984,0.05475564397240984
TrafficSensor,local,0.5842303772275728,0.5842303772275728,0.5212650431002747,0.10777454481733528,0.10777454481733528,0.5133122444155938,0.5133122444155938,0.5133122444155938,0.0,0.5411290590085924,0.0
TreadmillStatus,local,0.39550277438838444,0.39550277438838444,0.37275759339408177,0.26953997644012234,0.5388413696992411,0.5644393165287982,0.5644393165287982,0.5662343308976668,0.26953997644012234,0.3834000507203651,0.26953997644012234
TrialBehavior,global,0.10130433248210259,0.10130433248210259,0.09558350015577961,0.0,0.10519557333081721,0.09424978558425906,0.09424978558425906,0.09424978558425906,0.08763456006819056,0.08763456006819056,0.08763456006819056
UrlAnalysis,global,0.2728041193498416,0.2728041193498416,0.07470403474652587,0.06544441292673309,0.06635868979580845,0.06635868979580845,0.06635868979580845,0.06635868979580845,0.6085110790534596,0.06635868979580845,0.06635868979580845
UserEventAnomalies,global,0.7963193169505218,0.7963193169505218,0.807542463524823,0.805914494294446,0.805914494294446,0.8265145906125291,0.8265145906125291,0.805914494294446,0.7695278812761362,0.0,0.0
UserTrackingAnomalies,local,0.3090671036723277,0.3090671036723277,0.26431520148774523,0.0,0.0,0.3509561069809162,0.3509561069809162,0.3509561069809162,0.0,0.0,0.0
ViralProteinFunction,global,0.24008806515024586,0.24008806515024586,0.21175493268022816,0.24560721451998413,0.24560721451998413,0.21127165813718735,0.21127165813718735,0.21127165813718735,0.28052497350373523,0.21116894592496732,0.28052497350373523
VoteOutcome,local,0.4497484606705907,0.4497484606705907,0.4756943923197837,0.47186367576382615,0.5051738211349337,0.47479285237854163,0.47479285237854163,0.47479285237854163,0.008181225350263555,0.45464477613323584,0.008181225350263555
WaterChemistry,local,0.45897255102211487,0.45897255102211487,0.3722402602698333,0.5389454697539806,0.5389454697539806,0.41369497782020825,0.41369497782020825,0.41369497782020825,0.06647072205724547,0.5389454697539806,0.06647072205724547
WaterMeterAnomaly,local,0.7153452614344704,0.7153452614344704,0.8111252599498592,0.9227579211449144,0.9227579211449144,0.8343737444898709,0.8343737444898709,0.9187164599053885,0.00020470045912235335,0.9227579211449144,0.00020470045912235335
WebTrafficError,global,0.2269289477741921,0.2269289477741921,0.015099613750148566,0.23502923861342664,0.23502923861342664,0.3152460733615911,0.3152460733615911,0.3152460733615911,0.23502923861342664,0.0030305711070043317,0.0030305711070043317
WellMetrics,local,0.17122995495990984,0.17122995495990984,0.1999535561191007,0.062379419269394054,0.062379419269394054,0.20215324289476816,0.20215324289476816,0.20215324289476816,0.13867378384146384,0.062379419269394054,0.062379419269394054
XSSDetection,global,0.31280849152909646,0.31280849152909646,0.14807538809614984,0.07970204243339407,0.07970204243339407,0.1733183263122989,0.1733183263122989,0.1733183263122989,0.26498088283101545,0.05812629981275641,0.26498088283101545
ZookeeperLogs,local,0.2982487347649694,0.2982487347649694,0.3429951600414989,0.2830344950589662,0.2830344950589662,0.33485863219013595,0.33485863219013595,0.33485863219013595,0.0,0.0,0.0
ailerons,global,0.17467592507209334,0.17467592507209334,0.05077693635853486,0.0457476550099134,0.0457476550099134,0.048747382340313616,0.048747382340313616,0.048747382340313616,0.0457476550099134,0.0457476550099134,0.0457476550099134
madeline,local,0.11004861416402703,0.11004861416402703,0.1578606141468854,0.0,0.0,0.17289267941335124,0.17289267941335124,0.073955673011749,0.1420082285539417,0.0,0.1420082285539417
mozilla4,local,0.45583217399779197,0.45583217399779197,0.5322067592419385,0.5411052551815354,0.5411052551815354,0.5411052551815354,0.5411052551815354,0.38617852026041444,0.051211196153911676,0.5411052551815354,0.051211196153911676
ozone-level-8hr,local,0.17443999967508036,0.17443999967508036,0.17406515375285458,0.22085964243503453,0.22085964243503453,0.19818787092644735,0.19818787092644735,0.19818787092644735,0.03122661281707806,0.22085964243503453,0.03122661281707806
philippine,global,0.13272874878455115,0.13272874878455115,0.03225593380906716,0.04470192717708965,0.04470192717708965,0.2044587111141789,0.2044587111141789,0.2044587111141789,0.21973938070273097,0.0035071214697240116,0.0035071214697240116
students_dropout_and_academic_success,local,0.12850416699893316,0.12850416699893316,0.12036353984800788,0.2045290311180408,0.2045290311180408,0.16925963959862883,0.16925963959862883,0.16925963959862883,0.2045290311180408,0.02051019574030616,0.2045290311180408
