dataset,real_mz,syn_mz,real_nx,syn_nx,a4_spread,ap_spread,rho_a4,rho_em,rho_a4_g,rho_em_g,betaext_reg,em_reg
009_UCR_Anomaly_DISTORTEDCIMIS44AirTemperature5_4000_4852_4900.txt,6.79562542023117,3.049289445761114,3.2857142857142856,0.79,0.07569021097839407,0.189720333220579,-0.025691699604743084,-0.09883864892793379,0.75,0.4686233489032049,0.5638151972337652,0.3332112573383456
036_UCR_Anomaly_DISTORTEDInternalBleeding9_4200_6599_6681.txt,1.669187154500102,2.4998497612755233,0.2222222222222222,0.035,0.10746200522934347,0.039940999403753216,-0.6640316205533596,-0.06424512180315695,0.6,0.54393781569122,0.142010194042256,0.142010194042256
107_UCR_Anomaly_NOISEinsectEPG3_5200_7000_7050.txt,2.242783809165114,2.1822116472435718,0.42857142857142855,0.03,0.08278529315239197,0.05168333800707622,-0.5897182402372714,-0.21107266435986158,-0.3781512605042017,0.24369747899159666,0.17110425742721508,0.16782668589630195
117_UCR_Anomaly_CIMIS44AirTemperature5_4000_4852_4900.txt,6.607753000192422,2.745626443226886,3.4285714285714284,0.62,0.0769514526807404,0.10531740485322255,-0.12450592885375496,-0.22386953982177,0.7,0.3765723339400754,0.3724978184271536,0.1366485748683467
223_UCR_Anomaly_mit14046longtermecg_74123_131200_131700.txt,3.125318646304639,4.6276226630450985,0.7714285714285715,3.04,0.041280634834101416,0.1845703628111415,0.0,-0.6202125220227844,-0.8166666666666667,-0.8954053273686235,0.6652528163362235,0.6652528163362235
244_UCR_Anomaly_tilt12754table_100013_104630_104890.txt,2.7119611066034603,2.214423959364419,0.7619047619047619,0.09,0.07543995155550184,0.05967197181142141,0.1422924901185771,0.22782308577888738,-0.75,0.03347309635022892,0.10573333684188335,0.15812457984989392
302_Power_id_1_Facility_tr_7685_1st_7785.csv,1.8698844065077806,3.5932310970716186,0.5343137254901961,1.785,0.08178270810671873,0.10518178005417832,-0.6272862086010875,-0.6412855572976317,0.47899159663865554,0.261605704275211,0.19983694953232117,0.07671284022795131
345_UCR_id_43_Facility_tr_25000_1st_44630.csv,2.115703595650277,3.5991539526690968,0.047619047619047616,1.305,0.03285221848329939,0.023468676044339117,0.09683794466403163,0.07511737318522967,-0.09999999999999999,-0.7447763937925935,0.10195523668431819,0.11479338855949241
461_UCR_id_159_Medical_tr_45096_1st_131200.csv,3.236646999063089,4.675380705390369,0.7714285714285715,2.55,0.0491792297275253,0.18801465360659297,-0.16798418972332016,-0.6528292761690025,-0.8333333333333333,-0.8284591346681659,0.671404494650494,0.671404494650494
BCellImmunity,1.5266612326942655,2.590430591731523,0.145,0.09,0.025678267558053552,0.06434322856679937,0.20478826103745654,-0.027416655940275453,0.3263157894736842,-0.3754385964912281,0.26154071542880103,0.2198695831393387
BarExamPrediction,2.156112235658619,2.35175316586699,0.43,0.08,0.1416992126988023,0.11390481675787392,0.649094661532235,0.47734739233208634,-0.20979020979020982,-0.059544749808759435,0.10321407667138699,0.1502475370751149
BaseballBattedBall,1.8306730671283435,2.0079008587717944,0.08421052631578947,0.02,0.13308667116053075,0.1281044166524503,0.5960784313725491,0.29691876750700286,-0.06993006993006995,0.6223776223776225,0.09114902819021764,0.09114902819021764
BaseballPitchingAnomalies,12.70110623035801,3.1221560332737504,3.5036764705882355,0.84,0.07970300313239041,0.10606976870253138,0.6691876750700281,0.41372549019607846,-0.22377622377622378,0.32867132867132864,0.23605652332737048,0.23605652332737048
BuildingEnergyCompliance,1.8398987190056684,4.280671350523539,0.03636363636363636,2.165,0.06284438854112516,0.06405892298383112,-0.27644787644787644,-0.11570886181370588,-0.5804195804195805,-0.003502632341691731,0.23873783158083378,0.22731896174994917
BuildingInspections,0.9532073651407532,1.762604369264994,0.0125,0.0,0.09813296789321417,0.11750738374706474,0.19539183464121646,0.2142857142857143,0.1366026613259775,0.2517482517482518,0.10543488181040872,0.035231555063381825
BusinessProcessFraud,1.7072597444871782,2.5787501912314514,0.1,0.18,0.09071417688283331,0.23678922058870217,0.11119691119691119,-0.17014157014157016,-0.8881118881118882,-0.18181818181818185,0.6561471523261628,0.6561471523261628
CelestialObjects2,2.5823306228624876,2.231696753642312,0.7625,0.095,0.08427988405352957,0.07811951706278562,0.6656370656370657,0.40721683296660943,0.1188811188811189,-0.3362527048024062,0.04632673847528351,0.10014657382010586
CodeSmell,1.1737612487619569,1.8097775972861132,0.18421052631578946,0.15,0.10994453445404619,0.042105076889056736,0.6064425770308124,0.41697597973254585,-0.39860139860139865,-0.5569185423289853,0.08857785100304372,0.08857785100304372
DiabetesMetrics,2.2725627687520342,2.6564815435517337,0.225,0.54,0.11249329612011992,0.09389282588643018,0.6815958815958817,0.4228071313214949,-0.6363636363636365,0.7412587412587414,0.08456165511782071,0.0004531637625077023
DragonFlySystem,0.5577765913690056,1.0363963101963103,0.055,0.065,0.12163165996453872,0.09452376229179792,-0.5421896130172065,-0.3438022911571631,0.06326899050385834,0.38947368421052636,0.3129515921341737,0.3129515921341737
EmailSpamDetection,3.9496702684761327,3.4186758050447508,3.9375,4.27,0.030831519143311,0.14530179126193699,-0.13770913770913773,0.4948838416837588,0.5734265734265735,0.8441343943477073,0.4292944646853992,0.0
EmployeePerformance,1.4083762514484646,1.8246683722120467,0.0075,0.005,0.055330515427007974,0.09600705781635761,-0.06037260120465051,0.2802913573329598,-0.5017543859649123,0.08771929824561404,0.18555812822724294,0.03351757580485004
EnvironmentalConcernSurvey,1.8126638646882203,2.757883414464586,0.0625,0.525,0.13040723059439988,0.08755881739997615,0.687990732397992,0.2120100409874974,-0.5438596491228072,0.7122807017543861,0.10068734459953335,0.04883973059594038
FakeNewsPropagation,1.684889833361896,2.249667518371603,0.475,0.065,0.12296964675297324,0.05755777502029733,0.34173669467787116,0.07773653636263451,-0.8531468531468532,-0.26970269031026334,0.01801351917265448,0.01801351917265448
FraudEventLog,1.2384290735410362,2.382144672392646,0.014814814814814815,0.03,0.08420548321875469,0.11124720035966994,0.28595339492831556,0.056142158125160956,-0.10600772895191513,-0.2765957446808511,0.2789931745404999,0.2789931745404999
GeneticAnalysis,0.8294185584813956,2.669920262029585,0.21283783783783783,0.44,0.06436870745806199,0.04359484896968015,0.01789162054318445,-0.013773572790323143,-0.7614035087719299,-0.40421855044131716,0.10975860236746286,0.12395204944622787
GlobalTerrorismAttack,1.403331599086452,1.4457163106671487,0.005,0.005,0.11425804453040174,0.04723924249043486,-0.5652873426983274,-0.451994851994852,-0.8266212326392487,-0.15384615384615385,0.16332748186069468,0.16332748186069468
GroceryErrorDept,1.4490446216356032,1.0053022906420614,0.4909090909090909,0.01,0.17704404604625718,0.0776820580361102,0.5311534500514934,0.2419053754609474,0.8309859154929576,-0.4409177933275107,0.03817708975912082,0.04475822774990734
HeatVulnerability,6.0908427843157495,2.326318953808484,0.985,0.17,0.0456564994555059,0.14698851420536221,-0.1568627450980392,0.2893557422969188,-0.3426573426573427,0.5734265734265735,0.41120702517533075,0.39664418160790904
HumanRobotCollaboration,1.3066396452578624,1.407309564437854,0.005,0.025,0.06122851137016482,0.05305620944866466,0.35982880273638596,-0.23018723796682034,0.1802131392182557,-0.4859154929577464,0.17762322925912943,0.22443542304716557
JobChangePatterns,1.6747595669688427,2.0817484781892697,0.04,0.03,0.08181943578914469,0.10707945341084434,-0.10298661174047376,0.4660144181256437,0.3169014084507042,-0.2676056338028169,0.16272907632577668,0.2360004717361569
KickstarterCampaigns,1.3387378647908796,1.6726025739109205,0.0775,0.02,0.12920197885980697,0.06613451060247609,0.5055767761650114,0.17540258291894248,-0.11188811188811189,-0.1015763379090602,0.23662587760866538,0.24289734953614855
LandRarity,1.358648945284575,1.6865363434209353,0.0,0.01,0.06285989908537312,0.08066995707895014,-0.12355212355212356,0.5119062984869923,0.5244755244755246,0.8251748251748254,0.1780899384707327,0.002486644022386464
LandShapeAnomaly,1.6113102234155947,1.9829115812173441,0.3925,0.055,0.08032199442986197,0.06051702235410135,0.5462384978168718,0.20142866378025553,0.5218922189120679,0.09457107322567675,8.521185468554626e-05,0.001440696268934838
MalariaDetection,2.8248589164555122,1.8870414697026487,0.3875,0.345,0.13431954630390067,0.16078435456147366,-0.3217537470233926,0.0581313909511136,-0.06666666666666667,0.6280701754385966,0.15936498544989391,0.15936498544989391
MolecularAnomalies1,4.211618382863585,3.3525527318109383,3.6331658291457285,1.42,0.12787135691022627,0.14711120838234226,0.7963963963963965,0.6562379786542318,0.8391608391608393,0.8210576858123296,0.0,0.022112081518917526
NeuroSignalEEG,1.6318652809562249,1.5944227954994923,0.0,0.0,0.050970219818568155,0.06992906079415791,0.7922077922077921,0.6324877824458708,0.6573426573426573,0.7110343653634216,0.11947516285145274,0.0
OrbitalAnomalies,1.719213171541457,1.9376584384971496,0.017699115044247787,0.03,0.15434579599188636,0.23331319182192317,0.8509803921568628,0.6109243697478991,0.1258741258741259,-0.16083916083916086,0.2098892824449402,0.3935081469310427
PatientSurvival1,2.2851394088477464,2.3267439065901887,0.3698630136986301,0.025,0.05771312625731669,0.08239721135337963,0.7812097812097812,0.6043758043758044,-0.1258741258741259,-0.3216783216783217,0.015905896200164138,0.015905896200164138
PerformanceBenchmark,1.1311002592701445,1.7602773327976071,0.0,0.0,0.07311364420565963,0.13128879900761434,0.08070536748616296,0.3219204530827648,0.052631578947368425,-0.031578947368421054,0.2079904409107357,0.1948041046684988
PoliceArrestFraud,1.0594841313267231,1.4417310247517041,0.0,0.0,0.08225243413973711,0.10359503535302021,0.6350963238000039,-0.1089379924305923,0.7394366197183097,-0.19718309859154926,0.07784978601300258,0.07784978601300258
ProtestViolence,2.1003775947136547,1.7039571683717352,0.185,0.005,0.04706310950303552,0.21930153573297,-0.3020786414647027,0.3405405405405405,0.9772344233319931,0.027972027972027972,0.7045512725606246,0.6237451963186557
RealEstateData,1.255259450648293,1.4024225155305508,0.0,0.0,0.05360645452555951,0.11212092785159605,0.7053339446736971,0.04368649854973129,0.8591549295774646,0.7042253521126761,0.11514581068214383,0.11514581068214383
SalesPerformance,1.6033934649583907,2.57990164320655,0.12087912087912088,0.165,0.0995030870366119,0.08085619815556482,0.2380952380952381,0.6267696267696268,-0.14685314685314685,0.3426573426573427,0.13658234982101755,0.020041558482786714
SolarFlare,3.0687305687422826,2.989088890231847,2.2875,0.65,0.19252615850913796,0.1252890709550574,0.7823529411764707,0.7613910858237771,-0.4825174825174825,0.17162898474289487,0.01985773079822728,0.01584732424242613
SpeechAnalysis,2.956474251901467,3.5415829806444945,0.55,2.05,0.07451414583842386,0.14421596600170228,0.38190243274552704,0.1522816505696475,0.7403508771929825,0.2565909059323144,0.4342700742173005,0.4719928920770712
SpotifyHitPredictor,4.010869986304309,2.658994268442677,1.375,0.09,0.13277603933153062,0.09615019549462286,0.8990990990990991,0.5961389961389961,0.5174825174825175,0.10489510489510491,0.06001841990857887,0.06001841990857887
TBAnomalyDetection,1.6884992890793535,1.6199933872414214,0.03,0.0,0.08960313698857801,0.08943779118212175,0.7985430092462875,0.44788682073490077,0.6971830985915491,-0.049295774647887314,0.0847091111284102,0.09886217007881101
TrialBehavior,1.2732218641854036,1.8601611662879485,0.0475,0.005,0.08031795307077734,0.02896284408548049,0.39731017091622306,0.4177640795741103,0.0,0.4366197183098591,0.10557981008971681,0.0
UrlAnalysis,2.773398994163889,2.994895946864743,0.52,0.61,0.09650249612918954,0.15626559045079172,0.1966537966537967,0.13582485504645772,-0.7272727272727274,-0.23076923076923078,0.06635868979580845,0.06544441292673309
UserEventAnomalies,1.2926970196312948,1.7344329407784616,0.07391304347826087,0.035,0.14359415825128058,0.1397530176106235,0.3140761118752866,-0.31327882420031955,0.2605633802816901,-0.5140845070422535,0.8389190113347342,0.805914494294446
ViralProteinFunction,0.9044461091839067,2.620692205223107,0.1425,0.365,0.08943369412565073,0.05642335088313514,0.5447991761071062,0.3890319258496396,0.408450704225352,0.09859154929577463,0.21116894592496732,0.24560721451998413
WebTrafficError,1.7032282709350657,2.5983368883885096,0.075,0.09,0.08776092886271737,0.08547731559211974,0.565266106442577,0.6913165266106444,0.15384615384615385,0.27272727272727276,0.0030305711070043317,0.23502923861342664
XSSDetection,5.97822877430827,3.3478539977159585,1.2125,1.68,0.15523302362170954,0.1744817231070954,0.5294723294723295,0.6892526963556483,-0.2517482517482518,0.35478743759344955,0.26498088283101545,0.15544069938087068
ailerons,2.5926370814468056,3.2148838412944487,3.1425,3.01,0.09780073315957821,0.10899389454614981,0.7565485362095531,0.6764726499748542,0.1649122807017544,-0.23550124243102824,0.0457476550099134,0.0457476550099134
philippine,4.067931153170882,3.663794364250667,4.52,4.54,0.021020002538633595,0.08020879370680317,0.5464607464607465,0.5949811151136675,0.4825174825174825,-0.018162015868973858,0.04470192717708965,0.03006183658846956
