corpus,dataset,d,m_gmm,m_sil,m_bc,local_ev,best_local,best_global,mean_local,mean_global,best_overall,reg_em,reg_beta1,reg_betaext,reg_matched,reg_random,truefam
ucr,001_UCR_Anomaly_DISTORTED1sddb40_35000_52000_52620.txt,28,0.29197036000811255,0.43317833178917275,0.3502918923965573,-0.04691683569979721,0.466404452783983,0.15952540616402075,0.37964108125741464,0.036108653396963744,0.466404452783983,0.4067280482608891,0.015442679670940374,0.06653040670190391,0.015442679670940374,0.2624017577269866,local
ucr,009_UCR_Anomaly_DISTORTEDCIMIS44AirTemperature5_4000_4852_4900.txt,28,0.0,0.2869599346336399,0.41309742706651015,-0.025368421052631374,0.4115399790832033,0.6431805506995723,0.27003236134917663,0.6077428445740655,0.6851320546547249,0.3332112573383456,0.5638151972337652,0.5638151972337652,0.5638151972337652,0.23050104764128182,global
ucr,013_UCR_Anomaly_DISTORTEDECG3_15000_16000_16100.txt,28,0.30446679281474603,0.4919343678167854,0.3772414390694551,0.00189701897018979,0.38238369716887327,0.10396587299214637,0.19805486817713902,0.07273553378495295,0.38238369716887327,0.0,0.2977447245311257,0.0,0.2977447245311257,0.2502919635735468,local
ucr,014_UCR_Anomaly_DISTORTEDECG3_8000_17000_17100.txt,28,0.34179010984568586,0.5003931886775079,0.3982880431767984,-0.009661246612466146,0.5093995085592248,0.09963607877630982,0.2968250170870669,0.05468935507160311,0.5093995085592248,0.06338299036319966,0.3139639106073845,0.3139639106073845,0.3139639106073845,0.3249197253742604,local
ucr,020_UCR_Anomaly_DISTORTEDGP711MarkerLFM5z2_5000_7175_7388.txt,28,0.15663288267076816,0.4150486423645973,0.3936926635837839,-0.04517482517482507,0.16433029297959106,-0.021692061300039103,0.057712496521196484,-0.028870504237482244,0.16433029297959106,0.16927207466298588,0.03266657270795861,0.16927207466298588,0.03266657270795861,0.14854933420851418,local
ucr,026_UCR_Anomaly_DISTORTEDInternalBleeding15_1700_5684_5854.txt,28,0.08651446219444012,0.3211591362546235,0.4346403080938372,-0.01581460674157309,0.5622231308553199,0.16842422360638065,0.32733367676812564,0.12155208698471132,0.5622231308553199,0.0027030839589154976,0.0,0.0,0.0,0.330663027984859,local
ucr,035_UCR_Anomaly_DISTORTEDInternalBleeding8_2500_5865_5974.txt,28,0.08718605469953528,0.361309953078559,0.4808606759399277,-0.002356321839080411,0.1655804781209734,0.07631073874718666,0.05913827106073577,0.04184867143093474,0.1655804781209734,0.05705867442221722,0.05705867442221722,0.05705867442221722,0.05705867442221722,0.11460042615664946,local
ucr,036_UCR_Anomaly_DISTORTEDInternalBleeding9_4200_6599_6681.txt,28,0.07707022167619017,0.340648870805144,0.4845808675253225,-0.009137931034482794,-0.010952737795487,0.11738332177974072,-0.020088379866196725,0.0538272859301316,0.11738332177974072,0.142010194042256,0.142010194042256,0.142010194042256,0.142010194042256,0.10646287338460733,global
ucr,043_UCR_Anomaly_DISTORTEDMesoplodonDensirostris_10000_19280_19440.txt,28,0.11375432432893572,0.40547010729918026,0.39910440591713175,-0.03935215946843873,0.28945982435651446,0.06424321181519665,0.2428041417958139,0.03576907409970344,0.28945982435651446,0.22066350855866246,0.1669942849851091,0.0,0.1669942849851091,0.15005481375362495,local
ucr,052_UCR_Anomaly_DISTORTEDTkeepThirdMARS_3500_4711_4809.txt,28,0.45763907031695217,0.49000286697706885,0.35530465808263717,0.013259259259259193,0.6464118621021954,0.0594773019920043,0.22078192639671526,0.04063036256833233,0.6464118621021954,0.5665487677975828,0.0,0.4166566622491763,0.0,0.5146004702174005,local
ucr,058_UCR_Anomaly_DISTORTEDapneaecg_10000_12240_12308.txt,28,0.4025866455226206,0.5740367120417778,0.5221187214901191,-0.02803157894736852,0.5243697886863794,0.13472397781023795,0.21167738175516684,0.051792813285566106,0.5243697886863794,0.14519920246548318,0.0,0.14519920246548318,0.0,0.39984642329168624,local
ucr,059_UCR_Anomaly_DISTORTEDgait1_20000_38500_38800.txt,28,0.32672957422243537,0.47721961282282377,0.3619817876818309,-0.018519269776876346,0.19298164641494722,0.012180276953045925,0.12359322821820631,0.006783567378710738,0.19298164641494722,0.0,0.0,0.0,0.0,0.13003087480857073,local
ucr,060_UCR_Anomaly_DISTORTEDgait2_22000_46500_46800.txt,28,0.3648690669869915,0.4657666663294705,0.39124173154673136,-0.012819472616632743,0.23601303604501322,0.0003891901768452758,0.15875775044788554,-0.0016654421635171185,0.23601303604501322,0.020189765169289414,0.041419979264898266,0.020189765169289414,0.041419979264898266,0.15929768145282713,local
ucr,062_UCR_Anomaly_DISTORTEDgaitHunt1_18500_33070_33180.txt,28,0.272023189950672,0.4052937106229124,0.36896514024269095,-0.0012778904665315949,0.19806879213411657,0.022567339488109652,0.11136502374217296,0.0171725078613561,0.19806879213411657,0.018356026470550513,0.03261889970697074,0.018356026470550513,0.03261889970697074,0.12789642632177192,local
ucr,063_UCR_Anomaly_DISTORTEDgaitHunt2_18500_31200_31850.txt,28,0.24833737266129008,0.3961018070086794,0.3844035523921361,-0.006835699797160144,0.26399410423477454,0.011556428475625385,0.1489202389479685,0.007362606075098295,0.26399410423477454,0.0,0.09466960523671408,0.0,0.09466960523671408,0.1854761722412805,local
ucr,072_UCR_Anomaly_DISTORTEDltstdbs30791ES_20000_52600_52800.txt,28,0.41310604785724725,0.5214545768739766,0.4459360895385278,0.0008386411889598211,0.2464746936071849,0.1125856836283063,0.10932633379265667,0.07928442802069319,0.2464746936071849,0.08763673467444136,0.128770274835027,0.128770274835027,0.128770274835027,0.15656257106736599,local
ucr,073_UCR_Anomaly_DISTORTEDpark3m_60000_72150_72495.txt,28,0.2214017399717231,0.3728255250095698,0.35662032207789185,-0.004361054766734318,0.20888700512737815,0.028783517120890962,0.08547423294675072,0.005080947075371645,0.20888700512737815,0.026453047640444455,0.026453047640444455,0.026453047640444455,0.026453047640444455,0.16426889848327683,local
ucr,078_UCR_Anomaly_DISTORTEDresperation1_100000_110260_110412.txt,28,0.19330599694630476,0.3534687368232865,0.36447822874526653,-0.00949290060851915,0.607680070074375,0.18621139007078255,0.41883435064207214,0.1568599706982233,0.607680070074375,0.036937847053865824,0.0797010310607319,0.0,0.0797010310607319,0.30029795743990595,local
ucr,086_UCR_Anomaly_DISTORTEDsddb49_20000_67950_68200.txt,28,0.20437726144634621,0.36268597942109815,0.33067085491039055,-0.016825557809330594,0.20837976367897773,0.04088744821512496,0.13204198085206226,0.006033389020883772,0.20837976367897773,0.03909690711890601,0.0192274378827913,0.0,0.0192274378827913,0.14090167707107687,local
ucr,089_UCR_Anomaly_DISTORTEDtiltAPB1_100000_114283_114350.txt,28,0.19026510830188084,0.3343839726845531,0.35805976359974556,-0.006490872210953347,0.17713341800499538,0.008600056661187825,0.05320703578313897,0.004833150330087819,0.17713341800499538,0.10826734567534654,0.0,0.10826734567534654,0.0,0.14874592666519829,local
ucr,093_UCR_Anomaly_NOISE1sddb40_35000_52000_52620.txt,28,0.33258375866617435,0.41735585212255366,0.41322082610985594,-0.051825557809330736,0.4702697614072504,0.09396769715981733,0.37333249771156185,0.03342364996314487,0.4702697614072504,0.4102411456841805,0.0,0.06805046901450201,0.0,0.270659845067757,local
ucr,097_UCR_Anomaly_NOISEGP711MarkerLFM5z3_5000_5948_5993.txt,28,0.3659773722901781,0.5133506533565078,0.46865113333940217,0.0038461538461538325,0.6288857325695404,0.0023908233507544028,0.2769472609132986,-0.002383238709417956,0.6288857325695404,0.6277044539838548,0.0,0.6314189500160152,0.0,0.49700708004569316,local
ucr,099_UCR_Anomaly_NOISEInternalBleeding6_1500_3474_3629.txt,28,0.0794670622491665,0.3116671108850365,0.4690901046438052,-0.00584269662921344,0.6690058861813877,0.36393676909175315,0.527275377234369,0.28400785810662993,0.6690058861813877,0.0,0.005031316853980727,0.005031316853980727,0.005031316853980727,0.24201083850954136,local
ucr,102_UCR_Anomaly_NOISEMesoplodonDensirostris_10000_19280_19440.txt,28,0.12427694995002248,0.36573836368051166,0.3894547342600329,-0.047242524916943585,0.3252564321424243,0.20111645755540122,0.27708921835458883,0.07976582759158832,0.3252564321424243,0.21285688851876466,0.24158036568862884,0.21457968539009575,0.24158036568862884,0.14876389340780374,local
ucr,103_UCR_Anomaly_NOISETkeepThirdMARS_3500_4711_4809.txt,28,0.44099298070548604,0.4884864180163506,0.4400141193953659,-0.0012592592592594043,0.7948778367060924,0.11017878352794808,0.32751058054285487,0.05432202887017465,0.7948778367060924,0.40040103071255057,0.0,0.40040103071255057,0.0,0.6042871777873908,local
ucr,106_UCR_Anomaly_NOISEgaitHunt2_18500_31200_31850.txt,28,0.4225282533676478,0.4364995631663109,0.4885813275419617,-0.007565922920892421,0.3296756111952055,0.07177971604401119,0.2036012548278279,0.03758430366770115,0.3296756111952055,0.0022703518348097806,0.0,0.06000395153730553,0.0,0.206729021313678,local
ucr,107_UCR_Anomaly_NOISEinsectEPG3_5200_7000_7050.txt,28,0.009823011956939673,0.3041396555001621,0.4470997261429162,-0.07550420168067218,0.005964216325183263,0.1693047868112927,-7.297204731531314e-05,0.09819309205854687,0.1693047868112927,0.16782668589630195,0.17110425742721508,0.17110425742721508,0.17110425742721508,0.12398422224590677,global
ucr,117_UCR_Anomaly_CIMIS44AirTemperature5_4000_4852_4900.txt,28,0.0,0.294215724522008,0.41875640078401716,-0.021605263157894794,0.6147548979567047,0.6836702952491452,0.5029748243100689,0.6583993806688737,0.7514034728250514,0.1366485748683467,0.3724978184271536,0.3724978184271536,0.3724978184271536,0.15751649781326316,global
ucr,121_UCR_Anomaly_ECG3_15000_16000_16100.txt,28,0.3901194697839662,0.5213291047454344,0.404281081611175,-0.006775067750677599,0.4000459854777833,0.13743554976972344,0.23860802711611975,0.11052022030772385,0.4000459854777833,0.0,0.34190113297757513,0.0,0.34190113297757513,0.22483865235024802,local
ucr,122_UCR_Anomaly_ECG3_8000_17000_17100.txt,28,0.3901194697839662,0.5213291047454344,0.404281081611175,-0.006856368563685655,0.4469048186775626,0.051125144388820466,0.2832045791549089,0.030793694528686855,0.4469048186775626,0.0,0.2281313281450876,0.0,0.2281313281450876,0.2833542979837571,local
ucr,151_UCR_Anomaly_MesoplodonDensirostris_10000_19280_19440.txt,28,0.11822806128371044,0.41734329040488105,0.35766446235344934,-0.04136212624584712,0.3159534338029631,0.07662124925517166,0.25342116326457725,0.044092736595171496,0.3159534338029631,0.22889599528668092,0.24019227851331443,0.0056507152990810106,0.24019227851331443,0.16591826632825485,local
ucr,157_UCR_Anomaly_TkeepFirstMARS_3500_5365_5380.txt,28,0.4522826592706089,0.482408464846032,0.4186623898027865,0.0036111111111110095,0.3938100397255327,0.18746015805327443,0.1081976076939411,0.0727407896737902,0.3938100397255327,0.22371228146246339,0.07895067888210955,0.3293203016773818,0.07895067888210955,0.30829136725019696,local
ucr,160_UCR_Anomaly_TkeepThirdMARS_3500_4711_4809.txt,28,0.4541041430497729,0.4853393021560066,0.4156134519125017,0.005240740740740657,0.8670629076277777,0.10978099379472366,0.30540107160901253,0.06006899952804044,0.8670629076277777,0.7779518667334727,0.0,0.48348133496621026,0.0,0.6865705325857004,local
ucr,166_UCR_Anomaly_apneaecg_10000_12240_12308.txt,28,0.45567630352978694,0.5881344439225771,0.5550728103966448,-0.03059473684210523,0.4411418206715658,0.06269765014169869,0.20551650685095665,0.020702110306977033,0.4411418206715658,0.0,0.10998871740444893,0.0,0.10998871740444893,0.33260606723080655,local
ucr,167_UCR_Anomaly_gait1_20000_38500_38800.txt,28,0.5970627063017554,0.5485236683440948,0.4134070878119958,-0.008448275862068866,0.3692434666344599,0.03440303356675211,0.2083108487603672,0.014542502361541016,0.3692434666344599,0.11420975710777415,0.0,0.11420975710777415,0.0,0.25979980450140555,local
ucr,168_UCR_Anomaly_gait2_22000_46500_46800.txt,28,0.5351854119448525,0.55331799751765,0.3664857442736438,-0.016526369168356925,0.35892093836566447,0.020105763840712235,0.2047315135748683,0.0068005306784918,0.35892093836566447,0.11877998633317391,0.03761675149796795,0.11877998633317391,0.03761675149796795,0.2545161537011995,local
ucr,170_UCR_Anomaly_gaitHunt1_18500_33070_33180.txt,28,0.40067619057885656,0.4451894966278545,0.3735784346013315,-0.010324543610547576,0.4887220788501559,0.10044524933949099,0.2475617745302023,0.08923740612130632,0.4887220788501559,0.03417394775865562,0.009516537380635681,0.03417394775865562,0.009516537380635681,0.308439948178196,local
ucr,171_UCR_Anomaly_gaitHunt2_18500_31200_31850.txt,28,0.4155707446047859,0.45475049502102777,0.35219433013537715,-0.0072718052738337535,0.5610041778884148,0.12476478830263867,0.29717361549653926,0.09316947635802475,0.5610041778884148,0.13256544638977863,0.03727197390592729,0.13256544638977863,0.03727197390592729,0.3594558375840298,local
ucr,181_UCR_Anomaly_park3m_60000_72150_72495.txt,28,0.4185613481358907,0.46955440986216873,0.33747128093170703,-0.00012170385395537942,0.4281159746082448,0.11090708045631337,0.21274224821924392,0.06682796170420875,0.4281159746082448,0.07944798936474168,0.07253835334956232,0.07944798936474168,0.07253835334956232,0.2882510476903763,local
ucr,197_UCR_Anomaly_tiltAPB1_100000_114283_114350.txt,28,0.2894577375669622,0.3791673055963687,0.3994461249376871,0.00011156186612581998,0.22829148358030749,0.04809805012669472,0.0732423384394879,0.02304747435659953,0.22829148358030749,0.03270859410208038,0.03667512296583997,0.03667512296583997,0.03667512296583997,0.1818020877473981,local
ucr,207_UCR_Anomaly_CHARISten_3165_26929_26989.txt,28,0.08308798060685339,0.2551609097239145,0.41477977977406905,-0.017123217922606848,0.2323313396168398,0.13823344366717338,0.18729392213524756,0.06985014743927374,0.2323313396168398,0.01579307950014583,0.027861725276998678,0.01899694173832933,0.027861725276998678,0.11232532500593255,local
ucr,221_UCR_Anomaly_STAFFIIIDatabase_45616_163632_164852.txt,28,0.2998714637076661,0.5916336211392756,0.4900155616058343,-0.009350912778904652,0.2500615399045571,0.188643291614223,0.12258215816562724,0.12256968228816972,0.2500615399045571,0.09839941946297787,0.06446769615282813,0.09839941946297787,0.06446769615282813,0.13013444818880546,local
ucr,223_UCR_Anomaly_mit14046longtermecg_74123_131200_131700.txt,28,0.3688930678672718,0.569577176749989,0.29809171372513144,-0.025035496957403702,0.3040974087807981,0.7853343615960388,0.15455574580140893,0.23883734447662036,0.7853343615960388,0.6652528163362235,0.5555336841155842,0.6652528163362235,0.5555336841155842,0.6051105250135633,global
tsbad_u,228_MGAB_id_4_Synthetic_tr_25000_1st_38948.csv,28,0.16802615451539002,0.2653567385177255,0.34774771936255516,0.000881104033970237,0.2421350378744648,0.02937200887458739,0.07149282828131923,0.021962491778466004,0.2421350378744648,0.18001536972674329,0.0,0.18001536972674329,0.0,0.19749759414862245,local
tsbad_u,229_MGAB_id_5_Synthetic_tr_25000_1st_33098.csv,28,0.12386313327032061,0.2905128778205079,0.3964478007530085,-0.014533195020746903,0.22541210667078074,0.007806431556090417,0.05880442169390285,0.00366161357771851,0.22541210667078074,0.16249727304305506,0.0,0.16249727304305506,0.0,0.19545322838941612,local
tsbad_u,230_MGAB_id_6_Synthetic_tr_25000_1st_42441.csv,28,0.12270743338600837,0.28163798113890615,0.3504851219925486,-6.396588486157206e-05,0.382713870063261,0.03403716574063709,0.0801935365470738,0.01326622752292802,0.382713870063261,0.3196109500329038,0.0,0.3196109500329038,0.0,0.3402249519474245,local
ucr,244_UCR_Anomaly_tilt12754table_100013_104630_104890.txt,28,0.19562395750807587,0.3873533641314383,0.35508476953571616,-0.03466531440162268,0.18864717305194248,0.19484699455270948,0.08164304485190636,0.05833445484018672,0.19484699455270948,0.15812457984989392,0.10573333684188335,0.10573333684188335,0.10573333684188335,0.12874054399223656,global
ucr,248_UCR_Anomaly_weallwalk_2000_4702_4707.txt,28,0.2714226453323017,0.47641115920873234,0.334292231522729,-0.012474747474747416,0.5443000725150229,0.1544578073258217,0.13569360323800603,0.057666006266504165,0.5443000725150229,0.49007198170144306,0.0,0.0,0.0,0.4492143674173411,local
tsbad_u,302_Power_id_1_Facility_tr_7685_1st_7785.csv,28,0.3099164642539624,0.4958830198925655,0.3816184098615678,-0.02098930481283412,0.02453472525925601,0.1878118029858441,-0.04547831913371465,0.17093460741120833,0.1878118029858441,0.07671284022795131,0.19983694953232117,0.19983694953232117,0.19983694953232117,0.13015835880772902,global
tsbad_u,314_UCR_id_12_HumanActivity_tr_16250_1st_38500.csv,28,0.3301653676445309,0.474255708814127,0.35596594902973155,-0.019016227180527423,0.18545830465145216,0.013981253326114178,0.1316920195043325,0.007340024581296695,0.18545830465145216,0.0,0.0,0.0,0.0,0.1181589418460941,local
tsbad_u,345_UCR_id_43_Facility_tr_25000_1st_44630.csv,28,0.38182680922441065,0.38332033848288366,0.4082669679692164,-0.0070689655172414545,0.010475573335537912,0.10962030638332572,-0.0028634954746872628,0.0111671286076379,0.10962030638332572,0.11479338855949241,0.09914473304778781,0.10195523668431819,0.09914473304778781,0.10619761780576548,global
tsbad_u,368_UCR_id_66_Facility_tr_50000_1st_125720.csv,28,0.23033829884711404,0.5663102723556874,0.4095479161176074,-0.01573022312373229,0.38632805376754115,0.19619301556552368,0.14924930375638076,0.058036902365660024,0.38632805376754115,0.23003455419717347,0.0,0.23003455419717347,0.0,0.2798109327670774,local
tsbad_u,381_UCR_id_79_HumanActivity_tr_16000_1st_31200.csv,28,0.44044798609290825,0.43499502160130227,0.4969683382912214,-0.007342799188641003,0.32460285017221874,0.06384796060980229,0.19731563728294937,0.033719866561183094,0.32460285017221874,0.0,0.0609851140861708,0.0,0.0609851140861708,0.20451849756749918,local
tsbad_u,430_UCR_id_128_HumanActivity_tr_12500_1st_46500.csv,28,0.379379246105961,0.49210266529639457,0.3484936138350947,-0.01139784946236555,0.20949510281046527,0.010521160316630293,0.15023075780609954,0.005783597721277849,0.20949510281046527,0.009094265277142854,0.07094810974570695,0.009094265277142854,0.07094810974570695,0.13051994777999482,local
tsbad_u,433_UCR_id_131_Facility_tr_50000_1st_106720.csv,28,0.31072674380868354,0.5833362017083537,0.5160910599779976,0.0010141987829614951,0.25223672936794994,0.06529955852613455,0.12710854274220518,0.033879954121333794,0.25223672936794994,0.09996131865378452,0.011107895987094163,0.09996131865378452,0.011107895987094163,0.17413449158970545,local
tsbad_u,461_UCR_id_159_Medical_tr_45096_1st_131200.csv,28,0.3657435233238379,0.582836322695874,0.37237558214884575,-0.026871196754563953,0.3118716160380513,0.7860301727708293,0.16202553129874986,0.23258167367240123,0.7860301727708293,0.671404494650494,0.5054412332978133,0.671404494650494,0.5054412332978133,0.6059089301964719,global
tsbad_u,529_UCR_id_227_Facility_tr_19948_1st_52000.csv,28,0.29006588384300613,0.41849714282276473,0.3867620995037068,-0.0523225152129817,0.46800914688035683,0.11517479558500515,0.3760114240130222,0.039607524640139655,0.46800914688035683,0.4050124043276962,0.0,0.06378157607149815,0.0,0.2643885496651293,local
tsbad_u,867_OPPORTUNITY_id_26_HumanActivity_tr_808_1st_908.csv,28,0.13665367813670942,0.4116923075954658,0.4626121452684752,-0.01764423076923083,0.994541910331384,0.8957678442896913,0.9756833215063352,0.6586628714775702,0.994541910331384,0.0,0.03026379079010688,0.0024187452758880346,0.03026379079010688,0.18436941655350547,local
ovrbench,AbstractAnomalyBatch,65,0.46504748751154823,0.9001715539333789,0.5206287450004733,-0.20155225409836053,0.8868916070786822,0.0965852905624091,0.62109854235248,0.05912129560790654,0.8868916070786822,0.8380312099702576,0.8366491267701023,0.8380312099702576,0.8380312099702576,0.5674105126800959,local
oddbench,ArchaeologicalAnomalies,3,0.21700681658995954,0.4463509179200662,0.5900743266173287,-0.23705223880597015,0.2596825895705568,0.017682757344965654,0.07561144288098677,-0.015429301408090885,0.2596825895705568,0.0,0.0,0.28303394806330057,0.28303394806330057,0.22765167935630484,local
oddbench,ArtCollections,3,0.7547908528290657,0.6758870502765444,0.7384530491063351,-0.2231877510040161,0.28242552576943675,0.05209092341880819,0.0834483626210766,0.007301185937039473,0.28242552576943675,0.2387893022809951,0.14536500160843033,0.2387893022809951,0.2387893022809951,0.23832795221834957,local
oddbench,AustinCrime,4,1.0343791437836352,0.8766816698173434,0.722220357923387,-0.07879310344827595,0.21187911134198514,0.08842828864794085,0.09365647853016495,0.0437631973782657,0.21187911134198514,0.04729209362044223,0.2057392097986389,0.11892076757604104,0.2057392097986389,0.13227311299731348,local
ovrbench,BCellImmunity,10,0.10338920030147322,0.24357598905251915,0.29119898508439473,-0.09650159744408948,0.11415812283871603,0.2852019412133893,0.025220099111705335,0.0601560522334798,0.2852019412133893,0.2198695831393387,0.2198695831393387,0.2639372690087779,0.2198695831393387,0.2516173609122442,global
oddbench,BarExamPrediction,10,0.07842051217056582,0.23158947179415143,0.3547590803774158,-0.1311251314405888,0.3118964710695158,0.42416455256063573,0.1852705098782668,0.33566889983953146,0.42416455256063573,0.1502475370751149,0.1502475370751149,0.1584427268022074,0.1502475370751149,0.1622101198091157,global
oddbench,BaseballBattedBall,8,0.04220216660827902,0.2312921602734703,0.33059970062585825,-0.25612426035502966,0.03498108556623302,0.36599396317549177,-0.0009286614939645043,0.16562065825067876,0.36599396317549177,0.09114902819021764,0.1060868675304586,0.09114902819021764,0.09114902819021764,0.2763242276185246,global
oddbench,BaseballPitchingAnomalies,38,0.0,0.16693635786806896,0.38148614133043646,-0.21749042145593878,0.05574577503726843,0.32048538847564045,0.021002442515769677,0.1887342691659116,0.32048538847564045,0.23605652332737048,0.28605238881021644,0.23605652332737048,0.23605652332737048,0.22679272660452693,global
ovrbench,BatchProcessingEvents,6,1.390422435211139,0.6984877570761276,0.8007966025663826,-0.20214417177914112,0.3268935484003643,0.19864817853781083,0.29612090064722113,0.09946688008667066,0.3268935484003643,0.2613383640123395,0.2808926056050378,0.2786008886959908,0.2786008886959908,0.1367053868339656,local
ovrbench,BrainEEGSignals,14,0.06352097713392786,0.6380746611602723,0.395456193345082,-0.08497727272727273,0.5415929285713339,0.06055868516754028,0.1676978280856095,0.04353584632232948,0.5415929285713339,0.20947358659429166,0.0,0.0,0.0,0.43280074174226035,local
oddbench,BuildingEnergyCompliance,25,0.36801312813980025,0.844024658368794,0.3158059594618878,-0.013744769874477036,-0.0011334760888004117,0.20289593933596425,-0.01773346881055727,0.05316905140750503,0.20289593933596425,0.22731896174994917,0.23873783158083378,0.23873783158083378,0.23873783158083378,0.1968665689443318,global
oddbench,BuildingInspections,5,1.3759878691035745,0.5814901834199666,0.8201136591890872,-0.15135930493273542,0.2498623492182986,0.4074213692633371,0.09128285573632064,0.2720226557825556,0.4074213692633371,0.035231555063381825,0.1575590200450385,0.1917783571609876,0.1917783571609876,0.23355963979291147,global
oddbench,BusTracking,8,0.43938100405120106,0.8354435864365142,0.4997457308274014,-0.02513005780346811,0.7699810875288099,0.1343365026622452,0.39181868738570913,0.043469265404198466,0.7699810875288099,0.6356445848665647,0.0,0.7162217176889523,0.0,0.5617931831570097,local
ovrbench,BusinessAnomalies,5,0.5192968806434121,0.5343123746591111,0.7389331305307142,-0.24183470105509963,0.3709366416348323,0.32929009652781294,0.25904985526760027,0.26427294681046465,0.3709366416348323,0.0,0.09679791410246397,0.0,0.0,0.10421428474727795,local
oddbench,BusinessProcessFraud,7,0.2909005040914307,0.25054238566753045,0.3824672699988385,-0.2748262195121951,0.5630443589601946,0.7401078681455987,0.18349236220238688,0.4678032711384079,0.7401078681455987,0.6561471523261628,0.0,0.6561471523261628,0.6561471523261628,0.48141750807727807,global
ovrbench,CardiacHealth,5,0.04409521579014729,0.23623536091431305,0.4070518241077316,-0.030667046750284865,0.9670237659219385,0.4073705606594202,0.41638731676205637,0.25850062678486296,0.9670237659219385,0.0013383426064779158,0.0,0.0013383426064779158,0.0,0.646113720209573,local
ovrbench,CelestialObjects2,14,0.03385010712414568,0.2825020416687738,0.3222755842362497,-0.2311457109283196,0.29503856284750735,0.3301272394372452,0.17077242260239653,0.2362550382343802,0.34289715385250036,0.10014657382010586,0.04785859100499301,0.0284212672283507,0.0284212672283507,0.12825386718662735,global
oddbench,CityTreeCondition,10,0.3512779307675696,0.33884160693003845,0.5462046705285891,-0.02510822510822508,0.22845303549207374,0.06574176610949882,0.09246830661497521,0.017795392702156274,0.22845303549207374,0.10716864822488818,0.0,0.0,0.0,0.16324247118019775,local
oddbench,CodeSmell,6,0.8702860787918217,0.7799537332405103,0.7137589881847157,-0.22014005602240905,0.03541323356596352,0.1428499128248024,-0.007902728813597543,0.05361046029109504,0.1428499128248024,0.08857785100304372,0.08857785100304372,0.08857785100304372,0.08857785100304372,0.12043628174868193,global
oddbench,CodeStrata,4,0.5298033387971489,0.3405457527445915,0.589398990876367,-0.24298571428571425,0.2854834264904052,0.17428791497344828,0.09635402069351796,0.09646881606452,0.2854834264904052,0.16677536573823404,0.0,0.16677536573823404,0.16677536573823404,0.1953420646834347,local
ovrbench,Contaminant-detection-in-packaged-cocoa-hazelnut-spread-jars-using-Microwaves-Sensing-and-Machine-Learning-10.5GHz(Urbinati),30,0.15161572158442704,0.48407117433007824,0.5181910362191039,-0.0015208333333333046,0.18775657409190236,-0.08341047342004197,0.03406811331459089,-0.09687703110430806,0.18775657409190236,0.24848989340065356,0.1444951407108077,0.1444951407108077,0.1444951407108077,0.21046562920516637,local
ovrbench,CropWeedDetection,4,0.29749626657423245,0.480110509745609,0.6511744840504672,-0.14542746113989635,0.133485115846135,-0.01974851685414736,0.06908711727625255,-0.03390141300526222,0.133485115846135,0.008487291083540821,0.02999263790315357,0.008487291083540821,0.008487291083540821,0.11375035815585896,local
ovrbench,CryptojackingSystem,14,0.9070581297505802,0.776998790668138,0.4935572605551947,-0.13505997818974924,0.308150441988466,0.05069878892996499,0.11212674250843234,0.0038450978800874023,0.308150441988466,0.2926260110851077,0.02432260579703266,0.2926260110851077,0.02432260579703266,0.25212798749074716,local
ovrbench,CustomerChurn2,5,1.1544970774287753,0.31077318213486166,0.6102605828127923,-0.06596481876332616,0.2658883216651278,0.16162262767691513,0.1495894770346846,0.021766929852233302,0.2658883216651278,0.10003782558034055,0.20396717668658118,0.10003782558034055,0.20396717668658118,0.16116085130833574,local
ovrbench,DiabetesMetrics,12,0.07962625638739881,0.5788480061706781,0.3927701604498269,-0.25961309523809517,0.13467886101309698,0.3328461307286002,0.09645000411222783,0.24748044559484983,0.3328461307286002,0.0004531637625077023,0.26929590716517754,0.08456165511782071,0.08456165511782071,0.15908561273084007,global
oddbench,DiamondClarity,10,0.483579475049993,0.2984095960850001,0.4377482183760564,-0.1347459459459459,0.7591846794576541,0.19395561730180347,0.12058947877671135,0.04937387538548216,0.7591846794576541,0.6935699049839164,0.0,0.6935699049839164,0.0,0.6747669912884396,local
oddbench,DragonFlySystem,4,1.7669508945517205,0.712390632592922,0.748555768925967,-0.027522697795071438,0.18076244093048846,0.41823854979039926,0.12691530572468662,0.27658394150375326,0.41823854979039926,0.3129515921341737,0.3129515921341737,0.3129515921341737,0.3129515921341737,0.2270668117603423,global
ovrbench,EEGEyeState,14,0.8305005350328092,0.9830770490069722,0.44897856389236696,-0.004800910125142277,0.6864206121112718,0.08174629495121555,0.2950901898549205,0.06564207772115781,0.6864206121112718,0.24522543658254176,0.0,0.0,0.0,0.5055842195570264,local
ovrbench,ElectronicCommerceAnomalies,73,0.08036844348803805,0.4745631571099996,0.21782817625767378,-0.055387426900584846,0.27447043818351535,-0.050349272067794104,0.016238858793366773,-0.05594111106798392,0.27447043818351535,0.3294730914123331,0.0,0.2681808663902381,0.0,0.29304197293014583,local
oddbench,EmailSpamDetection,72,0.1395428483280519,0.5128480132860944,0.33486277289347166,-0.006908713692945989,0.19893730016834685,0.5135206533582451,0.098337350296305,0.3206003158489118,0.5135206533582451,0.0,0.4006626977316641,0.4006626977316641,0.4006626977316641,0.33465698856072273,global
ovrbench,EmployeePerformance,4,0.0788260865754297,0.30969086438151205,0.4550689810529876,-0.16100118483412318,0.27185107268497294,0.305368648489823,0.16460850964936052,0.10644096014733777,0.305368648489823,0.03351757580485004,0.03351757580485004,0.18555812822724294,0.18555812822724294,0.1768362198891954,global
oddbench,EnvironmentalConcernSurvey,5,0.6945326016618069,0.46705485067220504,0.6109851382529056,-0.17598988439306362,0.03127016987315488,0.25112388715539735,0.010612454580684182,0.19209780920780017,0.25112388715539735,0.04883973059594038,0.04883973059594038,0.028018511558195597,0.028018511558195597,0.17196967864680363,global
ovrbench,FakeNewsPropagation,11,0.5787155600714754,0.7502240169929167,0.37854640713648574,-0.21725443786982246,0.2872125190021219,0.3128353381303876,0.1923398466343058,0.22512081191068192,0.3128353381303876,0.01801351917265448,0.02541371204606302,0.02541371204606302,0.02541371204606302,0.10729647774590326,global
ovrbench,FinancialTransaction4,7,0.5989546724333873,0.3695664583896973,0.4029959607654825,-0.054154182272159845,0.18925720242311203,0.10974665467951998,0.11112963806556436,0.034293187514385724,0.18925720242311203,0.05320445624242082,0.06159198549687267,0.05320445624242082,0.06159198549687267,0.11307842711063804,local
oddbench,FishingAnomalies,3,0.8862223527845887,0.5148097172092128,0.556460898741942,-0.008730158730158921,0.17944841226811137,0.06959293750006586,0.11857858355080755,0.009186441053833469,0.17944841226811137,0.002867305642542145,0.13677150696347212,0.002867305642542145,0.13677150696347212,0.11314042422534573,local
ovrbench,FootballEfficiency,6,0.17628182662071615,0.13434507672633048,0.32698684432852504,-0.36822543352601156,0.3945075312506577,0.3289761052412941,0.31329039202669323,0.24903444522824866,0.3945075312506577,0.11188276036740752,0.13486870685831576,0.18626705115692552,0.18626705115692552,0.11163280324595026,local
oddbench,FraudEventLog,3,0.2580874403541423,0.41998350161058456,0.6562469012342312,-0.11180226570545826,0.3835743328209931,0.5055445544511392,0.1288085550596548,0.19199376816482136,0.5055445544511392,0.2789931745404999,0.2789931745404999,0.2789931745404999,0.2789931745404999,0.34462728963338074,global
oddbench,GPUPowerProfile,7,0.7195114131001062,0.6406736219444475,0.4517475623387745,-0.09786802030456854,0.25947879220611164,0.1024832476394714,0.10618878629217615,0.021063673961906792,0.25947879220611164,0.09608802901163835,0.017333434249784563,0.09608802901163835,0.017333434249784563,0.1778111550315842,local
oddbench,GPUResourceUsage,4,1.7646197146731566,0.8483937919398132,0.8045921680066322,-0.17107704402515733,0.26845234982266625,0.20271942209390936,0.008530424552972284,0.01567758887749256,0.26845234982266625,0.262767514716712,0.19155553483604437,0.2819853488838062,0.2819853488838062,0.26286768109844144,local
ovrbench,GamingBehavior,23,0.2356984889803441,0.5394051777834892,0.21321266519683005,-0.18886609071274296,0.7209634055861299,0.2817409015629757,0.5206804502766258,0.11954456527672695,0.7209634055861299,0.409611196908275,0.35528330670792146,0.409611196908275,0.409611196908275,0.36088727387776903,local
oddbench,GeneticAnalysis,5,0.7320317477441277,0.49161460081117775,0.6485825373051649,-0.1049763406940063,0.054928414443632535,0.11921430645228735,-0.0004561325213583372,0.05968482254519813,0.11921430645228735,0.12395204944622787,0.0916140562179115,0.10975860236746286,0.0916140562179115,0.1020335981308209,global
ovrbench,GesturePhaseSegmentationProcessed,32,0.242998030188257,0.8848674050864659,0.22270906663413229,-0.07563135593220316,0.34635186157718945,-0.08371642732244454,0.004294450578170528,-0.09284500011331193,0.34635186157718945,0.44868892988493014,0.000192220444131197,0.000192220444131197,0.000192220444131197,0.38883967828791155,local
oddbench,GlobalTerrorismAttack,5,0.3851310831954795,0.8590029852823827,0.6307019118563105,-0.10429846938775522,-0.00988578033262068,0.11287015521955816,-0.04094128345539292,0.03298823785700882,0.11287015521955816,0.16332748186069468,0.16332748186069468,0.16332748186069468,0.16332748186069468,0.12824080165593374,global
oddbench,GroceryErrorDept,3,1.1058179160209065,0.9440817856119644,0.7962439115557265,-0.17669419134396336,0.41446935739582114,0.4388526722423,0.34743374855416936,0.3282740441670365,0.4388526722423,0.04475822774990734,0.05687354648378656,0.03817708975912082,0.03817708975912082,0.10439145442636821,global
ovrbench,HeadingDetection,7,0.1806156419070432,0.4756344327404063,0.3072361765183372,-0.23271289537712903,0.031156195799097248,0.020138049981850523,-0.02968243771065059,-0.036229122625372555,0.031156195799097248,0.12141349375310509,0.12141349375310509,0.0842714206485791,0.0842714206485791,0.0691988409226234,local
oddbench,HeatVulnerability,6,0.22585538435941035,0.3074855715094557,0.4740322201583247,-0.019344919786096204,0.09735694558824937,0.4733465507524976,0.013796919729538393,0.21170489457443295,0.4733465507524976,0.39664418160790904,0.41120702517533075,0.41120702517533075,0.41120702517533075,0.38052275445025874,global
oddbench,HomicideCircumstance,7,1.06618651625963,0.35813217699404626,0.4204965810004859,-0.0015184049079756123,0.17514831049561005,0.1527154509028715,0.058424902953674245,0.0804805719775691,0.17514831049561005,0.08853941046058832,0.08853941046058832,0.08853941046058832,0.08853941046058832,0.1024710471997971,local
oddbench,HospitalReadmissions,7,0.8709171050217887,0.2620402913565045,0.32201281281203564,-0.1079783484390735,0.25377848522605156,0.0632902607593989,0.2020742432492965,0.04677885768387271,0.25377848522605156,0.22553892864785963,0.22553892864785963,0.19048822446665264,0.22553892864785963,0.12552892379717914,local
oddbench,HumanRobotCollaboration,3,0.2267993264463444,0.30180140657048904,0.5711804730606963,0.00010403916768675359,0.05861464777895342,0.06473515706250837,0.03968221870159511,-0.010311297517070979,0.2354882846888551,0.22443542304716557,0.17762322925912943,0.17762322925912943,0.17762322925912943,0.2122419413918033,global
ovrbench,ImageSegmentation,59,0.04937275902026416,0.36035401700129394,0.3991971938854355,-0.20597115384615372,0.3215582766030876,0.0930483804826902,0.25472917982778465,0.06552338695377531,0.3215582766030876,0.20564574737337854,0.25751774053158705,0.208920513340207,0.208920513340207,0.1502548766150308,local
ovrbench,JobChangePatterns,3,0.3747186423670614,0.4619150979248506,0.7176455476647715,-0.27102556109725673,0.0322542467749602,0.29043287861731776,-0.007755427406666632,0.18830414115477848,0.30205352982052863,0.2360004717361569,0.2360004717361569,0.0,0.0,0.21633248237155273,global
ovrbench,JobMarket,5,0.16835983705171154,0.28572438806401673,0.5230108518010381,-0.18007703081232507,0.8249830313102251,0.2558411009938805,0.2692929611531784,0.14612830553783118,0.8249830313102251,0.812172590232128,0.812172590232128,0.7783434403743666,0.7783434403743666,0.6217721492537789,local
ovrbench,KickstarterCampaigns,5,1.153675504646741,0.9375424795208567,0.7216189883585001,-0.04590036014405774,0.024754833719774837,0.3073133551839032,0.0001614672415869406,0.05843172926810001,0.3073133551839032,0.24289734953614855,0.24289734953614855,0.2399530353700608,0.24289734953614855,0.28663089689619786,global
oddbench,LandRarity,7,0.1264146440585682,0.2467040948737507,0.42174885805748336,-0.11590909090909096,0.06942016690402829,0.1789182906505611,-0.050697716247307296,0.04667489827852131,0.1789182906505611,0.002486644022386464,0.002486644022386464,0.1780899384707327,0.002486644022386464,0.19495380938239942,global
oddbench,LandShapeAnomaly,11,0.2900931407297421,0.28827894910100205,0.3270407117818955,-0.2164104372355431,0.11625939542937554,0.18947264509788084,0.04755334363943853,0.0987678334240023,0.20935908262417566,0.001440696268934838,0.001440696268934838,0.001440696268934838,0.001440696268934838,0.1325837678983261,global
ovrbench,MalariaDetection,5,1.5730839774618055,0.6104361431399018,0.8590559872603414,-0.07666666666666655,0.16194014679137675,0.5152900546481826,0.036196738114450594,0.2651451684798423,0.5152900546481826,0.15936498544989391,0.5452921667951525,0.5863355502920281,0.5452921667951525,0.391807526159173,global
ovrbench,MalwareHardwareMetrics,16,0.9107668143797999,0.6057681300201866,0.3120654121914313,-0.10419068736141901,0.5303636604002399,0.258083168190248,0.3392272161916654,0.1276596275745815,0.5303636604002399,0.19670438969201676,0.0,0.19670438969201676,0.0,0.25358999939706045,local
ovrbench,MissingInformation1,20,0.031142934602139107,0.19741150551094483,0.3919443903539573,-0.400869140625,0.40629340222091465,0.3014087717393039,0.2531398773917244,0.13946996260521538,0.41514408618573695,0.3053564965433255,0.4028171092673498,0.3053564965433255,0.3053564965433255,0.20761174935874577,local
ovrbench,MolecularAnomalies1,106,0.04488640065003503,0.36679425779509467,0.4135385366057152,-0.20689361702127662,0.04875535797397903,0.4093412349441023,-0.011465440148979525,0.2699713023635724,0.4093412349441023,0.022112081518917526,0.0,0.0,0.0,0.28627335886139005,global
oddbench,MusicGenreAnomaly,13,0.5083471641096571,0.442282469296036,0.38412480078566724,-0.042643835616438364,0.7838959218951178,0.08307844848505212,0.16415970812085753,0.049844313221589526,0.7838959218951178,0.2704093513620055,0.2704093513620055,0.2704093513620055,0.2704093513620055,0.6772293609263879,local
ovrbench,NetworkHealthMonitor,22,0.5546200927794701,0.8768091256420265,0.3322618743138271,-0.06600998890122078,0.45497240789698873,0.429566704787753,0.2925142573255738,0.2960272521698927,0.45497240789698873,0.13615345851556393,0.058591241443048725,0.042592945309081864,0.058591241443048725,0.15858461366981186,local
ovrbench,NeuroSignalEEG,12,0.0,0.12160033676542502,0.3693004065587285,-0.1260551558752997,0.040316311154527086,0.3649035465692956,0.02315208121746206,0.07696241650622754,0.3649035465692956,0.0,0.0,0.11947516285145274,0.0,0.3245463599726349,global
ovrbench,OrbitalAnomalies,11,0.0,0.23248141613544027,0.4137938504982763,-0.26833898305084747,0.024533307287158246,0.7445170258442556,0.002331001526430579,0.4334529708380129,0.7445170258442556,0.3935081469310427,0.6786787579494729,0.2098892824449402,0.2098892824449402,0.5528219547811917,global
ovrbench,PatientSurvival1,9,0.06349461530007955,0.269738563213149,0.2861938152217137,-0.3343364928909951,0.2676297830678018,0.42883093313694204,0.20623854207462944,0.3403971108287001,0.42883093313694204,0.015905896200164138,0.20888958873751498,0.015905896200164138,0.015905896200164138,0.1566999551132358,global
ovrbench,PerformanceBenchmark,4,1.438579356514656,0.6916523104844616,0.745653651427159,-0.20136831275720168,0.5530304902246287,0.6227470061953019,0.31157565613068705,0.25321444974503976,0.6227470061953019,0.1948041046684988,0.27018292951152156,0.2079904409107357,0.2079904409107357,0.3219389040388291,global
ovrbench,PokemonBattle,12,0.014442187249987819,0.1932574917852277,0.30184420961119923,-0.2353131634819533,0.2190516705370242,0.1689559965678953,0.12329820718912943,0.1038680872755443,0.2190516705370242,0.06989880141652924,0.0,0.06989880141652924,0.06989880141652924,0.10523879639040713,local
oddbench,PoliceArrestFraud,3,0.271512465435282,0.4786740922569362,0.6686520737349579,-0.05668367346938774,0.0737029516793191,0.33531692868503465,0.025826259344939956,0.10940626835134513,0.34779583257936864,0.07784978601300258,0.07784978601300258,0.07784978601300258,0.07784978601300258,0.2744365495272889,global
oddbench,PoliceForceDisturbance,18,0.06766614247791103,0.26285900447781185,0.3596597685304519,-0.08886281588447653,0.11853060215244204,-0.04057289370994639,0.020103196805164675,-0.07949165221039821,0.11853060215244204,0.22763312429189753,0.1901382161096331,0.1901382161096331,0.1901382161096331,0.13550758273597963,local
oddbench,ProtestViolence,7,0.754334967627181,0.9015302159784704,0.27331466095174,-0.014640391254315266,0.0192839254378044,0.6845528076875779,-0.013055876165341141,0.38090411076034086,0.6845528076875779,0.6237451963186557,0.6950969268753312,0.6905292057317277,0.6950969268753312,0.5333799963010697,global
oddbench,RacingMotion,10,0.16564174703133008,0.29423926661291466,0.37502672244332985,-0.18310567010309275,0.9890358912532656,0.19817262982893177,0.7723829024083576,0.11144146922593484,0.9890358912532656,0.9286897178671103,0.9286897178671103,0.7831564520240794,0.7831564520240794,0.5467873422301865,local
ovrbench,RealEstateData,4,0.06949434989156082,0.22063269320930443,0.5934971392776554,-0.09401413189771202,0.02783812183143076,0.3329415512751761,0.010591301752895915,0.018695172146522412,0.3329415512751761,0.11514581068214383,0.11514581068214383,0.07352103920289349,0.11514581068214383,0.32470119059958624,global
ovrbench,Run_or_walk_information,6,0.40604189453378714,0.41056731073873903,0.4203685243491564,-0.17657596982758628,0.547177955116544,0.04275827940311705,0.19450335225885343,-0.025793070521154027,0.547177955116544,0.6181394318540356,0.0,0.41288546757757283,0.41288546757757283,0.46865803845353593,local
oddbench,SalesPerformance,7,0.36762644943681805,0.41585770454610477,0.42244870942801277,-0.15298295454545452,0.1808849215458513,0.3528135264924955,0.13563380978961825,0.2797947974626299,0.3528135264924955,0.020041558482786714,0.020041558482786714,0.13658234982101755,0.13658234982101755,0.15075369097124822,global
ovrbench,ScientificMeasurement,3,0.29992139985604244,0.5124750363924098,0.6355475522177888,-0.03497816593886449,0.8206987169140457,0.3792600101793959,0.2177832651909603,0.13215173947938397,0.8206987169140457,0.0,0.05864872946062705,0.11163060393284763,0.05864872946062705,0.6344685726156523,local
ovrbench,SensorAnomaly,10,0.20749677490884857,0.9055027453293868,0.2835385109554936,-0.2503315217391304,0.19139698694249846,0.06659311872873243,0.0920428760490355,0.052465907821152034,0.19139698694249846,0.12362926141931461,0.08780165960186635,0.12362926141931461,0.12362926141931461,0.11666459332793172,local
ovrbench,ShuttleOperations,8,0.5890206395017453,0.5250494539567678,0.48368354334706337,-0.0522552019583844,0.8538137003728311,0.2902860404712669,0.6289087662258793,0.0961436348347325,0.8538137003728311,0.04244938786741215,0.0,0.04244938786741215,0.0,0.4921604110613943,local
ovrbench,SolarFlare,15,0.4437516833736467,0.47384801542745497,0.3749945458483952,-0.19049586776859495,0.2647540218956803,0.37072162701514677,0.09183081004141162,0.30551658855961356,0.37072162701514677,0.01584732424242613,0.10596760511946646,0.01717847863141242,0.01717847863141242,0.1645603528086886,global
ovrbench,SpatialAnomalies,14,0.0029387568971832277,0.1898984204549231,0.34678539867888825,-0.13213307240704497,0.40862940503765177,-0.011932323208106173,0.18448224015615244,-0.01668991353930314,0.40862940503765177,0.018075506390028417,0.018075506390028417,0.018075506390028417,0.018075506390028417,0.32694605632874973,local
ovrbench,SpeechAnalysis,14,0.4893519440747321,0.5129940212336015,0.3643761196284298,-0.25472660357518395,0.1501019346911993,0.5259160800547172,-0.061760290693852665,0.13071759879775882,0.5259160800547172,0.4719928920770712,0.4342700742173005,0.4342700742173005,0.4342700742173005,0.5069016260692389,global
ovrbench,SpotifyHitPredictor,13,0.061739830195875284,0.23160737099122616,0.3049628814830628,-0.23894531250000006,0.2188261897043109,0.4339622730456987,0.1662105881021544,0.31164366580841063,0.4339622730456987,0.06001841990857887,0.06001841990857887,0.06001841990857887,0.06001841990857887,0.1956193687953256,global
ovrbench,SyntheticNumericalBatch,128,0.09242974092674089,0.3652656270924577,0.26208775127299894,-0.0008760683760683508,0.21472423901235924,0.046375053832469836,0.009787200742158893,0.009400868008089489,0.21472423901235924,0.08341340268651207,0.040546945314892835,0.18657436098310742,0.040546945314892835,0.20686676353895822,local
oddbench,SystemFailureCases,4,0.6169320220830405,0.5574399633348893,0.43841502239196367,-0.04658783783783804,0.3566940899797248,0.31887916590715565,0.28151243537608334,0.18345194828270436,0.3566940899797248,0.01843142461565428,0.12044356049256091,0.01843142461565428,0.12044356049256091,0.11704301205900022,local
ovrbench,SystemPerformance2,6,1.0765692125223059,0.6189712972356041,0.6774469678537711,-0.020688689809630456,0.6498214143428721,0.24074112369273007,0.2972848658726515,0.1459773938765229,0.6498214143428721,0.0,0.0,0.0,0.0,0.4546453566032681,local
oddbench,TBAnomalyDetection,3,0.01680100763395425,0.2982770753386227,0.5191727192470602,-0.1884129032258065,0.2677956081169525,0.3084061742236104,0.11503588628246575,0.154894989879887,0.3084061742236104,0.09886217007881101,0.23909156746510474,0.05475564397240984,0.05475564397240984,0.1588445502698758,global
ovrbench,TrafficSensor,9,0.3712716885117879,0.2853906264131497,0.4523992403639919,-0.035417149478563115,0.7170575708672576,0.18653016580028883,0.17548817889081084,0.07780738940005656,0.7170575708672576,0.10777454481733528,0.0,0.5411290590085924,0.0,0.5842303772275728,local
oddbench,TreadmillStatus,7,0.4687084828464378,0.3994406046897324,0.4123216131263551,-0.07548677248677249,0.5395186960227925,0.03907092818361658,0.27862411195053605,-0.030706837568142603,0.5395186960227925,0.26953997644012234,0.26953997644012234,0.3834000507203651,0.26953997644012234,0.39550277438838444,local
oddbench,TrialBehavior,3,0.007483308793996211,0.35922590781386243,0.35160412633365734,-0.30503278688524604,0.022138934012954744,0.1052307877951801,-0.003567039629615384,0.0150468271506842,0.1052307877951801,0.0,0.08763456006819056,0.08763456006819056,0.08763456006819056,0.10130433248210259,global
ovrbench,UrlAnalysis,15,0.5179821101863207,0.2695340108479141,0.5074102057404837,-0.14453616352201248,0.24895704924976333,0.41308331655107855,0.19724543458867796,0.15455841987632438,0.49598989630895224,0.06544441292673309,0.6085110790534596,0.06635868979580845,0.06635868979580845,0.2728041193498416,global
oddbench,UserEventAnomalies,3,0.6722728898978985,0.4133458983565422,0.3178150443889676,-0.18983822042467136,0.027420494774999537,0.8306423531709236,0.009050932401870028,0.08353146021104833,0.8306423531709236,0.805914494294446,0.7695278812761362,0.8640462974694911,0.8640462974694911,0.7963193169505218,global
oddbench,UserTrackingAnomalies,5,0.758877157264581,0.5368156915773269,0.6380997568206781,-0.00615537848605574,0.42063158078431356,0.3210358807119596,0.11907856984120567,0.11159600380838149,0.42063158078431356,0.0,0.0,0.0,0.0,0.3090671036723277,local
ovrbench,ViralProteinFunction,3,0.5141670628110377,0.5658778464586408,0.6823557972556092,-0.11916848418756809,0.11595659796091183,0.33012781564786386,0.0709252956208776,0.11685796377619147,0.33012781564786386,0.24560721451998413,0.28052497350373523,0.21116894592496732,0.28052497350373523,0.24008806515024583,global
oddbench,VoteOutcome,8,0.765961728152531,0.7578640041194924,0.349226024298483,-0.0553215020576131,0.6686865569158238,0.2525483659081243,0.2737927196788009,0.17374060778736924,0.6686865569158238,0.47186367576382615,0.008181225350263555,0.45464477613323584,0.008181225350263555,0.4497484606705907,local
oddbench,WaterChemistry,25,0.3129771235857231,0.5462584757903797,0.3677841319201045,-0.005719999999999947,0.6942669816216918,0.4112690008666225,0.25516671667642266,0.23904437507441123,0.6942669816216918,0.5389454697539806,0.06647072205724547,0.5389454697539806,0.06647072205724547,0.45897255102211487,local
oddbench,WaterMeterAnomaly,5,1.9744155819834726,0.7061531032767061,0.7835174551419672,-0.044483695652173805,0.9733638018750286,0.5217770374151112,0.413560936560986,0.1449234224618026,0.9733638018750286,0.9227579211449144,0.00020470045912235335,0.9227579211449144,0.00020470045912235335,0.7153452614344704,local
oddbench,WebTrafficError,6,0.7121671526143195,0.259533269497276,0.5281323743789238,-0.20599202127659577,0.11825214689409436,0.20352584228125095,0.02443280893040866,0.07128117796959078,0.291586264441901,0.23502923861342664,0.23502923861342664,0.0030305711070043317,0.0030305711070043317,0.2269289477741921,global
ovrbench,WellMetrics,8,0.18999446322684307,0.3185148224280383,0.39645660827614876,-0.20455813953488367,0.6119285013511221,0.549549082081728,0.5332828876506284,0.32725995982717104,0.6119285013511221,0.062379419269394054,0.13867378384146384,0.062379419269394054,0.062379419269394054,0.17122995495990984,local
ovrbench,XSSDetection,56,0.40823516680691824,0.6192521993758933,0.2695717389610716,-0.09363347457627114,0.03590513038357457,0.4094323988516764,-0.06404158929225921,0.2865511907788994,0.4094323988516764,0.15544069938087068,0.26498088283101545,0.05812629981275641,0.26498088283101545,0.3128084915290965,global
oddbench,ZookeeperLogs,3,0.4518875704061755,0.3605659310430146,0.5554601890858156,-0.11250512820512826,0.30690146078557146,0.023866965726605238,0.036467024277207494,-0.016921451782909595,0.30690146078557146,0.2830344950589662,0.0,0.0,0.0,0.2982487347649694,local
ovrbench,ailerons,28,0.0705923286048132,0.5925697927725577,0.34189503926228576,-0.04322620519159448,0.1520239041213465,0.3409301474075655,0.06021442927834819,0.2684298179165727,0.3409301474075655,0.0457476550099134,0.0457476550099134,0.0457476550099134,0.0457476550099134,0.1746759250720933,global
ovrbench,madeline,255,0.0,0.19820546736576103,0.40443095541329427,-0.06952531645569615,0.15296001784840285,0.020078287912832372,0.09297513593715527,-0.007318821304271062,0.15296001784840285,0.15498770772460202,0.1420082285539417,0.039580252112103434,0.1420082285539417,0.11004861416402702,local
ovrbench,mozilla4,4,0.29891135558577925,0.3822217832755967,0.5957376625677381,-0.07055403930130999,0.5671808273798685,0.26452900221193487,0.2084848909330236,0.04865819586827517,0.5671808273798685,0.5411052551815354,0.051211196153911676,0.5411052551815354,0.051211196153911676,0.45583217399779197,local
ovrbench,ozone-level-8hr,72,0.017887695451171217,0.3330415455174131,0.3464080887559162,-0.04629473684210528,0.1576903594414087,0.04628294204342345,-0.0021087009275811194,-0.03455525724511233,0.1576903594414087,0.22085964243503453,0.03122661281707806,0.22085964243503453,0.03122661281707806,0.17443999967508036,local
ovrbench,philippine,308,0.04557877564960786,0.2659684872800646,0.3661067836936063,-0.23557461406518,0.052117145228883215,0.23611899336321499,0.03333233154551258,0.19429471808107912,0.23611899336321499,0.03006183658846956,0.21973938070273097,0.0035071214697240116,0.0035071214697240116,0.13272874878455115,global
ovrbench,students_dropout_and_academic_success,14,0.454623808288327,0.6958309242702455,0.4753992040901556,-0.12166289592760182,0.3484434368652399,0.2212383517595461,0.2323336849254772,0.18319800899255131,0.3484434368652399,0.2045290311180408,0.2045290311180408,0.031034775974817186,0.2045290311180408,0.12850416699893316,local
