dataset,detector,subset,K,selection,n_train,n_anom,n_norm,pseudo_auc
synth_blobs,IForest,0,30,composite_top_quartile,1216,40,304,0.9890625
synth_blobs,IForest,1,30,composite_top_quartile,1216,40,304,0.9958059210526315
synth_blobs,IForest,2,30,composite_top_quartile,1216,40,304,0.9879111842105264
synth_blobs,IForest,3,30,composite_top_quartile,1216,40,304,0.9957236842105264
synth_blobs,IForest,4,30,composite_top_quartile,1216,40,304,0.9947368421052633
synth_blobs,IForest,5,30,composite_top_quartile,1216,40,304,0.9957236842105264
synth_blobs,IForest,6,30,composite_top_quartile,1216,40,304,0.9943256578947368
synth_blobs,IForest,7,30,composite_top_quartile,1216,40,304,0.9901315789473684
synth_blobs,IForest,8,30,composite_top_quartile,1216,40,304,0.9908717105263158
synth_blobs,IForest,9,30,composite_top_quartile,1216,40,304,0.9883223684210527
synth_blobs,IForest,10,30,composite_top_quartile,1216,40,304,0.9922697368421052
synth_blobs,IForest,11,30,composite_top_quartile,1216,40,304,0.9912006578947368
synth_blobs,IForest,12,30,composite_top_quartile,1216,40,304,0.9916940789473685
synth_blobs,IForest,13,30,composite_top_quartile,1216,40,304,0.9922697368421052
synth_blobs,IForest,14,30,composite_top_quartile,1216,40,304,0.9895559210526316
synth_blobs,LOF,0,30,composite_top_quartile,1216,40,304,0.9905427631578948
synth_blobs,LOF,1,30,composite_top_quartile,1216,40,304,0.9953947368421052
synth_blobs,LOF,2,30,composite_top_quartile,1216,40,304,0.9896381578947367
synth_blobs,LOF,3,30,composite_top_quartile,1216,40,304,0.9974506578947369
synth_blobs,LOF,4,30,composite_top_quartile,1216,40,304,0.9972039473684211
synth_blobs,LOF,5,30,composite_top_quartile,1216,40,304,0.9971217105263158
synth_blobs,LOF,6,30,composite_top_quartile,1216,40,304,0.9945723684210526
synth_blobs,LOF,7,30,composite_top_quartile,1216,40,304,0.9948190789473684
synth_blobs,LOF,8,30,composite_top_quartile,1216,40,304,0.995970394736842
synth_blobs,LOF,9,30,composite_top_quartile,1216,40,304,0.9942434210526316
synth_blobs,LOF,10,30,composite_top_quartile,1216,40,304,0.9937499999999999
synth_blobs,LOF,11,30,composite_top_quartile,1216,40,304,0.9938322368421053
synth_blobs,LOF,12,30,composite_top_quartile,1216,40,304,0.9906250000000001
synth_blobs,LOF,13,30,composite_top_quartile,1216,40,304,0.9931743421052632
synth_blobs,LOF,14,30,composite_top_quartile,1216,40,304,0.9939967105263159
synth_blobs,KNN,0,30,composite_top_quartile,1216,40,304,0.9905427631578947
synth_blobs,KNN,1,30,composite_top_quartile,1216,40,304,0.9957236842105263
synth_blobs,KNN,2,30,composite_top_quartile,1216,40,304,0.9885690789473685
synth_blobs,KNN,3,30,composite_top_quartile,1216,40,304,0.995641447368421
synth_blobs,KNN,4,30,composite_top_quartile,1216,40,304,0.996217105263158
synth_blobs,KNN,5,30,composite_top_quartile,1216,40,304,0.9958059210526317
synth_blobs,KNN,6,30,composite_top_quartile,1216,40,304,0.9947368421052633
synth_blobs,KNN,7,30,composite_top_quartile,1216,40,304,0.9925986842105263
synth_blobs,KNN,8,30,composite_top_quartile,1216,40,304,0.9947368421052631
synth_blobs,KNN,9,30,composite_top_quartile,1216,40,304,0.9933388157894737
synth_blobs,KNN,10,30,composite_top_quartile,1216,40,304,0.9935855263157896
synth_blobs,KNN,11,30,composite_top_quartile,1216,40,304,0.9926809210526316
synth_blobs,KNN,12,30,composite_top_quartile,1216,40,304,0.9898848684210526
synth_blobs,KNN,13,30,composite_top_quartile,1216,40,304,0.9931743421052632
synth_blobs,KNN,14,30,composite_top_quartile,1216,40,304,0.9930098684210527
synth_blobs,OCSVM,0,30,composite_top_quartile,1216,40,304,0.9913651315789473
synth_blobs,OCSVM,1,30,composite_top_quartile,1216,40,304,0.9967927631578948
synth_blobs,OCSVM,2,30,composite_top_quartile,1216,40,304,0.9888157894736842
synth_blobs,OCSVM,3,30,composite_top_quartile,1216,40,304,0.996875
synth_blobs,OCSVM,4,30,composite_top_quartile,1216,40,304,0.9970394736842105
synth_blobs,OCSVM,5,30,composite_top_quartile,1216,40,304,0.9965460526315789
synth_blobs,OCSVM,6,30,composite_top_quartile,1216,40,304,0.9951480263157895
synth_blobs,OCSVM,7,30,composite_top_quartile,1216,40,304,0.9939144736842106
synth_blobs,OCSVM,8,30,composite_top_quartile,1216,40,304,0.9953125
synth_blobs,OCSVM,9,30,composite_top_quartile,1216,40,304,0.9948190789473684
synth_blobs,OCSVM,10,30,composite_top_quartile,1216,40,304,0.9941611842105263
synth_blobs,OCSVM,11,30,composite_top_quartile,1216,40,304,0.9938322368421053
synth_blobs,OCSVM,12,30,composite_top_quartile,1216,40,304,0.9911184210526316
synth_blobs,OCSVM,13,30,composite_top_quartile,1216,40,304,0.9921052631578948
synth_blobs,OCSVM,14,30,composite_top_quartile,1216,40,304,0.9949013157894736
synth_blobs,ECOD,0,30,composite_top_quartile,1216,40,304,0.9796874999999999
synth_blobs,ECOD,1,30,composite_top_quartile,1216,40,304,0.9864309210526316
synth_blobs,ECOD,2,30,composite_top_quartile,1216,40,304,0.9783717105263159
synth_blobs,ECOD,3,30,composite_top_quartile,1216,40,304,0.9875822368421052
synth_blobs,ECOD,4,30,composite_top_quartile,1216,40,304,0.9834703947368422
synth_blobs,ECOD,5,30,composite_top_quartile,1216,40,304,0.986842105263158
synth_blobs,ECOD,6,30,composite_top_quartile,1216,40,304,0.9845394736842106
synth_blobs,ECOD,7,30,composite_top_quartile,1216,40,304,0.9825657894736841
synth_blobs,ECOD,8,30,composite_top_quartile,1216,40,304,0.9842105263157894
synth_blobs,ECOD,9,30,composite_top_quartile,1216,40,304,0.9830592105263158
synth_blobs,ECOD,10,30,composite_top_quartile,1216,40,304,0.9835526315789475
synth_blobs,ECOD,11,30,composite_top_quartile,1216,40,304,0.9848684210526316
synth_blobs,ECOD,12,30,composite_top_quartile,1216,40,304,0.9816611842105264
synth_blobs,ECOD,13,30,composite_top_quartile,1216,40,304,0.9814967105263158
synth_blobs,ECOD,14,30,composite_top_quartile,1216,40,304,0.9828947368421053
synth_blobs,COPOD,0,30,composite_top_quartile,1216,40,304,0.9860197368421053
synth_blobs,COPOD,1,30,composite_top_quartile,1216,40,304,0.9903782894736842
synth_blobs,COPOD,2,30,composite_top_quartile,1216,40,304,0.981907894736842
synth_blobs,COPOD,3,30,composite_top_quartile,1216,40,304,0.9935032894736842
synth_blobs,COPOD,4,30,composite_top_quartile,1216,40,304,0.9898026315789474
synth_blobs,COPOD,5,30,composite_top_quartile,1216,40,304,0.9914473684210526
synth_blobs,COPOD,6,30,composite_top_quartile,1216,40,304,0.9902138157894737
synth_blobs,COPOD,7,30,composite_top_quartile,1216,40,304,0.9896381578947369
synth_blobs,COPOD,8,30,composite_top_quartile,1216,40,304,0.9912006578947368
synth_blobs,COPOD,9,30,composite_top_quartile,1216,40,304,0.9899671052631578
synth_blobs,COPOD,10,30,composite_top_quartile,1216,40,304,0.9903782894736843
synth_blobs,COPOD,11,30,composite_top_quartile,1216,40,304,0.9907072368421053
synth_blobs,COPOD,12,30,composite_top_quartile,1216,40,304,0.9865131578947368
synth_blobs,COPOD,13,30,composite_top_quartile,1216,40,304,0.9841282894736842
synth_blobs,COPOD,14,30,composite_top_quartile,1216,40,304,0.9879111842105264
synth_blobs,HBOS,0,30,composite_top_quartile,1216,40,304,0.9740131578947369
synth_blobs,HBOS,1,30,composite_top_quartile,1216,40,304,0.984046052631579
synth_blobs,HBOS,2,30,composite_top_quartile,1216,40,304,0.9773848684210525
synth_blobs,HBOS,3,30,composite_top_quartile,1216,40,304,0.985608552631579
synth_blobs,HBOS,4,30,composite_top_quartile,1216,40,304,0.9810855263157895
synth_blobs,HBOS,5,30,composite_top_quartile,1216,40,304,0.985608552631579
synth_blobs,HBOS,6,30,composite_top_quartile,1216,40,304,0.9821546052631579
synth_blobs,HBOS,7,30,composite_top_quartile,1216,40,304,0.9830592105263157
synth_blobs,HBOS,8,30,composite_top_quartile,1216,40,304,0.9817434210526315
synth_blobs,HBOS,9,30,composite_top_quartile,1216,40,304,0.98125
synth_blobs,HBOS,10,30,composite_top_quartile,1216,40,304,0.9775493421052631
synth_blobs,HBOS,11,30,composite_top_quartile,1216,40,304,0.9822368421052631
synth_blobs,HBOS,12,30,composite_top_quartile,1216,40,304,0.9821546052631579
synth_blobs,HBOS,13,30,composite_top_quartile,1216,40,304,0.9820723684210526
synth_blobs,HBOS,14,30,composite_top_quartile,1216,40,304,0.9881578947368421
synth_blobs,PCA,0,30,composite_top_quartile,1216,40,304,0.9848684210526315
synth_blobs,PCA,1,30,composite_top_quartile,1216,40,304,0.9908717105263158
synth_blobs,PCA,2,30,composite_top_quartile,1216,40,304,0.9846217105263158
synth_blobs,PCA,3,30,composite_top_quartile,1216,40,304,0.9924342105263158
synth_blobs,PCA,4,30,composite_top_quartile,1216,40,304,0.9870065789473684
synth_blobs,PCA,5,30,composite_top_quartile,1216,40,304,0.9902138157894737
synth_blobs,PCA,6,30,composite_top_quartile,1216,40,304,0.9898848684210526
synth_blobs,PCA,7,30,composite_top_quartile,1216,40,304,0.9880756578947368
synth_blobs,PCA,8,30,composite_top_quartile,1216,40,304,0.9907072368421053
synth_blobs,PCA,9,30,composite_top_quartile,1216,40,304,0.9898026315789473
synth_blobs,PCA,10,30,composite_top_quartile,1216,40,304,0.9886513157894736
synth_blobs,PCA,11,30,composite_top_quartile,1216,40,304,0.9896381578947369
synth_blobs,PCA,12,30,composite_top_quartile,1216,40,304,0.9854440789473684
synth_blobs,PCA,13,30,composite_top_quartile,1216,40,304,0.9896381578947369
synth_blobs,PCA,14,30,composite_top_quartile,1216,40,304,0.9898026315789473
synth_blobs,CBLOF,0,30,composite_top_quartile,1216,40,304,0.9925986842105263
synth_blobs,CBLOF,1,30,composite_top_quartile,1216,40,304,0.9971217105263158
synth_blobs,CBLOF,2,30,composite_top_quartile,1216,40,304,
synth_blobs,CBLOF,3,30,composite_top_quartile,1216,40,304,0.9965460526315789
synth_blobs,CBLOF,4,30,composite_top_quartile,1216,40,304,0.9972861842105264
synth_blobs,CBLOF,5,30,composite_top_quartile,1216,40,304,0.9969572368421052
synth_blobs,CBLOF,6,30,composite_top_quartile,1216,40,304,0.9953947368421052
synth_blobs,CBLOF,7,30,composite_top_quartile,1216,40,304,0.9945723684210526
synth_blobs,CBLOF,8,30,composite_top_quartile,1216,40,304,0.9939967105263158
synth_blobs,CBLOF,9,30,composite_top_quartile,1216,40,304,0.9947368421052631
synth_blobs,CBLOF,10,30,composite_top_quartile,1216,40,304,0.9958881578947368
synth_blobs,CBLOF,11,30,composite_top_quartile,1216,40,304,0.9940789473684211
synth_blobs,CBLOF,12,30,composite_top_quartile,1216,40,304,0.9889802631578948
synth_blobs,CBLOF,13,30,composite_top_quartile,1216,40,304,0.9942434210526316
synth_blobs,CBLOF,14,30,composite_top_quartile,1216,40,304,0.9944901315789474
synth_blobs,LODA,0,30,composite_top_quartile,1216,40,304,0.9706414473684211
synth_blobs,LODA,1,30,composite_top_quartile,1216,40,304,0.9783717105263158
synth_blobs,LODA,2,30,composite_top_quartile,1216,40,304,0.977796052631579
synth_blobs,LODA,3,30,composite_top_quartile,1216,40,304,0.9967105263157895
synth_blobs,LODA,4,30,composite_top_quartile,1216,40,304,0.9740131578947369
synth_blobs,LODA,5,30,composite_top_quartile,1216,40,304,0.9937499999999999
synth_blobs,LODA,6,30,composite_top_quartile,1216,40,304,0.9841282894736842
synth_blobs,LODA,7,30,composite_top_quartile,1216,40,304,0.9715460526315789
synth_blobs,LODA,8,30,composite_top_quartile,1216,40,304,0.9789473684210526
synth_blobs,LODA,9,30,composite_top_quartile,1216,40,304,0.9834703947368421
synth_blobs,LODA,10,30,composite_top_quartile,1216,40,304,0.978125
synth_blobs,LODA,11,30,composite_top_quartile,1216,40,304,0.9885690789473685
synth_blobs,LODA,12,30,composite_top_quartile,1216,40,304,0.9740953947368421
synth_blobs,LODA,13,30,composite_top_quartile,1216,40,304,0.9806743421052633
synth_blobs,LODA,14,30,composite_top_quartile,1216,40,304,0.9672697368421052
synth_two_moons,IForest,0,30,composite_top_quartile,1204,55,301,1.0
synth_two_moons,IForest,1,30,composite_top_quartile,1204,55,301,1.0
synth_two_moons,IForest,2,30,composite_top_quartile,1204,55,301,1.0
synth_two_moons,IForest,3,30,composite_top_quartile,1204,55,301,0.9975838115372999
synth_two_moons,IForest,4,30,composite_top_quartile,1204,55,301,0.9974025974025974
synth_two_moons,IForest,5,30,composite_top_quartile,1204,55,301,1.0
synth_two_moons,IForest,6,30,composite_top_quartile,1204,55,301,0.9923286016309273
synth_two_moons,IForest,7,30,composite_top_quartile,1204,55,301,1.0
synth_two_moons,IForest,8,30,composite_top_quartile,1204,55,301,1.0
synth_two_moons,IForest,9,30,composite_top_quartile,1204,55,301,0.9968589549984899
synth_two_moons,IForest,10,30,composite_top_quartile,1204,55,301,0.9971005738447599
synth_two_moons,IForest,11,30,composite_top_quartile,1204,55,301,1.0
synth_two_moons,IForest,12,30,composite_top_quartile,1204,55,301,0.9957716701902749
synth_two_moons,IForest,13,30,composite_top_quartile,1204,55,301,0.9952280277861674
synth_two_moons,IForest,14,30,composite_top_quartile,1204,55,301,1.0
synth_two_moons,LOF,0,30,composite_top_quartile,1204,55,301,1.0
synth_two_moons,LOF,1,30,composite_top_quartile,1204,55,301,1.0
synth_two_moons,LOF,2,30,composite_top_quartile,1204,55,301,1.0
synth_two_moons,LOF,3,30,composite_top_quartile,1204,55,301,0.9995771670190274
synth_two_moons,LOF,4,30,composite_top_quartile,1204,55,301,0.9974630021141648
synth_two_moons,LOF,5,30,composite_top_quartile,1204,55,301,1.0
synth_two_moons,LOF,6,30,composite_top_quartile,1204,55,301,0.9943823618242223
synth_two_moons,LOF,7,30,composite_top_quartile,1204,55,301,1.0
synth_two_moons,LOF,8,30,composite_top_quartile,1204,55,301,1.0
synth_two_moons,LOF,9,30,composite_top_quartile,1204,55,301,0.999637571730595
synth_two_moons,LOF,10,30,composite_top_quartile,1204,55,301,0.9971609785563273
synth_two_moons,LOF,11,30,composite_top_quartile,1204,55,301,1.0
synth_two_moons,LOF,12,30,composite_top_quartile,1204,55,301,0.999154334038055
synth_two_moons,LOF,13,30,composite_top_quartile,1204,55,301,0.9974630021141649
synth_two_moons,LOF,14,30,composite_top_quartile,1204,55,301,1.0
synth_two_moons,KNN,0,30,composite_top_quartile,1204,55,301,1.0
synth_two_moons,KNN,1,30,composite_top_quartile,1204,55,301,1.0
synth_two_moons,KNN,2,30,composite_top_quartile,1204,55,301,1.0
synth_two_moons,KNN,3,30,composite_top_quartile,1204,55,301,0.99951676230746
synth_two_moons,KNN,4,30,composite_top_quartile,1204,55,301,0.9968589549984899
synth_two_moons,KNN,5,30,composite_top_quartile,1204,55,301,1.0
synth_two_moons,KNN,6,30,composite_top_quartile,1204,55,301,0.9941407429779523
synth_two_moons,KNN,7,30,composite_top_quartile,1204,55,301,1.0
synth_two_moons,KNN,8,30,composite_top_quartile,1204,55,301,1.0
synth_two_moons,KNN,9,30,composite_top_quartile,1204,55,301,0.99951676230746
synth_two_moons,KNN,10,30,composite_top_quartile,1204,55,301,0.9968589549984899
synth_two_moons,KNN,11,30,composite_top_quartile,1204,55,301,1.0
synth_two_moons,KNN,12,30,composite_top_quartile,1204,55,301,0.9992751434611901
synth_two_moons,KNN,13,30,composite_top_quartile,1204,55,301,0.9971005738447599
synth_two_moons,KNN,14,30,composite_top_quartile,1204,55,301,1.0
synth_two_moons,OCSVM,0,30,composite_top_quartile,1204,55,301,1.0
synth_two_moons,OCSVM,1,30,composite_top_quartile,1204,55,301,1.0
synth_two_moons,OCSVM,2,30,composite_top_quartile,1204,55,301,1.0
synth_two_moons,OCSVM,3,30,composite_top_quartile,1204,55,301,0.99951676230746
synth_two_moons,OCSVM,4,30,composite_top_quartile,1204,55,301,0.9987315010570824
synth_two_moons,OCSVM,5,30,composite_top_quartile,1204,55,301,1.0
synth_two_moons,OCSVM,6,30,composite_top_quartile,1204,55,301,0.9967381455753549
synth_two_moons,OCSVM,7,30,composite_top_quartile,1204,55,301,1.0
synth_two_moons,OCSVM,8,30,composite_top_quartile,1204,55,301,1.0
synth_two_moons,OCSVM,9,30,composite_top_quartile,1204,55,301,0.99951676230746
synth_two_moons,OCSVM,10,30,composite_top_quartile,1204,55,301,0.9987315010570824
synth_two_moons,OCSVM,11,30,composite_top_quartile,1204,55,301,1.0
synth_two_moons,OCSVM,12,30,composite_top_quartile,1204,55,301,0.9993355481727575
synth_two_moons,OCSVM,13,30,composite_top_quartile,1204,55,301,0.99782543038357
synth_two_moons,OCSVM,14,30,composite_top_quartile,1204,55,301,1.0
synth_two_moons,ECOD,0,30,composite_top_quartile,1204,55,301,1.0
synth_two_moons,ECOD,1,30,composite_top_quartile,1204,55,301,1.0
synth_two_moons,ECOD,2,30,composite_top_quartile,1204,55,301,1.0
synth_two_moons,ECOD,3,30,composite_top_quartile,1204,55,301,0.9987315010570824
synth_two_moons,ECOD,4,30,composite_top_quartile,1204,55,301,0.9975234068257324
synth_two_moons,ECOD,5,30,composite_top_quartile,1204,55,301,1.0
synth_two_moons,ECOD,6,30,composite_top_quartile,1204,55,301,0.9943823618242223
synth_two_moons,ECOD,7,30,composite_top_quartile,1204,55,301,1.0
synth_two_moons,ECOD,8,30,composite_top_quartile,1204,55,301,1.0
synth_two_moons,ECOD,9,30,composite_top_quartile,1204,55,301,0.9987315010570824
synth_two_moons,ECOD,10,30,composite_top_quartile,1204,55,301,0.9975234068257324
synth_two_moons,ECOD,11,30,composite_top_quartile,1204,55,301,1.0
synth_two_moons,ECOD,12,30,composite_top_quartile,1204,55,301,0.9972213832678949
synth_two_moons,ECOD,13,30,composite_top_quartile,1204,55,301,0.9960132890365448
synth_two_moons,ECOD,14,30,composite_top_quartile,1204,55,301,1.0
synth_two_moons,COPOD,0,30,composite_top_quartile,1204,55,301,0.9998187858652975
synth_two_moons,COPOD,1,30,composite_top_quartile,1204,55,301,0.9998187858652975
synth_two_moons,COPOD,2,30,composite_top_quartile,1204,55,301,0.9998187858652975
synth_two_moons,COPOD,3,30,composite_top_quartile,1204,55,301,0.99734219269103
synth_two_moons,COPOD,4,30,composite_top_quartile,1204,55,301,0.9970401691331925
synth_two_moons,COPOD,5,30,composite_top_quartile,1204,55,301,0.9998187858652975
synth_two_moons,COPOD,6,30,composite_top_quartile,1204,55,301,0.9928118393234672
synth_two_moons,COPOD,7,30,composite_top_quartile,1204,55,301,0.9996979764421625
synth_two_moons,COPOD,8,30,composite_top_quartile,1204,55,301,0.9995771670190275
synth_two_moons,COPOD,9,30,composite_top_quartile,1204,55,301,0.9974025974025974
synth_two_moons,COPOD,10,30,composite_top_quartile,1204,55,301,0.9971005738447598
synth_two_moons,COPOD,11,30,composite_top_quartile,1204,55,301,0.9999395952884325
synth_two_moons,COPOD,12,30,composite_top_quartile,1204,55,301,0.9949864089398973
synth_two_moons,COPOD,13,30,composite_top_quartile,1204,55,301,0.9948655995167623
synth_two_moons,COPOD,14,30,composite_top_quartile,1204,55,301,1.0
synth_two_moons,HBOS,0,30,composite_top_quartile,1204,55,301,1.0
synth_two_moons,HBOS,1,30,composite_top_quartile,1204,55,301,1.0
synth_two_moons,HBOS,2,30,composite_top_quartile,1204,55,301,1.0
synth_two_moons,HBOS,3,30,composite_top_quartile,1204,55,301,0.9982482633645424
synth_two_moons,HBOS,4,30,composite_top_quartile,1204,55,301,0.9988523104802173
synth_two_moons,HBOS,5,30,composite_top_quartile,1204,55,301,1.0
synth_two_moons,HBOS,6,30,composite_top_quartile,1204,55,301,0.9976442162488675
synth_two_moons,HBOS,7,30,composite_top_quartile,1204,55,301,1.0
synth_two_moons,HBOS,8,30,composite_top_quartile,1204,55,301,1.0
synth_two_moons,HBOS,9,30,composite_top_quartile,1204,55,301,0.9983086680761099
synth_two_moons,HBOS,10,30,composite_top_quartile,1204,55,301,0.99879190576865
synth_two_moons,HBOS,11,30,composite_top_quartile,1204,55,301,1.0
synth_two_moons,HBOS,12,30,composite_top_quartile,1204,55,301,0.9967985502869223
synth_two_moons,HBOS,13,30,composite_top_quartile,1204,55,301,0.9974630021141649
synth_two_moons,HBOS,14,30,composite_top_quartile,1204,55,301,1.0
synth_two_moons,PCA,0,30,composite_top_quartile,1204,55,301,1.0
synth_two_moons,PCA,1,30,composite_top_quartile,1204,55,301,1.0
synth_two_moons,PCA,2,30,composite_top_quartile,1204,55,301,1.0
synth_two_moons,PCA,3,30,composite_top_quartile,1204,55,301,0.999879190576865
synth_two_moons,PCA,4,30,composite_top_quartile,1204,55,301,0.9968589549984899
synth_two_moons,PCA,5,30,composite_top_quartile,1204,55,301,1.0
synth_two_moons,PCA,6,30,composite_top_quartile,1204,55,301,0.9961945031712474
synth_two_moons,PCA,7,30,composite_top_quartile,1204,55,301,1.0
synth_two_moons,PCA,8,30,composite_top_quartile,1204,55,301,1.0
synth_two_moons,PCA,9,30,composite_top_quartile,1204,55,301,0.999879190576865
synth_two_moons,PCA,10,30,composite_top_quartile,1204,55,301,0.9969193597100574
synth_two_moons,PCA,11,30,composite_top_quartile,1204,55,301,1.0
synth_two_moons,PCA,12,30,composite_top_quartile,1204,55,301,0.9990939293264874
synth_two_moons,PCA,13,30,composite_top_quartile,1204,55,301,0.9988523104802175
synth_two_moons,PCA,14,30,composite_top_quartile,1204,55,301,1.0
synth_two_moons,CBLOF,0,30,composite_top_quartile,1204,55,301,1.0
synth_two_moons,CBLOF,1,30,composite_top_quartile,1204,55,301,1.0
synth_two_moons,CBLOF,2,30,composite_top_quartile,1204,55,301,1.0
synth_two_moons,CBLOF,3,30,composite_top_quartile,1204,55,301,0.9990335246149199
synth_two_moons,CBLOF,4,30,composite_top_quartile,1204,55,301,0.9968589549984899
synth_two_moons,CBLOF,5,30,composite_top_quartile,1204,55,301,1.0
synth_two_moons,CBLOF,6,30,composite_top_quartile,1204,55,301,0.9940199335548173
synth_two_moons,CBLOF,7,30,composite_top_quartile,1204,55,301,1.0
synth_two_moons,CBLOF,8,30,composite_top_quartile,1204,55,301,1.0
synth_two_moons,CBLOF,9,30,composite_top_quartile,1204,55,301,0.9990335246149199
synth_two_moons,CBLOF,10,30,composite_top_quartile,1204,55,301,
synth_two_moons,CBLOF,11,30,composite_top_quartile,1204,55,301,1.0
synth_two_moons,CBLOF,12,30,composite_top_quartile,1204,55,301,0.9992147387496225
synth_two_moons,CBLOF,13,30,composite_top_quartile,1204,55,301,
synth_two_moons,CBLOF,14,30,composite_top_quartile,1204,55,301,
synth_two_moons,LODA,0,30,composite_top_quartile,1204,55,301,0.9976442162488675
synth_two_moons,LODA,1,30,composite_top_quartile,1204,55,301,0.9790395650860766
synth_two_moons,LODA,2,30,composite_top_quartile,1204,55,301,0.9732407127755965
synth_two_moons,LODA,3,30,composite_top_quartile,1204,55,301,0.9810933252793718
synth_two_moons,LODA,4,30,composite_top_quartile,1204,55,301,0.9768649954696467
synth_two_moons,LODA,5,30,composite_top_quartile,1204,55,301,0.988341890667472
synth_two_moons,LODA,6,30,composite_top_quartile,1204,55,301,0.960555723346421
synth_two_moons,LODA,7,30,composite_top_quartile,1204,55,301,0.9679250981576563
synth_two_moons,LODA,8,30,composite_top_quartile,1204,55,301,0.9700392630625189
synth_two_moons,LODA,9,30,composite_top_quartile,1204,55,301,0.9689519782543038
synth_two_moons,LODA,10,30,composite_top_quartile,1204,55,301,0.9928722440350347
synth_two_moons,LODA,11,30,composite_top_quartile,1204,55,301,0.9713077620054363
synth_two_moons,LODA,12,30,composite_top_quartile,1204,55,301,0.9822410147991543
synth_two_moons,LODA,13,30,composite_top_quartile,1204,55,301,0.9476291150709756
synth_two_moons,LODA,14,30,composite_top_quartile,1204,55,301,0.9749320446994866
synth_ring,IForest,0,30,composite_top_quartile,1207,52,301,0.9974444160490672
synth_ring,IForest,1,30,composite_top_quartile,1207,52,301,0.9962944032711475
synth_ring,IForest,2,30,composite_top_quartile,1207,52,301,0.9971249680552006
synth_ring,IForest,3,30,composite_top_quartile,1207,52,301,0.9983388704318936
synth_ring,IForest,4,30,composite_top_quartile,1207,52,301,0.9994888832098134
synth_ring,IForest,5,30,composite_top_quartile,1207,52,301,0.9920776897521084
synth_ring,IForest,6,30,composite_top_quartile,1207,52,301,0.9964860720674674
synth_ring,IForest,7,30,composite_top_quartile,1207,52,301,0.9939304881165346
synth_ring,IForest,8,30,composite_top_quartile,1207,52,301,0.9975721952466138
synth_ring,IForest,9,30,composite_top_quartile,1207,52,301,0.996613851265014
synth_ring,IForest,10,30,composite_top_quartile,1207,52,301,0.9900332225913621
synth_ring,IForest,11,30,composite_top_quartile,1207,52,301,0.9962944032711475
synth_ring,IForest,12,30,composite_top_quartile,1207,52,301,0.99961666240736
synth_ring,IForest,13,30,composite_top_quartile,1207,52,301,0.998211091234347
synth_ring,IForest,14,30,composite_top_quartile,1207,52,301,0.9995527728085868
synth_ring,LOF,0,30,composite_top_quartile,1207,52,301,0.9997444416049067
synth_ring,LOF,1,30,composite_top_quartile,1207,52,301,0.9976999744441605
synth_ring,LOF,2,30,composite_top_quartile,1207,52,301,0.99961666240736
synth_ring,LOF,3,30,composite_top_quartile,1207,52,301,0.9994888832098134
synth_ring,LOF,4,30,composite_top_quartile,1207,52,301,0.998786097623307
synth_ring,LOF,5,30,composite_top_quartile,1207,52,301,0.9966138512650141
synth_ring,LOF,6,30,composite_top_quartile,1207,52,301,0.9971888576539739
synth_ring,LOF,7,30,composite_top_quartile,1207,52,301,0.9968055200613339
synth_ring,LOF,8,30,composite_top_quartile,1207,52,301,0.9995527728085867
synth_ring,LOF,9,30,composite_top_quartile,1207,52,301,0.9991694352159468
synth_ring,LOF,10,30,composite_top_quartile,1207,52,301,0.9918221313570151
synth_ring,LOF,11,30,composite_top_quartile,1207,52,301,0.9973166368515205
synth_ring,LOF,12,30,composite_top_quartile,1207,52,301,0.9990416560184002
synth_ring,LOF,13,30,composite_top_quartile,1207,52,301,0.9994249936110401
synth_ring,LOF,14,30,composite_top_quartile,1207,52,301,1.0
synth_ring,KNN,0,30,composite_top_quartile,1207,52,301,0.99961666240736
synth_ring,KNN,1,30,composite_top_quartile,1207,52,301,0.998402760030667
synth_ring,KNN,2,30,composite_top_quartile,1207,52,301,0.9987222080245336
synth_ring,KNN,3,30,composite_top_quartile,1207,52,301,0.9986583184257602
synth_ring,KNN,4,30,composite_top_quartile,1207,52,301,0.9999361104012267
synth_ring,KNN,5,30,composite_top_quartile,1207,52,301,0.9966777408637875
synth_ring,KNN,6,30,composite_top_quartile,1207,52,301,0.9982749808331204
synth_ring,KNN,7,30,composite_top_quartile,1207,52,301,0.9978277536417071
synth_ring,KNN,8,30,composite_top_quartile,1207,52,301,0.9987222080245336
synth_ring,KNN,9,30,composite_top_quartile,1207,52,301,0.9979555328392538
synth_ring,KNN,10,30,composite_top_quartile,1207,52,301,0.9945693841042679
synth_ring,KNN,11,30,composite_top_quartile,1207,52,301,0.9982749808331204
synth_ring,KNN,12,30,composite_top_quartile,1207,52,301,0.9999361104012267
synth_ring,KNN,13,30,composite_top_quartile,1207,52,301,0.99961666240736
synth_ring,KNN,14,30,composite_top_quartile,1207,52,301,1.0
synth_ring,OCSVM,0,30,composite_top_quartile,1207,52,301,0.42160746230513674
synth_ring,OCSVM,1,30,composite_top_quartile,1207,52,301,0.4455660618451316
synth_ring,OCSVM,2,30,composite_top_quartile,1207,52,301,0.42563250702785593
synth_ring,OCSVM,3,30,composite_top_quartile,1207,52,301,0.41221569128545876
synth_ring,OCSVM,4,30,composite_top_quartile,1207,52,301,0.41643240480449784
synth_ring,OCSVM,5,30,composite_top_quartile,1207,52,301,0.4385382059800665
synth_ring,OCSVM,6,30,composite_top_quartile,1207,52,301,0.4512522361359571
synth_ring,OCSVM,7,30,composite_top_quartile,1207,52,301,0.4488244313825709
synth_ring,OCSVM,8,30,composite_top_quartile,1207,52,301,0.42844364937388196
synth_ring,OCSVM,9,30,composite_top_quartile,1207,52,301,0.45182724252491696
synth_ring,OCSVM,10,30,composite_top_quartile,1207,52,301,0.5443393815486839
synth_ring,OCSVM,11,30,composite_top_quartile,1207,52,301,0.45304114490161007
synth_ring,OCSVM,12,30,composite_top_quartile,1207,52,301,0.4143240480449783
synth_ring,OCSVM,13,30,composite_top_quartile,1207,52,301,0.4158573984155379
synth_ring,OCSVM,14,30,composite_top_quartile,1207,52,301,0.40537950421671354
synth_ring,ECOD,0,30,composite_top_quartile,1207,52,301,0.9968055200613339
synth_ring,ECOD,1,30,composite_top_quartile,1207,52,301,0.9940582673140812
synth_ring,ECOD,2,30,composite_top_quartile,1207,52,301,0.9966777408637874
synth_ring,ECOD,3,30,composite_top_quartile,1207,52,301,0.9974444160490672
synth_ring,ECOD,4,30,composite_top_quartile,1207,52,301,0.9990416560184001
synth_ring,ECOD,5,30,composite_top_quartile,1207,52,301,0.9913110145668286
synth_ring,ECOD,6,30,composite_top_quartile,1207,52,301,0.9951443904932277
synth_ring,ECOD,7,30,composite_top_quartile,1207,52,301,0.9947610529005878
synth_ring,ECOD,8,30,composite_top_quartile,1207,52,301,0.997380526450294
synth_ring,ECOD,9,30,composite_top_quartile,1207,52,301,0.9951443904932278
synth_ring,ECOD,10,30,composite_top_quartile,1207,52,301,0.985816509072323
synth_ring,ECOD,11,30,composite_top_quartile,1207,52,301,0.9950166112956811
synth_ring,ECOD,12,30,composite_top_quartile,1207,52,301,0.9968055200613339
synth_ring,ECOD,13,30,composite_top_quartile,1207,52,301,0.9957832864809609
synth_ring,ECOD,14,30,composite_top_quartile,1207,52,301,0.9978277536417072
synth_ring,COPOD,0,30,composite_top_quartile,1207,52,301,0.9838998211091234
synth_ring,COPOD,1,30,composite_top_quartile,1207,52,301,0.981408126756964
synth_ring,COPOD,2,30,composite_top_quartile,1207,52,301,0.9821748019422438
synth_ring,COPOD,3,30,composite_top_quartile,1207,52,301,0.9838998211091234
synth_ring,COPOD,4,30,composite_top_quartile,1207,52,301,0.9828775875287503
synth_ring,COPOD,5,30,composite_top_quartile,1207,52,301,0.9792358803986712
synth_ring,COPOD,6,30,composite_top_quartile,1207,52,301,0.9829414771275236
synth_ring,COPOD,7,30,composite_top_quartile,1207,52,301,0.9817275747508305
synth_ring,COPOD,8,30,composite_top_quartile,1207,52,301,0.9843470483005368
synth_ring,COPOD,9,30,composite_top_quartile,1207,52,301,0.9836442627140303
synth_ring,COPOD,10,30,composite_top_quartile,1207,52,301,0.9754663940710452
synth_ring,COPOD,11,30,composite_top_quartile,1207,52,301,0.9775747508305648
synth_ring,COPOD,12,30,composite_top_quartile,1207,52,301,0.979619217991311
synth_ring,COPOD,13,30,composite_top_quartile,1207,52,301,0.9817275747508305
synth_ring,COPOD,14,30,composite_top_quartile,1207,52,301,0.9859442882698697
synth_ring,HBOS,0,30,composite_top_quartile,1207,52,301,0.9986583184257602
synth_ring,HBOS,1,30,composite_top_quartile,1207,52,301,0.9979235880398671
synth_ring,HBOS,2,30,composite_top_quartile,1207,52,301,0.9986583184257602
synth_ring,HBOS,3,30,composite_top_quartile,1207,52,301,0.9986583184257602
synth_ring,HBOS,4,30,composite_top_quartile,1207,52,301,0.9996805520061334
synth_ring,HBOS,5,30,composite_top_quartile,1207,52,301,0.9954318936877077
synth_ring,HBOS,6,30,composite_top_quartile,1207,52,301,0.9980833120368003
synth_ring,HBOS,7,30,composite_top_quartile,1207,52,301,0.9951763352926144
synth_ring,HBOS,8,30,composite_top_quartile,1207,52,301,0.9983388704318936
synth_ring,HBOS,9,30,composite_top_quartile,1207,52,301,0.9973485816509073
synth_ring,HBOS,10,30,composite_top_quartile,1207,52,301,0.9933874265269614
synth_ring,HBOS,11,30,composite_top_quartile,1207,52,301,0.9983388704318937
synth_ring,HBOS,12,30,composite_top_quartile,1207,52,301,0.9995527728085868
synth_ring,HBOS,13,30,composite_top_quartile,1207,52,301,0.9986583184257602
synth_ring,HBOS,14,30,composite_top_quartile,1207,52,301,0.9999361104012268
synth_ring,PCA,0,30,composite_top_quartile,1207,52,301,0.9995527728085868
synth_ring,PCA,1,30,composite_top_quartile,1207,52,301,0.9973805264502938
synth_ring,PCA,2,30,composite_top_quartile,1207,52,301,0.9995527728085868
synth_ring,PCA,3,30,composite_top_quartile,1207,52,301,0.9995527728085868
synth_ring,PCA,4,30,composite_top_quartile,1207,52,301,0.9997444416049067
synth_ring,PCA,5,30,composite_top_quartile,1207,52,301,0.9964860720674674
synth_ring,PCA,6,30,composite_top_quartile,1207,52,301,0.9973166368515205
synth_ring,PCA,7,30,composite_top_quartile,1207,52,301,0.9968694096601073
synth_ring,PCA,8,30,composite_top_quartile,1207,52,301,0.9992972144134934
synth_ring,PCA,9,30,composite_top_quartile,1207,52,301,0.9968055200613339
synth_ring,PCA,10,30,composite_top_quartile,1207,52,301,0.9913749041656019
synth_ring,PCA,11,30,composite_top_quartile,1207,52,301,0.9973166368515205
synth_ring,PCA,12,30,composite_top_quartile,1207,52,301,0.9996805520061334
synth_ring,PCA,13,30,composite_top_quartile,1207,52,301,0.9995527728085868
synth_ring,PCA,14,30,composite_top_quartile,1207,52,301,1.0
synth_ring,CBLOF,0,30,composite_top_quartile,1207,52,301,
synth_ring,CBLOF,1,30,composite_top_quartile,1207,52,301,
synth_ring,CBLOF,2,30,composite_top_quartile,1207,52,301,
synth_ring,CBLOF,3,30,composite_top_quartile,1207,52,301,
synth_ring,CBLOF,4,30,composite_top_quartile,1207,52,301,
synth_ring,CBLOF,5,30,composite_top_quartile,1207,52,301,
synth_ring,CBLOF,6,30,composite_top_quartile,1207,52,301,
synth_ring,CBLOF,7,30,composite_top_quartile,1207,52,301,
synth_ring,CBLOF,8,30,composite_top_quartile,1207,52,301,
synth_ring,CBLOF,9,30,composite_top_quartile,1207,52,301,
synth_ring,CBLOF,10,30,composite_top_quartile,1207,52,301,0.9934193713263482
synth_ring,CBLOF,11,30,composite_top_quartile,1207,52,301,
synth_ring,CBLOF,12,30,composite_top_quartile,1207,52,301,
synth_ring,CBLOF,13,30,composite_top_quartile,1207,52,301,
synth_ring,CBLOF,14,30,composite_top_quartile,1207,52,301,
synth_ring,LODA,0,30,composite_top_quartile,1207,52,301,0.995016611295681
synth_ring,LODA,1,30,composite_top_quartile,1207,52,301,0.9753386148734986
synth_ring,LODA,2,30,composite_top_quartile,1207,52,301,0.9733580373115257
synth_ring,LODA,3,30,composite_top_quartile,1207,52,301,0.9870943010477895
synth_ring,LODA,4,30,composite_top_quartile,1207,52,301,0.9781497572195246
synth_ring,LODA,5,30,composite_top_quartile,1207,52,301,0.981408126756964
synth_ring,LODA,6,30,composite_top_quartile,1207,52,301,0.9754663940710452
synth_ring,LODA,7,30,composite_top_quartile,1207,52,301,0.9808970099667773
synth_ring,LODA,8,30,composite_top_quartile,1207,52,301,0.9278686429849221
synth_ring,LODA,9,30,composite_top_quartile,1207,52,301,0.9796831075900843
synth_ring,LODA,10,30,composite_top_quartile,1207,52,301,0.9867748530539229
synth_ring,LODA,11,30,composite_top_quartile,1207,52,301,0.9800025555839509
synth_ring,LODA,12,30,composite_top_quartile,1207,52,301,0.9515077945310504
synth_ring,LODA,13,30,composite_top_quartile,1207,52,301,0.9860081778686429
synth_ring,LODA,14,30,composite_top_quartile,1207,52,301,0.9913749041656018
synth_high_dim_var,IForest,0,30,composite_top_quartile,1210,48,302,0.8695502207505519
synth_high_dim_var,IForest,1,30,composite_top_quartile,1210,48,302,0.8863824503311258
synth_high_dim_var,IForest,2,30,composite_top_quartile,1210,48,302,0.8939707505518765
synth_high_dim_var,IForest,3,30,composite_top_quartile,1210,48,302,0.8864514348785872
synth_high_dim_var,IForest,4,30,composite_top_quartile,1210,48,302,0.8596854304635762
synth_high_dim_var,IForest,5,30,composite_top_quartile,1210,48,302,0.8616859823399559
synth_high_dim_var,IForest,6,30,composite_top_quartile,1210,48,302,0.882105408388521
synth_high_dim_var,IForest,7,30,composite_top_quartile,1210,48,302,0.8838990066225166
synth_high_dim_var,IForest,8,30,composite_top_quartile,1210,48,302,0.8794150110375276
synth_high_dim_var,IForest,9,30,composite_top_quartile,1210,48,302,0.8609961368653422
synth_high_dim_var,IForest,10,30,composite_top_quartile,1210,48,302,0.8961782560706402
synth_high_dim_var,IForest,11,30,composite_top_quartile,1210,48,302,0.867135761589404
synth_high_dim_var,IForest,12,30,composite_top_quartile,1210,48,302,0.8559602649006622
synth_high_dim_var,IForest,13,30,composite_top_quartile,1210,48,302,0.8848647902869757
synth_high_dim_var,IForest,14,30,composite_top_quartile,1210,48,302,0.8576158940397351
synth_high_dim_var,LOF,0,30,composite_top_quartile,1210,48,302,0.8966611479028698
synth_high_dim_var,LOF,1,30,composite_top_quartile,1210,48,302,0.8796219646799117
synth_high_dim_var,LOF,2,30,composite_top_quartile,1210,48,302,0.9008002207505519
synth_high_dim_var,LOF,3,30,composite_top_quartile,1210,48,302,0.8967991169977925
synth_high_dim_var,LOF,4,30,composite_top_quartile,1210,48,302,0.8753449227373069
synth_high_dim_var,LOF,5,30,composite_top_quartile,1210,48,302,0.8990066225165563
synth_high_dim_var,LOF,6,30,composite_top_quartile,1210,48,302,0.8909354304635762
synth_high_dim_var,LOF,7,30,composite_top_quartile,1210,48,302,0.8982477924944812
synth_high_dim_var,LOF,8,30,composite_top_quartile,1210,48,302,0.9008692052980133
synth_high_dim_var,LOF,9,30,composite_top_quartile,1210,48,302,0.8962472406181016
synth_high_dim_var,LOF,10,30,composite_top_quartile,1210,48,302,0.9034216335540839
synth_high_dim_var,LOF,11,30,composite_top_quartile,1210,48,302,0.8958333333333334
synth_high_dim_var,LOF,12,30,composite_top_quartile,1210,48,302,0.9013520971302429
synth_high_dim_var,LOF,13,30,composite_top_quartile,1210,48,302,0.9004552980132451
synth_high_dim_var,LOF,14,30,composite_top_quartile,1210,48,302,0.8818294701986755
synth_high_dim_var,KNN,0,30,composite_top_quartile,1210,48,302,0.8949365342163356
synth_high_dim_var,KNN,1,30,composite_top_quartile,1210,48,302,0.8779663355408388
synth_high_dim_var,KNN,2,30,composite_top_quartile,1210,48,302,0.8972130242825608
synth_high_dim_var,KNN,3,30,composite_top_quartile,1210,48,302,0.8934188741721854
synth_high_dim_var,KNN,4,30,composite_top_quartile,1210,48,302,0.8732064017660044
synth_high_dim_var,KNN,5,30,composite_top_quartile,1210,48,302,0.8973509933774835
synth_high_dim_var,KNN,6,30,composite_top_quartile,1210,48,302,0.8931429359823401
synth_high_dim_var,KNN,7,30,composite_top_quartile,1210,48,302,0.8993515452538631
synth_high_dim_var,KNN,8,30,composite_top_quartile,1210,48,302,0.8932119205298014
synth_high_dim_var,KNN,9,30,composite_top_quartile,1210,48,302,0.9018349889624724
synth_high_dim_var,KNN,10,30,composite_top_quartile,1210,48,302,0.8990756070640176
synth_high_dim_var,KNN,11,30,composite_top_quartile,1210,48,302,0.8946605960264901
synth_high_dim_var,KNN,12,30,composite_top_quartile,1210,48,302,0.8956263796909493
synth_high_dim_var,KNN,13,30,composite_top_quartile,1210,48,302,0.8947985651214128
synth_high_dim_var,KNN,14,30,composite_top_quartile,1210,48,302,0.8812775938189846
synth_high_dim_var,OCSVM,0,30,composite_top_quartile,1210,48,302,0.8979028697571745
synth_high_dim_var,OCSVM,1,30,composite_top_quartile,1210,48,302,0.8919701986754967
synth_high_dim_var,OCSVM,2,30,composite_top_quartile,1210,48,302,0.8994895143487859
synth_high_dim_var,OCSVM,3,30,composite_top_quartile,1210,48,302,0.8991445916114791
synth_high_dim_var,OCSVM,4,30,composite_top_quartile,1210,48,302,0.8734823399558499
synth_high_dim_var,OCSVM,5,30,composite_top_quartile,1210,48,302,0.9044564017660044
synth_high_dim_var,OCSVM,6,30,composite_top_quartile,1210,48,302,0.8984547461368653
synth_high_dim_var,OCSVM,7,30,composite_top_quartile,1210,48,302,0.9046633554083885
synth_high_dim_var,OCSVM,8,30,composite_top_quartile,1210,48,302,0.9028007726269316
synth_high_dim_var,OCSVM,9,30,composite_top_quartile,1210,48,302,0.9034216335540839
synth_high_dim_var,OCSVM,10,30,composite_top_quartile,1210,48,302,0.9065259381898455
synth_high_dim_var,OCSVM,11,30,composite_top_quartile,1210,48,302,0.8979718543046358
synth_high_dim_var,OCSVM,12,30,composite_top_quartile,1210,48,302,0.8992135761589405
synth_high_dim_var,OCSVM,13,30,composite_top_quartile,1210,48,302,0.9003173289183223
synth_high_dim_var,OCSVM,14,30,composite_top_quartile,1210,48,302,0.8838300220750552
synth_high_dim_var,ECOD,0,30,composite_top_quartile,1210,48,302,0.8900386313465783
synth_high_dim_var,ECOD,1,30,composite_top_quartile,1210,48,302,0.8780353200883002
synth_high_dim_var,ECOD,2,30,composite_top_quartile,1210,48,302,0.8896247240618101
synth_high_dim_var,ECOD,3,30,composite_top_quartile,1210,48,302,0.8860375275938189
synth_high_dim_var,ECOD,4,30,composite_top_quartile,1210,48,302,0.8654801324503311
synth_high_dim_var,ECOD,5,30,composite_top_quartile,1210,48,302,0.8925220750551877
synth_high_dim_var,ECOD,6,30,composite_top_quartile,1210,48,302,0.886796357615894
synth_high_dim_var,ECOD,7,30,composite_top_quartile,1210,48,302,0.8938327814569537
synth_high_dim_var,ECOD,8,30,composite_top_quartile,1210,48,302,0.8875551876379691
synth_high_dim_var,ECOD,9,30,composite_top_quartile,1210,48,302,0.8871412803532008
synth_high_dim_var,ECOD,10,30,composite_top_quartile,1210,48,302,0.8899696467991169
synth_high_dim_var,ECOD,11,30,composite_top_quartile,1210,48,302,0.8854166666666667
synth_high_dim_var,ECOD,12,30,composite_top_quartile,1210,48,302,0.886796357615894
synth_high_dim_var,ECOD,13,30,composite_top_quartile,1210,48,302,0.888658940397351
synth_high_dim_var,ECOD,14,30,composite_top_quartile,1210,48,302,0.8726545253863135
synth_high_dim_var,COPOD,0,30,composite_top_quartile,1210,48,302,0.8721716335540839
synth_high_dim_var,COPOD,1,30,composite_top_quartile,1210,48,302,0.856305187637969
synth_high_dim_var,COPOD,2,30,composite_top_quartile,1210,48,302,0.8763796909492274
synth_high_dim_var,COPOD,3,30,composite_top_quartile,1210,48,302,0.8742411699779249
synth_high_dim_var,COPOD,4,30,composite_top_quartile,1210,48,302,0.846923289183223
synth_high_dim_var,COPOD,5,30,composite_top_quartile,1210,48,302,0.8663079470198675
synth_high_dim_var,COPOD,6,30,composite_top_quartile,1210,48,302,0.8698261589403974
synth_high_dim_var,COPOD,7,30,composite_top_quartile,1210,48,302,0.8846578366445915
synth_high_dim_var,COPOD,8,30,composite_top_quartile,1210,48,302,0.8738272626931568
synth_high_dim_var,COPOD,9,30,composite_top_quartile,1210,48,302,0.8750689845474614
synth_high_dim_var,COPOD,10,30,composite_top_quartile,1210,48,302,0.8725165562913908
synth_high_dim_var,COPOD,11,30,composite_top_quartile,1210,48,302,0.8585126931567328
synth_high_dim_var,COPOD,12,30,composite_top_quartile,1210,48,302,0.8769315673289182
synth_high_dim_var,COPOD,13,30,composite_top_quartile,1210,48,302,0.8725855408388521
synth_high_dim_var,COPOD,14,30,composite_top_quartile,1210,48,302,0.8627207505518764
synth_high_dim_var,HBOS,0,30,composite_top_quartile,1210,48,302,0.8895557395143487
synth_high_dim_var,HBOS,1,30,composite_top_quartile,1210,48,302,0.8705160044150111
synth_high_dim_var,HBOS,2,30,composite_top_quartile,1210,48,302,0.893694812362031
synth_high_dim_var,HBOS,3,30,composite_top_quartile,1210,48,302,0.8934878587196469
synth_high_dim_var,HBOS,4,30,composite_top_quartile,1210,48,302,0.8600993377483444
synth_high_dim_var,HBOS,5,30,composite_top_quartile,1210,48,302,0.890728476821192
synth_high_dim_var,HBOS,6,30,composite_top_quartile,1210,48,302,0.8795529801324504
synth_high_dim_var,HBOS,7,30,composite_top_quartile,1210,48,302,0.9012141280353201
synth_high_dim_var,HBOS,8,30,composite_top_quartile,1210,48,302,0.8823813465783664
synth_high_dim_var,HBOS,9,30,composite_top_quartile,1210,48,302,0.8892798013245033
synth_high_dim_var,HBOS,10,30,composite_top_quartile,1210,48,302,0.890728476821192
synth_high_dim_var,HBOS,11,30,composite_top_quartile,1210,48,302,0.8793460264900662
synth_high_dim_var,HBOS,12,30,composite_top_quartile,1210,48,302,0.8785182119205297
synth_high_dim_var,HBOS,13,30,composite_top_quartile,1210,48,302,0.8912113686534217
synth_high_dim_var,HBOS,14,30,composite_top_quartile,1210,48,302,0.8723096026490067
synth_high_dim_var,PCA,0,30,composite_top_quartile,1210,48,302,0.8941777041942605
synth_high_dim_var,PCA,1,30,composite_top_quartile,1210,48,302,0.8877621412803531
synth_high_dim_var,PCA,2,30,composite_top_quartile,1210,48,302,0.9003173289183222
synth_high_dim_var,PCA,3,30,composite_top_quartile,1210,48,302,0.8923841059602649
synth_high_dim_var,PCA,4,30,composite_top_quartile,1210,48,302,0.8699641280353201
synth_high_dim_var,PCA,5,30,composite_top_quartile,1210,48,302,0.8971440397350994
synth_high_dim_var,PCA,6,30,composite_top_quartile,1210,48,302,0.9019039735099338
synth_high_dim_var,PCA,7,30,composite_top_quartile,1210,48,302,0.90625
synth_high_dim_var,PCA,8,30,composite_top_quartile,1210,48,302,0.8996274834437086
synth_high_dim_var,PCA,9,30,composite_top_quartile,1210,48,302,0.8928669977924945
synth_high_dim_var,PCA,10,30,composite_top_quartile,1210,48,302,0.9008692052980132
synth_high_dim_var,PCA,11,30,composite_top_quartile,1210,48,302,0.8950745033112583
synth_high_dim_var,PCA,12,30,composite_top_quartile,1210,48,302,0.8992825607064019
synth_high_dim_var,PCA,13,30,composite_top_quartile,1210,48,302,0.8994895143487859
synth_high_dim_var,PCA,14,30,composite_top_quartile,1210,48,302,0.8727924944812362
synth_high_dim_var,CBLOF,0,30,composite_top_quartile,1210,48,302,0.8796219646799117
synth_high_dim_var,CBLOF,1,30,composite_top_quartile,1210,48,302,
synth_high_dim_var,CBLOF,2,30,composite_top_quartile,1210,48,302,0.8992825607064018
synth_high_dim_var,CBLOF,3,30,composite_top_quartile,1210,48,302,0.8956263796909492
synth_high_dim_var,CBLOF,4,30,composite_top_quartile,1210,48,302,
synth_high_dim_var,CBLOF,5,30,composite_top_quartile,1210,48,302,
synth_high_dim_var,CBLOF,6,30,composite_top_quartile,1210,48,302,
synth_high_dim_var,CBLOF,7,30,composite_top_quartile,1210,48,302,
synth_high_dim_var,CBLOF,8,30,composite_top_quartile,1210,48,302,0.8823813465783665
synth_high_dim_var,CBLOF,9,30,composite_top_quartile,1210,48,302,0.8846578366445916
synth_high_dim_var,CBLOF,10,30,composite_top_quartile,1210,48,302,
synth_high_dim_var,CBLOF,11,30,composite_top_quartile,1210,48,302,0.8835540838852097
synth_high_dim_var,CBLOF,12,30,composite_top_quartile,1210,48,302,
synth_high_dim_var,CBLOF,13,30,composite_top_quartile,1210,48,302,
synth_high_dim_var,CBLOF,14,30,composite_top_quartile,1210,48,302,0.8733443708609272
synth_high_dim_var,LODA,0,30,composite_top_quartile,1210,48,302,0.836092715231788
synth_high_dim_var,LODA,1,30,composite_top_quartile,1210,48,302,0.8375413907284768
synth_high_dim_var,LODA,2,30,composite_top_quartile,1210,48,302,0.8965231788079471
synth_high_dim_var,LODA,3,30,composite_top_quartile,1210,48,302,0.8485789183222959
synth_high_dim_var,LODA,4,30,composite_top_quartile,1210,48,302,0.8538907284768211
synth_high_dim_var,LODA,5,30,composite_top_quartile,1210,48,302,0.8538217439293599
synth_high_dim_var,LODA,6,30,composite_top_quartile,1210,48,302,0.8401628035320088
synth_high_dim_var,LODA,7,30,composite_top_quartile,1210,48,302,0.8440259381898455
synth_high_dim_var,LODA,8,30,composite_top_quartile,1210,48,302,0.7982201986754967
synth_high_dim_var,LODA,9,30,composite_top_quartile,1210,48,302,0.8342991169977925
synth_high_dim_var,LODA,10,30,composite_top_quartile,1210,48,302,0.8417494481236203
synth_high_dim_var,LODA,11,30,composite_top_quartile,1210,48,302,0.9116997792494482
synth_high_dim_var,LODA,12,30,composite_top_quartile,1210,48,302,0.8302980132450332
synth_high_dim_var,LODA,13,30,composite_top_quartile,1210,48,302,0.8337472406181016
synth_high_dim_var,LODA,14,30,composite_top_quartile,1210,48,302,0.8568570640176599
synth_local_dense,IForest,0,30,composite_top_quartile,1160,111,289,0.7289815767324417
synth_local_dense,IForest,1,30,composite_top_quartile,1166,103,291,0.6925899976645647
synth_local_dense,IForest,2,30,composite_top_quartile,1163,107,290,0.6727038349983886
synth_local_dense,IForest,3,30,composite_top_quartile,1160,111,289,0.6968733439321675
synth_local_dense,IForest,4,30,composite_top_quartile,1164,106,290,0.6852635003253089
synth_local_dense,IForest,5,30,composite_top_quartile,1156,115,289,0.729863096133594
synth_local_dense,IForest,6,30,composite_top_quartile,1162,108,290,0.7554597701149425
synth_local_dense,IForest,7,30,composite_top_quartile,1168,100,292,0.7050342465753425
synth_local_dense,IForest,8,30,composite_top_quartile,1164,106,290,0.6453155497722837
synth_local_dense,IForest,9,30,composite_top_quartile,1173,94,293,0.7502723113789849
synth_local_dense,IForest,10,30,composite_top_quartile,1186,78,296,0.6955561330561331
synth_local_dense,IForest,11,30,composite_top_quartile,1168,101,291,0.7313463305093396
synth_local_dense,IForest,12,30,composite_top_quartile,1162,108,290,0.7053320561941252
synth_local_dense,IForest,13,30,composite_top_quartile,1161,109,290,0.7215438152483392
synth_local_dense,IForest,14,30,composite_top_quartile,1160,110,290,0.718307210031348
synth_local_dense,LOF,0,30,composite_top_quartile,1160,111,289,0.8340658998098445
synth_local_dense,LOF,1,30,composite_top_quartile,1166,103,291,0.7910119107196477
synth_local_dense,LOF,2,30,composite_top_quartile,1163,107,290,0.7976474379632614
synth_local_dense,LOF,3,30,composite_top_quartile,1160,111,289,0.8422955827800118
synth_local_dense,LOF,4,30,composite_top_quartile,1164,106,290,0.8017566688353935
synth_local_dense,LOF,5,30,composite_top_quartile,1156,115,289,0.8494057469535129
synth_local_dense,LOF,6,30,composite_top_quartile,1162,108,290,0.854374201787995
synth_local_dense,LOF,7,30,composite_top_quartile,1168,100,292,0.8358561643835616
synth_local_dense,LOF,8,30,composite_top_quartile,1164,106,290,0.7834743005855562
synth_local_dense,LOF,9,30,composite_top_quartile,1173,94,293,0.8585070074794858
synth_local_dense,LOF,10,30,composite_top_quartile,1186,78,296,0.8032744282744283
synth_local_dense,LOF,11,30,composite_top_quartile,1168,101,291,0.8356980027899698
synth_local_dense,LOF,12,30,composite_top_quartile,1162,108,290,0.8238505747126437
synth_local_dense,LOF,13,30,composite_top_quartile,1161,109,290,0.8268902246124645
synth_local_dense,LOF,14,30,composite_top_quartile,1160,110,290,0.8200940438871472
synth_local_dense,KNN,0,30,composite_top_quartile,1160,111,289,0.8125253280962623
synth_local_dense,KNN,1,30,composite_top_quartile,1166,103,291,0.7797017315584026
synth_local_dense,KNN,2,30,composite_top_quartile,1163,107,290,0.7756042539477923
synth_local_dense,KNN,3,30,composite_top_quartile,1160,111,289,0.8000561114747966
synth_local_dense,KNN,4,30,composite_top_quartile,1164,106,290,0.7808067664281068
synth_local_dense,KNN,5,30,composite_top_quartile,1156,115,289,0.8230780803369941
synth_local_dense,KNN,6,30,composite_top_quartile,1162,108,290,0.8328863346104725
synth_local_dense,KNN,7,30,composite_top_quartile,1168,100,292,0.8087328767123289
synth_local_dense,KNN,8,30,composite_top_quartile,1164,106,290,0.7781392322706572
synth_local_dense,KNN,9,30,composite_top_quartile,1173,94,293,0.8352697698061143
synth_local_dense,KNN,10,30,composite_top_quartile,1186,78,296,0.7797557172557172
synth_local_dense,KNN,11,30,composite_top_quartile,1168,101,291,0.823585451328638
synth_local_dense,KNN,12,30,composite_top_quartile,1162,108,290,0.7894955300127714
synth_local_dense,KNN,13,30,composite_top_quartile,1161,109,290,0.8039544447959507
synth_local_dense,KNN,14,30,composite_top_quartile,1160,110,290,0.7878369905956113
synth_local_dense,OCSVM,0,30,composite_top_quartile,1160,111,289,0.7711898749961035
synth_local_dense,OCSVM,1,30,composite_top_quartile,1166,103,291,0.7226170219864545
synth_local_dense,OCSVM,2,30,composite_top_quartile,1163,107,290,0.7137931034482758
synth_local_dense,OCSVM,3,30,composite_top_quartile,1160,111,289,0.7694441846690983
synth_local_dense,OCSVM,4,30,composite_top_quartile,1164,106,290,0.7010735198438517
synth_local_dense,OCSVM,5,30,composite_top_quartile,1156,115,289,0.771716563863397
synth_local_dense,OCSVM,6,30,composite_top_quartile,1162,108,290,0.7434865900383142
synth_local_dense,OCSVM,7,30,composite_top_quartile,1168,100,292,0.7377397260273972
synth_local_dense,OCSVM,8,30,composite_top_quartile,1164,106,290,0.6692908262849707
synth_local_dense,OCSVM,9,30,composite_top_quartile,1173,94,293,0.7489652167598576
synth_local_dense,OCSVM,10,30,composite_top_quartile,1186,78,296,0.7067307692307692
synth_local_dense,OCSVM,11,30,composite_top_quartile,1168,101,291,0.7833350345343812
synth_local_dense,OCSVM,12,30,composite_top_quartile,1162,108,290,0.6996807151979566
synth_local_dense,OCSVM,13,30,composite_top_quartile,1161,109,290,0.7575134451123062
synth_local_dense,OCSVM,14,30,composite_top_quartile,1160,110,290,0.7146394984326019
synth_local_dense,ECOD,0,30,composite_top_quartile,1160,111,289,0.6716543533152529
synth_local_dense,ECOD,1,30,composite_top_quartile,1166,103,291,0.6237613852467221
synth_local_dense,ECOD,2,30,composite_top_quartile,1163,107,290,0.6058008378988076
synth_local_dense,ECOD,3,30,composite_top_quartile,1160,111,289,0.6720596028554506
synth_local_dense,ECOD,4,30,composite_top_quartile,1164,106,290,0.6359141184124919
synth_local_dense,ECOD,5,30,composite_top_quartile,1156,115,289,0.6266586429968406
synth_local_dense,ECOD,6,30,composite_top_quartile,1162,108,290,0.6231800766283524
synth_local_dense,ECOD,7,30,composite_top_quartile,1168,100,292,0.7396575342465752
synth_local_dense,ECOD,8,30,composite_top_quartile,1164,106,290,0.6142485361093039
synth_local_dense,ECOD,9,30,composite_top_quartile,1173,94,293,0.7350228741558347
synth_local_dense,ECOD,10,30,composite_top_quartile,1186,78,296,0.5962837837837838
synth_local_dense,ECOD,11,30,composite_top_quartile,1168,101,291,0.6927630907420639
synth_local_dense,ECOD,12,30,composite_top_quartile,1162,108,290,0.642081736909323
synth_local_dense,ECOD,13,30,composite_top_quartile,1161,109,290,0.6136032900980702
synth_local_dense,ECOD,14,30,composite_top_quartile,1160,110,290,0.6729153605015673
synth_local_dense,COPOD,0,30,composite_top_quartile,1160,111,289,0.6522335484273201
synth_local_dense,COPOD,1,30,composite_top_quartile,1166,103,291,0.6695025522970675
synth_local_dense,COPOD,2,30,composite_top_quartile,1163,107,290,0.6538188849500484
synth_local_dense,COPOD,3,30,composite_top_quartile,1160,111,289,0.6019826054428131
synth_local_dense,COPOD,4,30,composite_top_quartile,1164,106,290,0.5745283018867924
synth_local_dense,COPOD,5,30,composite_top_quartile,1156,115,289,0.6840980893636226
synth_local_dense,COPOD,6,30,composite_top_quartile,1162,108,290,0.7099297573435505
synth_local_dense,COPOD,7,30,composite_top_quartile,1168,100,292,0.5755821917808219
synth_local_dense,COPOD,8,30,composite_top_quartile,1164,106,290,0.6468770331815225
synth_local_dense,COPOD,9,30,composite_top_quartile,1173,94,293,0.6178926730084962
synth_local_dense,COPOD,10,30,composite_top_quartile,1186,78,296,0.6432778932778933
synth_local_dense,COPOD,11,30,composite_top_quartile,1168,101,291,0.6572420128610799
synth_local_dense,COPOD,12,30,composite_top_quartile,1162,108,290,0.569029374201788
synth_local_dense,COPOD,13,30,composite_top_quartile,1161,109,290,0.6716229041442582
synth_local_dense,COPOD,14,30,composite_top_quartile,1160,110,290,0.6247021943573667
synth_local_dense,HBOS,0,30,composite_top_quartile,1160,111,289,0.7158577262383491
synth_local_dense,HBOS,1,30,composite_top_quartile,1166,103,291,0.6695025522970672
synth_local_dense,HBOS,2,30,composite_top_quartile,1163,107,290,0.6663873670641315
synth_local_dense,HBOS,3,30,composite_top_quartile,1160,111,289,0.6836559743134137
synth_local_dense,HBOS,4,30,composite_top_quartile,1164,106,290,0.6448926480156149
synth_local_dense,HBOS,5,30,composite_top_quartile,1156,115,289,0.6965849255303145
synth_local_dense,HBOS,6,30,composite_top_quartile,1162,108,290,0.6954661558109835
synth_local_dense,HBOS,7,30,composite_top_quartile,1168,100,292,0.6962328767123289
synth_local_dense,HBOS,8,30,composite_top_quartile,1164,106,290,0.651854261548471
synth_local_dense,HBOS,9,30,composite_top_quartile,1173,94,293,0.7316099048725583
synth_local_dense,HBOS,10,30,composite_top_quartile,1186,78,296,0.6446638946638946
synth_local_dense,HBOS,11,30,composite_top_quartile,1168,101,291,0.7251879827157973
synth_local_dense,HBOS,12,30,composite_top_quartile,1162,108,290,0.6453065134099617
synth_local_dense,HBOS,13,30,composite_top_quartile,1161,109,290,0.7141094590319519
synth_local_dense,HBOS,14,30,composite_top_quartile,1160,110,290,0.6715673981191221
synth_local_dense,PCA,0,30,composite_top_quartile,1160,111,289,0.7787960971351975
synth_local_dense,PCA,1,30,composite_top_quartile,1166,103,291,0.6492509925599707
synth_local_dense,PCA,2,30,composite_top_quartile,1163,107,290,0.6500161134386077
synth_local_dense,PCA,3,30,composite_top_quartile,1160,111,289,0.7801365379220051
synth_local_dense,PCA,4,30,composite_top_quartile,1164,106,290,0.5956733897202342
synth_local_dense,PCA,5,30,composite_top_quartile,1156,115,289,0.7397322100195577
synth_local_dense,PCA,6,30,composite_top_quartile,1162,108,290,0.7220306513409962
synth_local_dense,PCA,7,30,composite_top_quartile,1168,100,292,0.7411986301369863
synth_local_dense,PCA,8,30,composite_top_quartile,1164,106,290,0.6067338972023423
synth_local_dense,PCA,9,30,composite_top_quartile,1173,94,293,0.6504248057512163
synth_local_dense,PCA,10,30,composite_top_quartile,1186,78,296,0.5136434511434511
synth_local_dense,PCA,11,30,composite_top_quartile,1168,101,291,0.6008982341533122
synth_local_dense,PCA,12,30,composite_top_quartile,1162,108,290,0.7487228607918264
synth_local_dense,PCA,13,30,composite_top_quartile,1161,109,290,0.5975640620056945
synth_local_dense,PCA,14,30,composite_top_quartile,1160,110,290,0.6496238244514105
synth_local_dense,CBLOF,0,30,composite_top_quartile,1160,111,289,0.7843760715733035
synth_local_dense,CBLOF,1,30,composite_top_quartile,1166,103,291,0.7550462082540953
synth_local_dense,CBLOF,2,30,composite_top_quartile,1163,107,290,0.7251047373509506
synth_local_dense,CBLOF,3,30,composite_top_quartile,1160,111,289,0.804015087752112
synth_local_dense,CBLOF,4,30,composite_top_quartile,1164,106,290,0.690793754066363
synth_local_dense,CBLOF,5,30,composite_top_quartile,1156,115,289,0.7974123664811192
synth_local_dense,CBLOF,6,30,composite_top_quartile,1162,108,290,0.8056513409961685
synth_local_dense,CBLOF,7,30,composite_top_quartile,1168,100,292,0.730513698630137
synth_local_dense,CBLOF,8,30,composite_top_quartile,1164,106,290,0.7379310344827587
synth_local_dense,CBLOF,9,30,composite_top_quartile,1173,94,293,0.7322634521821219
synth_local_dense,CBLOF,10,30,composite_top_quartile,1186,78,296,0.7108887733887734
synth_local_dense,CBLOF,11,30,composite_top_quartile,1168,101,291,0.777857167160015
synth_local_dense,CBLOF,12,30,composite_top_quartile,1162,108,290,0.7454980842911878
synth_local_dense,CBLOF,13,30,composite_top_quartile,1161,109,290,0.7342613097121165
synth_local_dense,CBLOF,14,30,composite_top_quartile,1160,110,290,0.7613479623824451
synth_local_dense,LODA,0,30,composite_top_quartile,1160,111,289,0.7089373110134356
synth_local_dense,LODA,1,30,composite_top_quartile,1166,103,291,0.6882861241784274
synth_local_dense,LODA,2,30,composite_top_quartile,1163,107,290,0.7275862068965517
synth_local_dense,LODA,3,30,composite_top_quartile,1160,111,289,0.6657314754200567
synth_local_dense,LODA,4,30,composite_top_quartile,1164,106,290,0.653903708523097
synth_local_dense,LODA,5,30,composite_top_quartile,1156,115,289,0.7268843087106966
synth_local_dense,LODA,6,30,composite_top_quartile,1162,108,290,0.7373563218390805
synth_local_dense,LODA,7,30,composite_top_quartile,1168,100,292,0.6480821917808219
synth_local_dense,LODA,8,30,composite_top_quartile,1164,106,290,0.6254716981132076
synth_local_dense,LODA,9,30,composite_top_quartile,1173,94,293,0.7284874010601989
synth_local_dense,LODA,10,30,composite_top_quartile,1186,78,296,0.7468381843381844
synth_local_dense,LODA,11,30,composite_top_quartile,1168,101,291,0.7186553706917083
synth_local_dense,LODA,12,30,composite_top_quartile,1162,108,290,0.6676883780332056
synth_local_dense,LODA,13,30,composite_top_quartile,1161,109,290,0.736697247706422
synth_local_dense,LODA,14,30,composite_top_quartile,1160,110,290,0.6658620689655173
