modality,seed,dataset,regret,top1_agree,rank_margin,inter_regime_rho,rand_regret,best_is_local
tabular,0,14_glass,0.0,1.0,0.18311091575230432,0.6699999999999999,0.1213489912676905,True
tabular,0,18_Ionosphere,0.0,0.0,0.08513630308531672,0.45222222222222225,0.08679208308837938,True
tabular,0,19_landsat,0.001127118214421352,0.8333333333333334,0.08537837140192228,0.9177777777777778,0.1970777545839285,True
tabular,0,20_letter,0.0,1.0,0.1250000000000001,0.9077777777777778,0.2347125,True
tabular,0,22_magic.gamma,0.009781629470736242,1.0,0.1250000000000001,0.9255555555555556,0.10159586337636595,True
tabular,0,23_mammography,0.04940151381798985,1.0,0.14701188582615665,0.85,0.030307066439789643,False
tabular,0,25_musk,0.0,0.8333333333333334,0.11577982620455929,0.7966666666666669,0.015209904015731524,True
tabular,0,26_optdigits,0.0017422748191977533,0.6666666666666666,0.13489521432155524,0.8761904761904765,0.1414612097304404,True
tabular,0,27_PageBlocks,0.007216970718686544,0.8333333333333334,0.29939128783037106,0.31777777777777777,0.09152735130217216,False
tabular,0,28_pendigits,0.005207438379441376,0.8333333333333334,0.10849317281151571,0.9833333333333333,0.043287660190117316,True
tabular,0,29_Pima,0.05287313432835827,0.3333333333333333,0.02687315097201126,0.3266666666666667,0.051123548922056505,False
tabular,0,30_satellite,0.034747834434720404,0.8333333333333334,0.06470373224392212,0.9333333333333332,0.12130911273838574,True
tabular,0,31_satimage-2,0.002799710205435013,0.8333333333333334,0.11360959702939755,0.8622222222222222,0.015012286252631513,True
tabular,0,32_shuttle,0.0,1.0,0.125,0.6466666666666666,0.032803454919820285,True
tabular,0,35_SpamBase,0.04404266138088009,0.5,0.09186178280304502,0.4800000000000001,0.11409894841414625,False
tabular,0,36_speech,0.0023289994347088783,0.8333333333333334,0.24666986703733262,0.52,0.025754663651780696,False
tabular,0,37_Stamps,0.03381893860561913,1.0,0.14655281191992775,0.9322222222222222,0.018383628165105637,False
tabular,0,38_thyroid,0.015559256661991538,1.0,0.125,0.8488888888888887,0.030052010285179898,False
tabular,0,39_vertebral,0.10396825396825388,1.0,0.210463430853583,0.7877777777777778,0.11790123456790119,True
tabular,0,40_vowels,0.01631205673758862,0.5,0.07962536894475536,0.8833333333333333,0.23739164696611503,True
tabular,0,41_Waveform,0.0,0.5,0.23638704037611258,0.4055555555555555,0.07790732436472336,True
tabular,0,42_WBC,0.0,0.6666666666666666,0.10947613641853116,0.6188888888888887,0.004909560723514228,True
tabular,0,43_WDBC,0.04861111111111116,0.3333333333333333,0.04592143963356854,0.2755555555555556,0.015432098765432056,True
tabular,0,44_Wilt,0.0,0.3333333333333333,0.005705291220143627,0.6144444444444445,0.36771682887664314,True
tabular,0,47_yeast,0.033782151914020064,0.8333333333333334,0.14460112336101427,0.6944444444444443,0.06056199600155643,True
tabular,0,6_cardio,0.009990387256248234,0.8333333333333334,0.09394600708814149,0.8044444444444444,0.03848530623455082,False
tabular,1,14_glass,0.0,0.0,0.15812114969533575,0.5788888888888889,0.12134899126769039,True
tabular,1,18_Ionosphere,0.010582010582010692,0.3333333333333333,0.08266348581539151,0.5522222222222222,0.0713109935332158,True
tabular,1,19_landsat,0.0,1.0,0.19925929695872857,0.8766666666666666,0.20936641277524726,True
tabular,1,20_letter,0.0,0.8333333333333334,0.09634825416021364,0.8933333333333333,0.23725925925925917,True
tabular,1,22_magic.gamma,0.011738076582176404,0.8333333333333334,0.11324648003491355,0.9166666666666666,0.1065155985375914,True
tabular,1,23_mammography,0.04634747403626138,1.0,0.2187493539168549,0.8222222222222223,0.032176944591132184,False
tabular,1,25_musk,0.0,1.0,0.125,0.8555555555555555,0.021165216954580846,True
tabular,1,26_optdigits,0.00239973701512175,0.6666666666666666,0.10920502065733485,0.7825396825396828,0.1834582511505588,True
tabular,1,27_PageBlocks,0.010699018604370947,0.6666666666666666,0.19493433009725636,0.4777777777777777,0.08901454588431523,False
tabular,1,28_pendigits,0.007441243293812128,0.6666666666666666,0.09438984654973526,0.9377777777777777,0.04178466799464553,True
tabular,1,29_Pima,0.07223880597014931,0.5,0.16985214683365513,0.4455555555555556,0.06328772802653404,False
tabular,1,30_satellite,0.02898117967494196,1.0,0.22300940696647975,0.882222222222222,0.12456186372566536,True
tabular,1,31_satimage-2,0.004488131930203809,0.8333333333333334,0.1657436764714615,0.8533333333333333,0.014248232785261328,True
tabular,1,32_shuttle,0.0,0.6666666666666666,0.07864166699774966,0.698888888888889,0.06387984455709628,True
tabular,1,35_SpamBase,0.01502341173340993,0.5,0.12446436312331022,0.0922222222222222,0.10987984043244681,False
tabular,1,36_speech,0.0,1.0,0.2201988002797799,0.5611111111111111,0.037532818290308356,True
tabular,1,37_Stamps,0.03381893860561913,1.0,0.125,0.9588888888888888,0.02607237830963116,False
tabular,1,38_thyroid,0.01682298971481999,0.8333333333333334,0.11488626024894844,0.7222222222222222,0.030225702560905954,False
tabular,1,39_vertebral,0.09761904761904766,0.3333333333333333,0.11767621294103525,0.5322222222222223,0.1221340388007055,True
tabular,1,40_vowels,0.0028368794326240065,0.5,0.011437259983346992,0.9433333333333331,0.20247438928289974,True
tabular,1,41_Waveform,0.0023467862481315604,1.0,0.16195400447458952,0.7066666666666667,0.07149809001826946,True
tabular,1,42_WBC,0.0,0.6666666666666666,0.06037420447705899,0.8855555555555555,0.014728682170542795,True
tabular,1,43_WDBC,0.001388888888888884,0.3333333333333333,0.025320044707409783,0.18777777777777777,0.008487654320987748,True
tabular,1,44_Wilt,0.0,0.5,0.05202614759854107,0.62,0.3567362244639447,True
tabular,1,47_yeast,0.12349555206698054,0.6666666666666666,0.1288003484094412,0.5544444444444445,0.13033964407590776,False
tabular,1,6_cardio,0.03613361713814889,0.6666666666666666,0.10055589858885416,0.7244444444444442,0.03763274741371414,False
tabular,2,14_glass,0.0,0.3333333333333333,0.017403941451281657,0.8055555555555555,0.11894007828967179,True
tabular,2,18_Ionosphere,0.0455026455026456,0.3333333333333333,0.029220457982709225,0.4266666666666667,0.10241034685479133,True
tabular,2,19_landsat,0.0025650389090906556,1.0,0.15119557491872326,0.9022222222222221,0.20139576193428055,True
tabular,2,20_letter,0.0,1.0,0.125,0.9344444444444444,0.22175925925925932,True
tabular,2,22_magic.gamma,0.010232254758021142,0.8333333333333334,0.11836467257649352,0.9355555555555555,0.10576533420308087,True
tabular,2,23_mammography,0.05680513994015146,1.0,0.17121699562020376,0.8333333333333334,0.033679809892624646,False
tabular,2,25_musk,0.0,0.8333333333333334,0.11561348606948507,0.8355555555555554,0.014439171008076235,True
tabular,2,26_optdigits,0.002389875082182691,0.8333333333333334,0.09948676761423172,0.8841269841269844,0.17442020052596985,True
tabular,2,27_PageBlocks,0.0035001103819215507,0.6666666666666666,0.16333568848745772,0.33888888888888885,0.11832707835778467,False
tabular,2,28_pendigits,0.005565419936231608,1.0,0.12499999999999978,0.9688888888888888,0.038758530567912564,True
tabular,2,29_Pima,0.04313432835820907,0.6666666666666666,0.16330695777764825,0.33111111111111113,0.04655472636815927,False
tabular,2,30_satellite,0.037204188247901504,1.0,0.17158818906501505,0.8833333333333333,0.12461547572979315,True
tabular,2,31_satimage-2,0.004481992214840913,0.8333333333333334,0.1409441404138816,0.7744444444444445,0.013797986991989752,True
tabular,2,32_shuttle,0.0,1.0,0.12499999999999989,0.698888888888889,0.0747278677754476,True
tabular,2,35_SpamBase,0.04484541664410635,0.8333333333333334,0.1240875703326002,0.6422222222222221,0.12872137486944446,False
tabular,2,36_speech,0.032786885245901676,1.0,0.19649561286945927,0.6666666666666666,0.05680547704289929,False
tabular,2,37_Stamps,0.00572320499479706,1.0,0.12499999999999978,0.918888888888889,0.0191929702855822,False
tabular,2,38_thyroid,0.011782667134174862,1.0,0.12500000000000022,0.8044444444444444,0.04198320866448502,False
tabular,2,39_vertebral,0.09761904761904772,0.3333333333333333,0.210783096666313,0.31111111111111106,0.1071428571428572,True
tabular,2,40_vowels,0.00773049645390067,0.3333333333333333,0.02391294203661265,0.9566666666666666,0.20356973995271865,True
tabular,2,41_Waveform,0.0,1.0,0.1633683932619776,0.881111111111111,0.07924098986879236,True
tabular,2,42_WBC,0.0,0.6666666666666666,0.08770065100369207,0.6122222222222221,0.010594315245478048,True
tabular,2,43_WDBC,0.04444444444444451,0.3333333333333333,0.0640967284940075,0.47111111111111104,0.009104938271605079,False
tabular,2,44_Wilt,0.0,0.3333333333333333,0.02505108834624048,0.4466666666666666,0.36282827335754986,True
tabular,2,47_yeast,0.02780461296944814,0.8333333333333334,0.1528428885806442,0.7444444444444446,0.06981901899484322,True
tabular,2,6_cardio,0.024649821477615963,0.6666666666666666,0.08037111516117967,0.8388888888888888,0.038706551924074684,False
tabular,3,14_glass,0.016260162601626105,0.3333333333333333,0.20952581628073275,0.6666666666666666,0.12255344775669996,True
tabular,3,18_Ionosphere,0.0,0.3333333333333333,0.12499999999999989,0.6444444444444444,0.10699588477366251,True
tabular,3,19_landsat,0.0,0.6666666666666666,0.07407907814808556,0.8955555555555554,0.2003833475508936,True
tabular,3,20_letter,0.0,0.8333333333333334,0.15080700318064966,0.7988888888888889,0.2180629629629629,True
tabular,3,22_magic.gamma,0.01304655665308374,1.0,0.12500000000000022,0.9044444444444445,0.0980130640456146,True
tabular,3,23_mammography,0.07126386199612755,1.0,0.125,0.8133333333333334,0.03584032545130955,False
tabular,3,25_musk,0.0,1.0,0.125,0.84,0.009134828053136146,True
tabular,3,26_optdigits,0.00029914529914520926,1.0,0.142857142857143,0.8682539682539685,0.1710597468770545,True
tabular,3,27_PageBlocks,0.006558693078049793,0.6666666666666666,0.11119094228759141,0.2677777777777778,0.111929609783183,False
tabular,3,28_pendigits,0.005412681138667774,1.0,0.125,0.9622222222222222,0.04640978970837495,True
tabular,3,29_Pima,0.0799626865671641,0.6666666666666666,0.021942927609468255,0.38222222222222224,0.06115671641791043,False
tabular,3,30_satellite,0.02171872209323089,0.6666666666666666,0.11146916494428338,0.8855555555555557,0.12061398612847529,True
tabular,3,31_satimage-2,0.004064491570170747,0.8333333333333334,0.17565718207116376,0.8033333333333331,0.014828094791747515,True
tabular,3,32_shuttle,0.0,0.6666666666666666,0.06043285930945408,0.7433333333333335,0.02563875174622754,True
tabular,3,35_SpamBase,0.044375180973052264,0.5,0.16843210273664355,0.4244444444444444,0.12010686139955629,False
tabular,3,36_speech,0.0,1.0,0.18006704882075075,0.5811111111111111,0.031337227561082814,True
tabular,3,37_Stamps,0.02809573361082196,0.6666666666666666,0.052014326858783155,0.9144444444444445,0.018210197710717968,False
tabular,3,38_thyroid,0.02178295932678831,1.0,0.12499999999999978,0.7000000000000001,0.029263090229079136,False
tabular,3,39_vertebral,0.06825396825396823,0.3333333333333333,0.039714451290153274,0.8077777777777776,0.08187830687830688,True
tabular,3,40_vowels,0.002695035460992923,0.6666666666666666,0.00953583266054614,0.9544444444444444,0.218983451536643,True
tabular,3,41_Waveform,0.02479820627802698,0.6666666666666666,0.0258218273272518,0.21666666666666662,0.09423351602723806,True
tabular,3,42_WBC,0.0,0.6666666666666666,0.1128138145739046,0.7455555555555556,0.01033591731266148,True
tabular,3,43_WDBC,0.009722222222222188,0.3333333333333333,0.12500000000000022,0.17555555555555558,0.010185185185185186,True
tabular,3,44_Wilt,0.10428697456966163,0.5,0.0819445129210673,0.6188888888888887,0.359058921690772,True
tabular,3,47_yeast,0.03356076158273957,0.8333333333333334,0.11895228260691937,0.6300000000000001,0.07077893616355158,True
tabular,3,6_cardio,0.014968415270530055,0.8333333333333334,0.10274368647195176,0.7422222222222222,0.039244884647074985,False
tabular,4,14_glass,0.03252032520325199,0.6666666666666666,0.023497443862711798,0.5988888888888888,0.10689551339957848,True
tabular,4,18_Ionosphere,0.014462081128747695,0.6666666666666666,0.16643048444741404,0.5700000000000001,0.09592396629433653,True
tabular,4,19_landsat,0.00794419956605219,1.0,0.14190871917759318,0.9477777777777777,0.20153471276732005,True
tabular,4,20_letter,0.0,0.8333333333333334,0.10184560565666967,0.8277777777777778,0.2214814814814815,True
tabular,4,22_magic.gamma,0.01137781878693489,1.0,0.12500000000000022,0.8522222222222222,0.10299946871807264,True
tabular,4,23_mammography,0.04269670832599903,1.0,0.14592189216440987,0.8044444444444445,0.030813041522423812,False
tabular,4,25_musk,0.0,0.8333333333333334,0.10949162408371871,0.8344444444444444,0.016915561273274093,True
tabular,4,26_optdigits,0.0015351742274819502,0.6666666666666666,0.13798757671369696,0.6857142857142856,0.18596277120315585,True
tabular,4,27_PageBlocks,0.0,0.6666666666666666,0.12197336441334594,0.2755555555555555,0.10749961533572816,True
tabular,4,28_pendigits,0.006500945071309938,1.0,0.1250000000000001,0.972222222222222,0.04199786589957866,True
tabular,4,29_Pima,0.0,0.3333333333333333,0.028448122760690753,0.12888888888888891,0.058461857379767834,False
tabular,4,30_satellite,0.02854974102518304,1.0,0.24056569565444663,0.9066666666666664,0.11562689145879224,True
tabular,4,31_satimage-2,0.003708388079128544,0.5,0.04123498722892971,0.8588888888888889,0.013246776990529785,True
tabular,4,32_shuttle,0.0,0.8333333333333334,0.09055050155389388,0.6877777777777777,0.010307450984900046,True
tabular,4,35_SpamBase,0.03163408955547131,0.5,0.16145219507355835,0.16777777777777778,0.11120998419338535,False
tabular,4,36_speech,0.0,0.6666666666666666,0.2245644342349511,0.4844444444444444,0.0289177815463853,True
tabular,4,37_Stamps,0.032258064516129004,0.3333333333333333,0.02113280212327484,0.928888888888889,0.021158515435310554,True
tabular,4,38_thyroid,0.014032550257129461,1.0,0.125,0.7833333333333334,0.027039179782868406,False
tabular,4,39_vertebral,0.11111111111111116,0.6666666666666666,0.1845174476376401,0.6633333333333332,0.14365079365079364,True
tabular,4,40_vowels,0.007659574468085184,0.8333333333333334,0.1280841132886098,0.9433333333333331,0.22211189913317575,True
tabular,4,41_Waveform,0.0,0.6666666666666666,0.18543064262322217,0.3066666666666667,0.08555680119581466,True
tabular,4,42_WBC,0.0,0.6666666666666666,0.09809120103230173,0.7300000000000002,0.005426356589147252,True
tabular,4,43_WDBC,0.008333333333333304,0.3333333333333333,0.00912326307090161,0.1011111111111111,0.01327160493827162,True
tabular,4,44_Wilt,0.10581697145852587,0.8333333333333334,0.12935867093904418,0.6522222222222224,0.37922921493780803,True
tabular,4,47_yeast,0.03960874290544614,0.8333333333333334,0.14047105896288714,0.7088888888888889,0.08053241020273982,True
tabular,4,6_cardio,0.03283781928041751,0.8333333333333334,0.12028097420291706,0.7866666666666666,0.039234156138423515,False
cv,0,CIFAR10_0,0.019315589353612106,0.6666666666666666,0.11655683000055439,0.44666666666666666,0.034843683988170726,True
cv,0,CIFAR10_1,0.0,0.6666666666666666,0.06878546397409557,0.4100000000000001,0.16029277566539923,True
cv,0,CIFAR10_2,0.0,0.6666666666666666,0.11494920302108813,0.7088888888888891,0.053513307984790925,True
cv,0,CIFAR10_3,0.0,0.6666666666666666,0.1830238593221627,0.5244444444444445,0.10268678707224344,True
cv,0,CIFAR10_4,0.019334600760456233,0.8333333333333334,0.13378206008464033,0.4299999999999999,0.03206590621039285,True
cv,0,CIFAR10_5,0.0,1.0,0.16094866802786312,0.7688888888888888,0.09069919729615539,True
cv,0,CIFAR10_6,0.0,0.6666666666666666,0.07463330853431682,0.23333333333333334,0.06912463033375582,True
cv,0,CIFAR10_7,0.0,0.8333333333333334,0.14488417317433477,0.5855555555555557,0.08674862695395025,True
cv,0,CIFAR10_8,0.0,0.6666666666666666,0.07954012336037508,0.41888888888888887,0.059487114490916815,True
cv,0,CIFAR10_9,0.0,0.6666666666666666,0.09275679842690376,0.47333333333333333,0.09369708491761719,True
cv,0,FashionMNIST_0,0.016521164021163992,0.6666666666666666,0.12342625706518195,0.4822222222222223,0.07139535567313349,True
cv,0,FashionMNIST_1,0.006743386243386107,0.8333333333333334,0.125,0.33999999999999997,0.037440329218106916,True
cv,0,FashionMNIST_2,0.023166666666666447,0.6666666666666666,0.12154632869662041,0.7688888888888888,0.09926455026455017,True
cv,0,FashionMNIST_3,0.0,0.6666666666666666,0.0905927576479677,0.44333333333333325,0.05738154027042919,True
cv,0,FashionMNIST_4,0.0,0.6666666666666666,0.1371347352471377,0.6144444444444443,0.09174661963550845,True
cv,0,FashionMNIST_5,0.029915343915344006,0.6666666666666666,0.10666668724726724,0.46888888888888897,0.026328924162257517,True
cv,0,FashionMNIST_6,0.006417989417989434,0.8333333333333334,0.14249506625799735,0.8855555555555557,0.1117372134038801,True
cv,0,FashionMNIST_7,0.0,0.6666666666666666,0.12074884130375663,0.35,0.013913286302175254,True
cv,0,FashionMNIST_8,0.0,0.6666666666666666,0.1133663208778446,0.2644444444444444,0.1372539682539683,True
cv,0,FashionMNIST_9,0.0,0.8333333333333334,0.11812711210179416,0.8044444444444445,0.021088771310993626,True
cv,1,CIFAR10_0,0.01168821292775657,0.8333333333333334,0.12947141723990696,0.7866666666666667,0.03840895648500198,True
cv,1,CIFAR10_1,0.0,0.6666666666666666,0.14259687447826352,0.24555555555555558,0.16509209970426708,True
cv,1,CIFAR10_2,0.0,0.6666666666666666,0.16434077230202893,0.4400000000000001,0.0577401774397972,True
cv,1,CIFAR10_3,0.0,0.6666666666666666,0.13881218118650251,0.3700000000000001,0.08482002534854227,True
cv,1,CIFAR10_4,0.012140684410646418,0.6666666666666666,0.06651851955588328,0.6022222222222223,0.03134347275031679,True
cv,1,CIFAR10_5,0.0,0.6666666666666666,0.10007773919746243,0.4155555555555556,0.08750697084917614,True
cv,1,CIFAR10_6,0.0,0.6666666666666666,0.07504205717288892,0.28888888888888886,0.05818546683565695,True
cv,1,CIFAR10_7,0.0,0.8333333333333334,0.1648900347436948,0.7944444444444444,0.09292062737642581,True
cv,1,CIFAR10_8,0.0,0.6666666666666666,0.06435325067972353,0.28777777777777774,0.06735868187579208,True
cv,1,CIFAR10_9,0.0,1.0,0.14181674474445805,0.8011111111111112,0.08477904520490076,True
cv,1,FashionMNIST_0,0.017965608465608685,0.6666666666666666,0.12749022593595405,0.6744444444444444,0.06843356848912407,True
cv,1,FashionMNIST_1,0.004153439153439131,0.6666666666666666,0.09838719095653725,0.5955555555555556,0.03670223398001182,True
cv,1,FashionMNIST_2,0.02552645502645501,0.8333333333333334,0.15491448173489908,0.8044444444444445,0.10788389182833624,True
cv,1,FashionMNIST_3,0.0,0.6666666666666666,0.16310679507521342,0.4877777777777778,0.06558406819517937,True
cv,1,FashionMNIST_4,0.0,0.6666666666666666,0.07827113907854022,0.46999999999999986,0.07886860670194007,True
cv,1,FashionMNIST_5,0.030380952380952286,0.6666666666666666,0.133074317333438,0.3544444444444445,0.02988918283362718,True
cv,1,FashionMNIST_6,0.0,0.6666666666666666,0.09036765193444285,0.7144444444444444,0.12663051146384496,True
cv,1,FashionMNIST_7,0.0,0.6666666666666666,0.11418065838941072,0.2588888888888889,0.01630864197530857,True
cv,1,FashionMNIST_8,0.0,0.8333333333333334,0.1062384500595197,0.5766666666666667,0.14378218694885359,True
cv,1,FashionMNIST_9,0.0,1.0,0.1649956460235158,0.6166666666666667,0.023141975308642038,True
cv,2,CIFAR10_0,0.0033384030418250887,0.6666666666666666,0.10939479853320166,0.6555555555555556,0.030879594423320555,True
cv,2,CIFAR10_1,0.0,0.5,0.0032754499571699958,0.31666666666666665,0.16361258977608784,True
cv,2,CIFAR10_2,0.0,0.8333333333333334,0.12206110810685689,0.7755555555555557,0.06445532319391634,True
cv,2,CIFAR10_3,0.0,0.6666666666666666,0.12432006262144024,0.7177777777777778,0.08522053231939164,True
cv,2,CIFAR10_4,0.010410646387832734,0.6666666666666666,0.10885650023728732,0.3777777777777777,0.026037600337980638,True
cv,2,CIFAR10_5,0.0,0.8333333333333334,0.08461437266723693,0.5988888888888888,0.08637727080692859,True
cv,2,CIFAR10_6,0.0,0.6666666666666666,0.08543738826780378,0.48333333333333334,0.06108829742289823,True
cv,2,CIFAR10_7,0.0,0.6666666666666666,0.11761291474789892,0.48000000000000004,0.08355597803126324,True
cv,2,CIFAR10_8,0.0,0.6666666666666666,0.1341725003773443,0.49666666666666676,0.07545796366708912,True
cv,2,CIFAR10_9,0.0,0.5,0.04059116225149706,0.3266666666666667,0.09747486269539485,True
cv,2,FashionMNIST_0,0.018833333333333147,0.6666666666666666,0.13302254517883327,0.5922222222222223,0.06948500881834219,True
cv,2,FashionMNIST_1,0.0056851851851852375,0.8333333333333334,0.12229983091646457,0.6633333333333334,0.04065990593768376,True
cv,2,FashionMNIST_2,0.02647619047619043,0.6666666666666666,0.16268887877355498,0.7577777777777778,0.11336272780717216,True
cv,2,FashionMNIST_3,0.0,0.6666666666666666,0.12881768372055835,0.46666666666666673,0.05289976484420922,True
cv,2,FashionMNIST_4,0.0,0.6666666666666666,0.11523828283263948,0.6044444444444445,0.08432451499118165,True
cv,2,FashionMNIST_5,0.027335978835978714,0.6666666666666666,0.11013581968413921,0.62,0.02324985302763094,True
cv,2,FashionMNIST_6,0.00465608465608458,0.8333333333333334,0.09710626268362721,0.66,0.1393159905937682,True
cv,2,FashionMNIST_7,0.0,0.6666666666666666,0.16001778549962775,0.5566666666666666,0.013970605526161028,True
cv,2,FashionMNIST_8,0.0,0.6666666666666666,0.0947858142742577,0.6388888888888888,0.14332392710170494,True
cv,2,FashionMNIST_9,0.0,0.8333333333333334,0.1302046685211653,0.7333333333333333,0.02121604938271615,True
cv,3,CIFAR10_0,0.0063155893536124275,0.6666666666666666,0.07196805401710171,0.5577777777777778,0.03816814533164359,True
cv,3,CIFAR10_1,0.0,0.6666666666666666,0.05177831886935069,0.5344444444444444,0.15456991972961565,True
cv,3,CIFAR10_2,0.0,0.5,0.0755846976906911,0.6,0.05606506125897759,True
cv,3,CIFAR10_3,0.0,0.6666666666666666,0.07800127771868948,0.6355555555555557,0.08681073088297431,True
cv,3,CIFAR10_4,0.017494296577946655,0.8333333333333334,0.15254558456734324,0.37000000000000005,0.03813350232361645,True
cv,3,CIFAR10_5,0.0,0.6666666666666666,0.10979948559152186,0.11222222222222224,0.07769750739332482,True
cv,3,CIFAR10_6,0.0,0.6666666666666666,0.0578695507503485,0.3911111111111111,0.06467596113223484,True
cv,3,CIFAR10_7,0.0,0.6666666666666666,0.09016024049953342,0.5033333333333334,0.08094212082805241,True
cv,3,CIFAR10_8,0.0,0.6666666666666666,0.10369754988569557,0.20333333333333334,0.059427122940430954,True
cv,3,CIFAR10_9,0.0,0.5,0.040457337135213045,0.7411111111111109,0.0872513730460498,True
cv,3,FashionMNIST_0,0.012626984126984153,0.6666666666666666,0.14927250492291522,0.5400000000000001,0.06985920047031158,True
cv,3,FashionMNIST_1,0.005658730158730085,0.6666666666666666,0.16599669145227458,0.5933333333333333,0.03510670194003529,True
cv,3,FashionMNIST_2,0.033074074074074034,1.0,0.125,0.7988888888888889,0.11269753086419754,True
cv,3,FashionMNIST_3,0.0,0.6666666666666666,0.12680804469846385,0.5977777777777776,0.06147854203409764,True
cv,3,FashionMNIST_4,0.0,0.6666666666666666,0.04665456190181705,0.5033333333333334,0.09145679012345687,True
cv,3,FashionMNIST_5,0.026058201058201003,0.6666666666666666,0.11358547225499238,0.7988888888888889,0.02820487948265704,True
cv,3,FashionMNIST_6,0.0,0.8333333333333334,0.10255841498206764,0.7800000000000001,0.1305796590241034,True
cv,3,FashionMNIST_7,0.0,0.8333333333333334,0.10945022256159653,0.7488888888888889,0.0157674897119342,True
cv,3,FashionMNIST_8,0.0,0.6666666666666666,0.09732651294223726,0.31,0.13731510875955333,True
cv,3,FashionMNIST_9,0.0,1.0,0.18260183558346477,0.6655555555555555,0.020727807172251755,True
cv,4,CIFAR10_0,0.01073764258555121,0.6666666666666666,0.08139148086482018,0.6055555555555554,0.038678495986480876,True
cv,4,CIFAR10_1,0.0,0.6666666666666666,0.06952897851343509,0.18555555555555556,0.15804816223067175,True
cv,4,CIFAR10_2,0.0,0.6666666666666666,0.11716276138123172,0.3655555555555556,0.07111153358681876,True
cv,4,CIFAR10_3,0.0,0.6666666666666666,0.08954866256711336,0.3677777777777778,0.08323912125052801,True
cv,4,CIFAR10_4,0.01766159695817493,0.6666666666666666,0.10074243551046114,0.478888888888889,0.036049852133502314,True
cv,4,CIFAR10_5,0.0,0.6666666666666666,0.12212038303015893,0.24555555555555558,0.08803422053231935,True
cv,4,CIFAR10_6,0.0,0.6666666666666666,0.12659993342998976,0.2333333333333333,0.06643346007604578,True
cv,4,CIFAR10_7,0.0,0.6666666666666666,0.1041573585383776,0.2077777777777778,0.09675369666244182,True
cv,4,CIFAR10_8,0.0,0.8333333333333334,0.13283330592184506,0.45222222222222225,0.06970046472327829,True
cv,4,CIFAR10_9,0.0,0.5,0.11145680079985887,0.28777777777777774,0.08845289395859746,True
cv,4,FashionMNIST_0,0.01487566137566132,0.6666666666666666,0.10668463087926339,0.46777777777777785,0.0777645502645502,True
cv,4,FashionMNIST_1,0.0075529100529099225,0.6666666666666666,0.1786367934795603,0.4055555555555556,0.03757466196355075,True
cv,4,FashionMNIST_2,0.024298941798941875,0.6666666666666666,0.0736060999496384,0.8077777777777778,0.10921399176954727,True
cv,4,FashionMNIST_3,0.0,0.6666666666666666,0.15512219508084424,0.6033333333333333,0.06953497942386822,True
cv,4,FashionMNIST_4,0.0,0.6666666666666666,0.10132865423251691,0.6222222222222222,0.08819370958259865,True
cv,4,FashionMNIST_5,0.027902116402116484,0.6666666666666666,0.1549881306407075,0.8200000000000001,0.028622574955908475,True
cv,4,FashionMNIST_6,0.0031984126984125894,0.6666666666666666,0.09812031321730053,0.8188888888888888,0.13035626102292752,True
cv,4,FashionMNIST_7,0.0,0.6666666666666666,0.14141704196273785,0.3688888888888888,0.017074661963550897,True
cv,4,FashionMNIST_8,0.0,0.6666666666666666,0.0955183527765795,0.5022222222222222,0.14411934156378603,True
cv,4,FashionMNIST_9,0.0,0.6666666666666666,0.14779950412113163,0.4133333333333334,0.02515667254556131,True
nlp,0,20news_0,0.0,0.6666666666666666,0.09130146838285136,0.6811111111111112,0.13492922421493847,True
nlp,0,20news_1,0.0,0.6666666666666666,0.13611606746460214,0.5777777777777778,0.06327568572756864,True
nlp,0,20news_2,0.0,0.8333333333333334,0.17734475270958783,0.7688888888888887,0.04183738917185437,True
nlp,0,20news_3,0.022222222222222143,0.6666666666666666,0.05334302256231638,0.5255555555555557,0.02630579297245972,True
nlp,0,20news_4,0.0,0.8333333333333334,0.116296978085489,0.9188888888888888,0.04479717813051143,True
nlp,0,20news_5,0.0,0.6666666666666666,0.0965163751321465,0.7811111111111111,0.03206360650484652,True
nlp,0,agnews_0,0.0,0.6666666666666666,0.1130667229544855,0.8277777777777778,0.11832140350877185,True
nlp,0,agnews_1,0.0,0.8333333333333334,0.09434872876282419,0.8077777777777777,0.20655894736842106,True
nlp,0,agnews_2,0.0,0.8333333333333334,0.1623574465804536,0.6666666666666666,0.11319543859649106,True
nlp,0,agnews_3,0.0,0.8333333333333334,0.16190590474313515,0.7966666666666666,0.15517637426900588,True
nlp,0,amazon,0.023525263157894605,0.6666666666666666,0.07363814518462097,0.4544444444444444,0.043241403508771925,True
nlp,0,imdb,0.0,0.6666666666666666,0.08317549522027168,0.5477777777777778,0.022087602339181334,True
nlp,0,yelp,0.002902105263157817,0.6666666666666666,0.1374363251076356,0.9366666666666668,0.06209134502923974,True
nlp,1,20news_0,0.0,0.8333333333333334,0.16924427893110872,0.8622222222222223,0.12782587782587784,True
nlp,1,20news_1,0.0,0.6666666666666666,0.13152116298559458,0.792222222222222,0.04326731752673185,True
nlp,1,20news_2,0.0,0.8333333333333334,0.12189506131088446,0.7322222222222222,0.04570081116770419,True
nlp,1,20news_3,0.041595441595441485,0.6666666666666666,0.125,0.631111111111111,0.0396327951883505,True
nlp,1,20news_4,0.0,0.6666666666666666,0.11916766796297795,0.6899999999999998,0.03936852066933372,True
nlp,1,20news_5,0.0,0.8333333333333334,0.15447606334371577,0.792222222222222,0.024903869262196676,True
nlp,1,agnews_0,0.0,0.6666666666666666,0.10830403226797736,0.64,0.13127602339181277,True
nlp,1,agnews_1,0.0,0.6666666666666666,0.1173771935432415,0.7388888888888888,0.20677824561403513,True
nlp,1,agnews_2,0.0,0.6666666666666666,0.1610731718977243,0.4255555555555555,0.11643076023391796,True
nlp,1,agnews_3,0.0,0.6666666666666666,0.2001083149673485,0.28111111111111114,0.1512342690058479,True
nlp,1,amazon,0.009348421052631561,0.6666666666666666,0.04384043999099618,0.4133333333333334,0.034903040935672536,True
nlp,1,imdb,0.0,0.6666666666666666,0.1027034546982184,0.5977777777777777,0.018219415204678402,True
nlp,1,yelp,0.0038863157894737377,0.5,0.06285105648109734,0.8733333333333332,0.059028654970760264,True
nlp,2,20news_0,0.0,0.6666666666666666,0.15257449382623733,0.41777777777777775,0.1336665979523124,True
nlp,2,20news_1,0.0,0.6666666666666666,0.13554557604143302,0.4222222222222222,0.058977219897721866,True
nlp,2,20news_2,0.0,0.8333333333333334,0.150366675345324,0.7977777777777779,0.05447651386530855,True
nlp,2,20news_3,0.05555555555555569,0.6666666666666666,0.13393674269155809,0.818888888888889,0.0545742323520102,True
nlp,2,20news_4,0.0,1.0,0.12499999999999978,0.8933333333333332,0.05247558824794596,True
nlp,2,20news_5,0.0388428262436914,0.8333333333333334,0.14339350894970926,0.8211111111111112,0.05798385804694384,True
nlp,2,agnews_0,0.0,0.8333333333333334,0.07773686394783463,0.6633333333333333,0.12014877192982454,True
nlp,2,agnews_1,0.0,0.6666666666666666,0.07361548877926682,0.22444444444444442,0.21524385964912274,True
nlp,2,agnews_2,0.0,0.8333333333333334,0.14339150593604044,0.4188888888888889,0.11099134502923969,True
nlp,2,agnews_3,0.0,0.6666666666666666,0.0991969854169591,0.5855555555555555,0.14768666666666663,True
nlp,2,amazon,0.0201315789473685,0.6666666666666666,0.04471650739093025,0.3688888888888889,0.03300619883040945,True
nlp,2,imdb,0.006721052631579072,0.6666666666666666,0.04603793444478854,0.6544444444444445,0.01814619883040941,False
nlp,2,yelp,0.0,0.5,0.09393927093623589,0.6288888888888889,0.06116608187134487,True
nlp,3,20news_0,0.0,0.6666666666666666,0.1636908559233784,0.8566666666666666,0.14387681479518222,True
nlp,3,20news_1,0.0,0.6666666666666666,0.12260032503127394,0.8144444444444444,0.0874012087401208,True
nlp,3,20news_2,0.0,0.6666666666666666,0.16991632050640793,0.6544444444444445,0.05315034899075649,True
nlp,3,20news_3,0.017378917378917502,1.0,0.1835568847409268,0.7577777777777777,0.03434631212409012,False
nlp,3,20news_4,0.02144792876500201,0.6666666666666666,0.16983027007230123,0.7433333333333333,0.03271820019787497,False
nlp,3,20news_5,0.006759192501802236,0.6666666666666666,0.07779022050615403,0.8033333333333332,0.028724064728029908,False
nlp,3,agnews_0,0.0,0.6666666666666666,0.0785471825842905,0.45222222222222236,0.11168467836257301,True
nlp,3,agnews_1,0.0,0.6666666666666666,0.05622876319381376,0.538888888888889,0.2101360233918127,True
nlp,3,agnews_2,0.0,0.6666666666666666,0.08947766538412738,0.5622222222222223,0.11893169590643271,True
nlp,3,agnews_3,0.0,0.8333333333333334,0.09825550237199632,0.6355555555555554,0.16721146198830394,True
nlp,3,amazon,0.021926315789473794,0.6666666666666666,0.09659228625825689,0.8033333333333333,0.03523754385964917,True
nlp,3,imdb,0.0,0.6666666666666666,0.05107962038082681,0.43666666666666665,0.030852163742690064,True
nlp,3,yelp,0.0,0.6666666666666666,0.10918763525937958,0.5722222222222223,0.07544467836257296,True
nlp,4,20news_0,0.0,0.6666666666666666,0.14569595869097063,0.4688888888888888,0.1208857280285851,True
nlp,4,20news_1,0.0,0.6666666666666666,0.11863723279574379,0.7877777777777778,0.03998140399814043,True
nlp,4,20news_2,0.0,1.0,0.14119617244013194,0.8955555555555554,0.04153555932842867,True
nlp,4,20news_3,0.035327635327635276,0.6666666666666666,0.12122627898487248,0.808888888888889,0.044349477682811056,True
nlp,4,20news_4,0.012891986062717908,0.6666666666666666,0.13040475879615843,0.8322222222222221,0.042233406461048784,True
nlp,4,20news_5,0.022936193222782952,0.8333333333333334,0.11900289851333246,0.75,0.04408495553953373,True
nlp,4,agnews_0,0.0,0.6666666666666666,0.09562736570355634,0.1999999999999999,0.12911415204678378,True
nlp,4,agnews_1,0.0,0.5,0.066226345539524,0.5744444444444443,0.21880584795321645,True
nlp,4,agnews_2,0.0,0.8333333333333334,0.14162548779497386,0.73,0.12061309941520482,True
nlp,4,agnews_3,0.0,0.6666666666666666,0.0715922280466239,0.4444444444444444,0.15097941520467828,True
nlp,4,amazon,0.023382105263157982,0.8333333333333334,0.11432425144333269,0.8155555555555556,0.04804888888888892,True
nlp,4,imdb,0.0,0.6666666666666666,0.13164389541975674,0.31555555555555553,0.029462690058479457,True
nlp,4,yelp,0.002342105263158034,0.5,0.08928218548656175,0.5455555555555556,0.06324081871345033,True
ts,0,ts_amplitude,0.0,0.5,0.1203379910929071,0.38999999999999996,0.0020283975659229903,True
ts,0,ts_freq_shift,0.0026634382566586012,1.0,0.14761912778126107,0.8166666666666668,0.013559322033898313,False
ts,0,ts_mixed,0.0,0.6666666666666666,0.08145566139632643,0.5422222222222222,0.007965411624084817,True
ts,0,ts_point_spikes_0,0.0,0.5,0.03099342686095008,0.405873015873016,0.012650475923852156,True
ts,0,ts_point_spikes_1,0.0,0.3333333333333333,0.017000317026344303,0.5307936507936508,0.027354426619132566,True
ts,0,ts_point_spikes_2,0.0,0.16666666666666666,0.07803217471373203,0.441111111111111,0.04614405510631925,False
ts,0,ts_point_spikes_3,0.0,0.6666666666666666,0.0070654861931266355,0.35444444444444445,0.043926846100759254,True
ts,0,ts_subseq_0,0.010622562861368867,0.6666666666666666,0.19339184265933096,0.5922222222222222,0.005193626462283163,False
ts,0,ts_subseq_1,0.004049844236760136,0.3333333333333333,0.05918843673526952,0.4977777777777778,0.010397196261682229,False
ts,0,ts_trend,0.0030602636534839966,0.6666666666666666,0.15913442171997805,0.67,0.03235509520820268,True
ts,1,ts_amplitude,0.0,0.5,0.1794661321925064,0.5188888888888888,0.0007606490872210658,True
ts,1,ts_freq_shift,0.001210653753026647,0.8333333333333334,0.07268360638543236,0.7555555555555556,0.01216707021791763,False
ts,1,ts_mixed,0.0,0.6666666666666666,0.0895295438804069,0.4488888888888889,0.008040116539668296,True
ts,1,ts_point_spikes_0,0.0,0.5,0.019018877066507178,0.5217460317460317,0.013840285554311271,True
ts,1,ts_point_spikes_1,0.0,0.6666666666666666,0.02700601426078042,0.5119047619047621,0.02294266191325023,True
ts,1,ts_point_spikes_2,0.0,0.3333333333333333,0.11600610613586804,0.52,0.0519064465408805,True
ts,1,ts_point_spikes_3,0.0,0.6666666666666666,0.02343668400221599,0.35714285714285715,0.04864849321371045,True
ts,1,ts_subseq_0,0.010891488503428803,0.6666666666666666,0.13099939681193584,0.5644444444444444,0.007076105956702827,False
ts,1,ts_subseq_1,0.005503634475597208,0.3333333333333333,0.02867329492012005,0.4988888888888888,0.008917445482866104,False
ts,1,ts_trend,0.007062146892655385,0.8333333333333334,0.2987548402559904,0.5785714285714286,0.03386467581382835,True
ts,2,ts_amplitude,0.0,0.6666666666666666,0.14847320665925745,0.5096825396825397,0.0011590843233845183,True
ts,2,ts_freq_shift,0.001210653753026647,0.8333333333333334,0.1244818745072307,0.7788888888888889,0.013498789346247042,False
ts,2,ts_mixed,0.0,0.6666666666666666,0.03961285169425843,0.43888888888888883,0.00963693411026445,True
ts,2,ts_point_spikes_0,0.0,0.5,0.05376613076528758,0.3677777777777777,0.009678451447768355,False
ts,2,ts_point_spikes_1,0.0,0.3333333333333333,0.12384837871693954,0.41000000000000003,0.03163568457686117,False
ts,2,ts_point_spikes_2,0.0,0.6666666666666666,0.009320949741816964,0.48777777777777775,0.042158018867924474,True
ts,2,ts_point_spikes_3,0.0,0.3333333333333333,0.0701390403108596,0.3622222222222222,0.045462387853692277,True
ts,2,ts_subseq_0,0.011429339787548787,0.6666666666666666,0.11172986067242585,0.7155555555555555,0.007328223746134177,False
ts,2,ts_subseq_1,0.009968847352024968,0.6666666666666666,0.031285457137324446,0.36666666666666664,0.010267393561786076,False
ts,2,ts_trend,0.0,0.8333333333333334,0.23530445378811293,0.4522222222222222,0.034898775894538714,True
ts,3,ts_amplitude,0.0,0.6666666666666666,0.10286576172559592,0.53,0.0029299075952220477,True
ts,3,ts_freq_shift,0.00024213075060541822,1.0,0.12499999999999989,0.8777777777777778,0.013861985472155003,False
ts,3,ts_mixed,0.0,0.6666666666666666,0.07056469803249299,0.4222222222222222,0.009057971014492683,True
ts,3,ts_point_spikes_0,0.0,0.6666666666666666,0.040102292806636575,0.5022222222222222,0.015217565189569626,False
ts,3,ts_point_spikes_1,0.0,0.5,0.028433000476077774,0.27666666666666667,0.02405674390968504,True
ts,3,ts_point_spikes_2,0.0,0.3333333333333333,0.03394304400453607,0.48063492063492064,0.039581877474959115,True
ts,3,ts_point_spikes_3,0.0,0.16666666666666666,0.036685822967803206,0.391111111111111,0.04791235334713606,True
ts,3,ts_subseq_0,0.002958182062659631,0.5,0.009216727556310866,0.45555555555555555,0.0071937609251042645,False
ts,3,ts_subseq_1,0.004465212876427982,0.16666666666666666,0.03361854798991648,0.34444444444444444,0.010163551401869197,False
ts,3,ts_trend,0.005178907721280712,0.8333333333333334,0.09629137431047319,0.7966666666666666,0.04243173258003774,True
ts,4,ts_amplitude,0.0,0.3333333333333333,0.0859502971287347,0.4104761904761905,0.0006882063170094987,True
ts,4,ts_freq_shift,0.0004842615012106144,0.8333333333333334,0.11109141163137792,0.8788888888888889,0.019915254237288127,False
ts,4,ts_mixed,0.0,0.6666666666666666,0.08880474978456765,0.5066666666666666,0.011289780367548241,True
ts,4,ts_point_spikes_0,0.0,0.16666666666666666,0.020681974214618037,0.38888888888888895,0.011556900895856703,True
ts,4,ts_point_spikes_1,0.0,0.0,0.09744485380847923,0.44253968253968257,0.024844028520499162,True
ts,4,ts_point_spikes_2,0.0,0.3333333333333333,0.023458867402043504,0.5022222222222222,0.04954140461215939,True
ts,4,ts_point_spikes_3,0.0,0.6666666666666666,0.06718094204884839,0.3899999999999999,0.04986197377501733,True
ts,4,ts_subseq_0,0.008067769261799085,0.8333333333333334,0.16947048275461218,0.6579365079365082,0.0036902574216006734,True
ts,4,ts_subseq_1,0.00830737279335414,0.5,0.009130229944225299,0.1522222222222222,0.008168916580131635,False
ts,4,ts_trend,0.0,0.6666666666666666,0.14395070309527314,0.48999999999999994,0.04634533898305093,True
dami,0,Annthyroid,0.09234523941358375,0.6666666666666666,0.045234952885902624,0.6611111111111111,0.12842946190903026,False
dami,0,Cardiotocography,0.0,0.6666666666666666,0.07443402883056183,0.7355555555555555,0.042703049811418925,True
dami,0,InternetAds,0.0830120584239129,0.5,0.1911684580405162,0.7266666666666667,0.17340589145531415,True
dami,0,PageBlocks,0.0039215686274508554,0.8333333333333334,0.12359654444005175,0.707777777777778,0.039724669578965366,False
dami,0,Pima,0.07574626865671641,1.0,0.17477635075818232,0.7088888888888889,0.06383913764510785,True
dami,0,Stamps,0.03537981269510926,1.0,0.1445656439526608,0.9455555555555555,0.019135160134119422,False
dami,0,WBC,0.0,0.6666666666666666,0.10125502105291617,0.7277777777777779,0.007235142118863114,True
dami,0,WDBC,0.04999999999999993,1.0,0.125,0.922222222222222,0.03456790123456788,False
dami,0,Waveform,0.046816143497757756,0.3333333333333333,0.2018151905737091,0.15,0.05364391297126725,True
dami,0,Wilt,0.0,1.0,0.125,0.8466666666666666,0.11777992763413048,True
dami,1,Annthyroid,0.0871886828348567,0.8333333333333334,0.07322239983941414,0.5755555555555554,0.098139582282319,False
dami,1,Cardiotocography,0.0036090518923136417,0.6666666666666666,0.08217831232127626,0.7344444444444442,0.046204805566393614,True
dami,1,InternetAds,0.10028872282608692,0.6666666666666666,0.1861022401942023,0.6833333333333333,0.20175969957729467,True
dami,1,PageBlocks,0.0057820057398598745,1.0,0.125,0.81,0.03407556813240464,False
dami,1,Pima,0.061679104477611935,0.6666666666666666,0.10874005308706336,0.7955555555555555,0.05112769485903812,True
dami,1,Stamps,0.031217481789802326,1.0,0.12499999999999978,0.9822222222222219,0.030003468609087647,False
dami,1,WBC,1.1102230246251565e-16,0.6666666666666666,0.1086767151832354,0.6922222222222222,0.012661498708010366,False
dami,1,WDBC,0.06666666666666665,0.6666666666666666,0.12499999999999989,0.6677777777777777,0.033796296296296435,False
dami,1,Waveform,0.0,0.6666666666666666,0.21539739722393592,0.3722222222222222,0.060783922936389456,True
dami,1,Wilt,0.0,1.0,0.1250000000000001,0.9255555555555554,0.10949185256531369,True
dami,2,Annthyroid,0.09861559517623453,1.0,0.12499999999999978,0.5355555555555556,0.10241368115481142,False
dami,2,Cardiotocography,0.0,0.5,0.060299764552923074,0.7122222222222222,0.04779473923787225,True
dami,2,InternetAds,0.10257302989130446,0.5,0.1056036679162431,0.7288888888888889,0.21393606582125613,True
dami,2,PageBlocks,0.013422441648102357,0.6666666666666666,0.1154960675615695,0.6077777777777776,0.043363259098703755,False
dami,2,Pima,0.06701492537313436,0.8333333333333334,0.1375395544831668,0.8,0.05875207296849094,False
dami,2,Stamps,0.006243496357960399,1.0,0.125,0.918888888888889,0.017978957104867632,False
dami,2,WBC,0.0023255813953488857,0.3333333333333333,0.055974760542690016,0.25333333333333335,0.007235142118863003,False
dami,2,WDBC,0.07500000000000007,0.6666666666666666,0.024938319371323292,0.9200000000000002,0.03703703703703709,False
dami,2,Waveform,0.0,1.0,0.13412738289267478,0.76,0.062061119415379395,True
dami,2,Wilt,0.0,1.0,0.125,0.9011111111111111,0.12262491778220058,True
dami,3,Annthyroid,0.10292668660005178,0.6666666666666666,0.01979437120019001,0.6888888888888889,0.10906397960345893,False
dami,3,Cardiotocography,0.01348679932370922,0.8333333333333334,0.16653006099145895,0.7699999999999999,0.061294544153986386,False
dami,3,InternetAds,0.08012907608695641,0.6666666666666666,0.19248369006408028,0.7322222222222222,0.17190991092995178,True
dami,3,PageBlocks,0.016462961847994007,0.8333333333333334,0.11397767707885487,0.5622222222222223,0.03368153812190178,False
dami,3,Pima,0.05186567164179112,0.8333333333333334,0.14468329214951403,0.8155555555555555,0.0638308457711444,True
dami,3,Stamps,0.031217481789802104,0.6666666666666666,0.05580561990463839,0.9144444444444443,0.027228581338883173,False
dami,3,WBC,0.0046511627906976605,0.3333333333333333,0.013334468518312104,0.841111111111111,0.01744186046511631,False
dami,3,WDBC,0.09444444444444455,0.6666666666666666,0.01963061713842018,0.8777777777777778,0.037808641975308754,False
dami,3,Waveform,0.0,0.8333333333333334,0.163682288544569,0.8277777777777778,0.06262414881248957,True
dami,3,Wilt,0.0,1.0,0.12500000000000022,0.8844444444444443,0.10898682573709528,True
dami,4,Annthyroid,0.09774244476436289,0.8333333333333334,0.062329191630529523,0.6866666666666668,0.1314103201172908,False
dami,4,Cardiotocography,0.059422551697229875,0.8333333333333334,0.10375881448197699,0.8744444444444442,0.08880543633762517,False
dami,4,InternetAds,0.10004670516304359,0.3333333333333333,0.13872232820619224,0.6866666666666668,0.1920228525060388,True
dami,4,PageBlocks,0.01696269091055036,1.0,0.12499999999999989,0.7755555555555554,0.03430714717366545,False
dami,4,Pima,0.028246268656716422,0.8333333333333334,0.16065430907998524,0.781111111111111,0.048942786069651745,True
dami,4,Stamps,0.03798126951092606,0.6666666666666666,0.12500000000000022,0.9044444444444443,0.021505376344086002,True
dami,4,WBC,0.046511627906976716,0.3333333333333333,0.023577593721815227,0.7522222222222222,0.007751937984496138,False
dami,4,WDBC,0.09027777777777779,0.6666666666666666,0.04237066179955096,0.8877777777777776,0.03750000000000009,False
dami,4,Waveform,0.002062780269058151,0.8333333333333334,0.13282479643860512,0.6333333333333333,0.06433482810164415,True
dami,4,Wilt,0.0,1.0,0.12500000000000022,0.8699999999999999,0.09725969080898528,True
