dataset,aggregation,spearman_rho,kendall_tau,top1_hit,top3_hit_ratio,n_detectors,note,true_spread,seed
14_glass,mean,0.7666666666666667,0.611111111111111,1,0.6666666666666666,9,,0.23848238482384831,0
18_Ionosphere,mean,0.6166666666666666,0.5,0,0.6666666666666666,9,,0.21516754850088182,0
19_landsat,mean,0.8166666666666667,0.611111111111111,0,0.6666666666666666,9,,0.4071020203630732,0
20_letter,mean,0.4761904761904762,0.3571428571428571,1,0.6666666666666666,8,,0.39733333333333337,0
22_magic.gamma,mean,0.8833333333333333,0.7777777777777778,0,1.0,9,,0.20104772955161232,0
23_mammography,mean,-0.26666666666666666,-0.2777777777777778,0,0.0,9,,0.0773305756028867,0
25_musk,mean,0.6614950926316517,0.6085806194501846,0,0.6666666666666666,9,,0.04961666174092949,0
26_optdigits,mean,0.9285714285714287,0.7857142857142856,0,1.0,8,,0.4223800131492439,0
27_PageBlocks,mean,0.7833333333333333,0.5555555555555556,1,0.6666666666666666,9,,0.2840909547032733,0
28_pendigits,mean,0.8666666666666667,0.7777777777777778,1,1.0,9,,0.09551902552647151,0
29_Pima,mean,0.7666666666666667,0.611111111111111,1,0.6666666666666666,9,,0.11858208955223892,0
30_satellite,mean,0.7166666666666667,0.5555555555555556,0,0.6666666666666666,9,,0.2993771209144489,0
31_satimage-2,mean,0.8666666666666667,0.7222222222222222,1,1.0,9,,0.036396232670653395,0
32_shuttle,mean,0.7166666666666667,0.611111111111111,1,0.6666666666666666,9,,0.33482111090210076,0
35_SpamBase,mean,0.26666666666666666,0.16666666666666666,0,0.6666666666666666,9,,0.45802955363511577,0
36_speech,mean,0.5333333333333333,0.4444444444444444,0,0.3333333333333333,9,,0.09291124929338607,0
37_Stamps,mean,0.0,-0.05555555555555555,0,0.3333333333333333,9,,0.06919875130072839,0
38_thyroid,mean,0.5,0.4444444444444444,0,0.3333333333333333,9,,0.11472942964001864,0
39_vertebral,mean,0.16666666666666669,0.16666666666666666,0,0.3333333333333333,9,,0.21349206349206346,0
40_vowels,mean,1.0,1.0,1,1.0,9,,0.5124822695035461,0
41_Waveform,mean,0.5476190476190477,0.4999999999999999,1,0.6666666666666666,8,,0.18647234678624813,0
42_WBC,mean,0.21783245945486837,0.18184824186332701,0,0.0,9,,0.011627906976744207,0
43_WDBC,mean,-0.8814825547070536,-0.7833494518006403,0,0.0,9,,0.04861111111111116,0
44_Wilt,mean,0.7666666666666667,0.611111111111111,0,1.0,9,,0.5430210406535941,0
47_yeast,mean,0.03333333333333333,-0.05555555555555555,0,0.6666666666666666,9,,0.14736042345932465,0
6_cardio,mean,0.09999999999999999,0.0,0,0.3333333333333333,9,,0.11751579236473497,0
14_glass,mean,0.65,0.5,0,1.0,9,,0.3604336043360433,1
18_Ionosphere,mean,0.6166666666666666,0.611111111111111,1,0.6666666666666666,9,,0.18800705467372147,1
19_landsat,mean,0.9333333333333332,0.8333333333333334,1,0.6666666666666666,9,,0.4204474233151823,1
20_letter,mean,0.8833333333333333,0.7777777777777778,1,1.0,9,,0.4027666666666667,1
22_magic.gamma,mean,0.9833333333333333,0.9444444444444445,1,1.0,9,,0.20838555778379875,1
23_mammography,mean,-0.18333333333333335,-0.16666666666666666,0,0.0,9,,0.08173120929413846,1
25_musk,mean,0.5483446162604482,0.3651483716701107,0,1.0,9,,0.09300950957041776,1
26_optdigits,mean,0.5476190476190477,0.42857142857142855,1,0.6666666666666666,8,,0.4521301775147929,1
27_PageBlocks,mean,0.8333333333333333,0.6666666666666666,0,0.6666666666666666,9,,0.3358339855901419,1
28_pendigits,mean,0.9500000000000001,0.8888888888888888,1,1.0,9,,0.08992974015312061,1
29_Pima,mean,0.5666666666666667,0.3888888888888889,1,0.3333333333333333,9,,0.12376865671641801,1
30_satellite,mean,0.8666666666666667,0.7777777777777778,0,0.6666666666666666,9,,0.31187488837292376,1
31_satimage-2,mean,0.9166666666666666,0.7777777777777778,1,1.0,9,,0.03506391443692669,1
32_shuttle,mean,0.6666666666666667,0.5,0,0.6666666666666666,9,,0.050437102731496264,1
35_SpamBase,mean,0.19999999999999998,0.05555555555555555,0,0.6666666666666666,9,,0.1832883303867585,1
36_speech,mean,0.48333333333333334,0.3888888888888889,1,0.6666666666666666,9,,0.05218767665347651,1
37_Stamps,mean,0.3,0.2222222222222222,0,0.3333333333333333,9,,0.06503642039542146,1
38_thyroid,mean,-0.06666666666666667,0.1111111111111111,0,0.0,9,,0.06646651472650755,1
39_vertebral,mean,-0.41666666666666663,-0.2777777777777778,0,0.0,9,,0.19047619047619047,1
40_vowels,mean,0.9500000000000001,0.8333333333333334,1,1.0,9,,0.45673758865248215,1
41_Waveform,mean,0.7166666666666667,0.5,0,1.0,9,,0.1832286995515695,1
42_WBC,mean,0.2689170581811257,0.2858309752375147,0,0.6666666666666666,9,,0.03488372093023262,1
43_WDBC,mean,-0.42844216777938476,-0.4023398993836124,0,0.0,9,,0.05277777777777781,1
44_Wilt,mean,0.7666666666666667,0.611111111111111,0,1.0,9,,0.5916272092260091,1
47_yeast,mean,-0.049999999999999996,-0.05555555555555555,0,0.3333333333333333,9,,0.1080384816648553,1
6_cardio,mean,0.3571428571428572,0.21428571428571427,0,0.3333333333333333,8,,0.10457291952760239,1
14_glass,mean,0.7227145938617754,0.5716619504750294,1,0.6666666666666666,9,,0.30894308943089444,2
18_Ionosphere,mean,0.21666666666666667,0.1111111111111111,0,0.0,9,,0.24162257495590822,2
19_landsat,mean,0.8833333333333333,0.7222222222222222,0,0.6666666666666666,9,,0.40559503245057116,2
20_letter,mean,0.7833333333333333,0.6666666666666666,1,1.0,9,,0.3663333333333333,2
22_magic.gamma,mean,0.8833333333333333,0.7222222222222222,0,1.0,9,,0.20921916910879101,2
23_mammography,mean,-0.13333333333333333,-0.16666666666666666,0,0.0,9,,0.0909267734553777,2
25_musk,mean,0.7746455690028554,0.6085806194501846,0,1.0,9,,0.0550581526746754,2
26_optdigits,mean,0.523809523809524,0.3571428571428571,0,0.6666666666666666,8,,0.3978500986193294,2
27_PageBlocks,mean,0.7833333333333333,0.611111111111111,1,0.6666666666666666,9,,0.38709334296666464,2
28_pendigits,mean,0.9,0.7222222222222222,0,1.0,9,,0.08850258701338365,2
29_Pima,mean,0.2333333333333333,0.16666666666666666,0,0.3333333333333333,9,,0.12555970149253737,2
30_satellite,mean,0.8499999999999999,0.7222222222222222,0,0.6666666666666666,9,,0.29759834345418845,2
31_satimage-2,mean,0.8333333333333333,0.6666666666666666,0,1.0,9,,0.03277380060660384,2
32_shuttle,mean,0.6833333333333333,0.5555555555555556,1,0.6666666666666666,9,,0.019988849633673977,2
35_SpamBase,mean,0.16666666666666669,0.1111111111111111,0,0.6666666666666666,9,,0.3423539326768475,2
36_speech,mean,0.3666666666666667,0.2777777777777778,1,0.3333333333333333,9,,0.065935556811758,2
37_Stamps,mean,-0.0420182903408009,-0.05716619504750294,0,0.0,9,,0.06399583766909467,2
38_thyroid,mean,0.6333333333333333,0.5,0,0.3333333333333333,9,,0.06358841748480604,2
39_vertebral,mean,-0.5499999999999999,-0.5,0,0.0,9,,0.14841269841269844,2
40_vowels,mean,0.9500000000000001,0.8888888888888888,1,1.0,9,,0.46141843971631213,2
41_Waveform,mean,0.8166666666666667,0.7222222222222222,1,1.0,9,,0.18853512705530628,2
42_WBC,mean,0.7491057470676988,0.5892556509887895,0,0.6666666666666666,9,,0.03953488372093017,2
43_WDBC,mean,-0.2175970699446223,-0.1217161238900369,0,0.3333333333333333,9,,0.04444444444444451,2
44_Wilt,mean,0.16666666666666669,0.05555555555555555,0,0.3333333333333333,9,,0.6643255015108185,2
47_yeast,mean,0.15,0.0,0,0.6666666666666666,9,,0.13854003139717425,2
6_cardio,mean,0.0,-0.07142857142857142,0,0.3333333333333333,8,,0.10472741005218345,2
14_glass,mean,0.8333333333333333,0.6666666666666666,1,0.6666666666666666,9,,0.19241192411924135,3
18_Ionosphere,mean,0.5,0.3888888888888889,0,0.6666666666666666,9,,0.23633156966490287,3
19_landsat,mean,0.8166666666666667,0.611111111111111,0,0.6666666666666666,9,,0.3927338347809284,3
20_letter,mean,0.7999999999999999,0.5555555555555556,0,0.6666666666666666,9,,0.34243333333333326,3
22_magic.gamma,mean,0.8666666666666667,0.6666666666666666,0,1.0,9,,0.2033871020921133,3
23_mammography,mean,-0.31666666666666665,-0.3333333333333333,0,0.0,9,,0.08372909698996678,3
25_musk,mean,0.6755244875897048,0.5883484054145521,0,0.3333333333333333,9,,0.03789920203056274,3
26_optdigits,mean,0.7142857142857144,0.5714285714285714,0,1.0,8,,0.37149901380670625,3
27_PageBlocks,mean,0.8333333333333333,0.611111111111111,0,1.0,9,,0.2860758223453147,3
28_pendigits,mean,0.8833333333333333,0.7222222222222222,0,1.0,9,,0.09890791759741857,3
29_Pima,mean,0.43333333333333335,0.3333333333333333,0,0.6666666666666666,9,,0.11977611940298505,3
30_satellite,mean,0.8166666666666667,0.7222222222222222,1,0.6666666666666666,9,,0.2939788355063404,3
31_satimage-2,mean,0.8666666666666667,0.7222222222222222,1,1.0,9,,0.034480641477460994,3
32_shuttle,mean,0.8666666666666667,0.6666666666666666,0,1.0,9,,0.04859891348901324,3
35_SpamBase,mean,0.19999999999999998,0.1111111111111111,0,0.6666666666666666,9,,0.2499988229394967,3
36_speech,mean,0.31666666666666665,0.2222222222222222,1,0.6666666666666666,9,,0.038371961560203505,3
37_Stamps,mean,0.33333333333333337,0.2222222222222222,0,0.0,9,,0.06503642039542146,3
38_thyroid,mean,-0.08333333333333334,0.05555555555555555,0,0.0,9,,0.06951262272089775,3
39_vertebral,mean,0.65,0.4444444444444444,0,0.3333333333333333,9,,0.18174603174603177,3
40_vowels,mean,0.9333333333333332,0.8333333333333334,1,1.0,9,,0.47262411347517724,3
41_Waveform,mean,-0.6333333333333333,-0.5,0,0.0,9,,0.21234678624813164,3
42_WBC,mean,0.41711570007178683,0.35355339059327373,0,0.6666666666666666,9,,0.05813953488372081,3
43_WDBC,mean,-0.6778302010921357,-0.5352643613280604,0,0.0,9,,0.04583333333333328,3
44_Wilt,mean,0.5,0.4444444444444444,0,0.6666666666666666,9,,0.5436986715876594,3
47_yeast,mean,-0.3666666666666667,-0.2777777777777778,0,0.0,9,,0.14288733244777202,3
6_cardio,mean,0.7833333333333333,0.6666666666666666,1,0.6666666666666666,9,,0.10383479813238106,3
14_glass,mean,0.6333333333333333,0.5,0,0.6666666666666666,9,,0.17344173441734412,4
18_Ionosphere,mean,0.33333333333333337,0.3888888888888889,0,0.6666666666666666,9,,0.24056437389770713,4
19_landsat,mean,0.8666666666666667,0.6666666666666666,0,0.6666666666666666,9,,0.40685293752429297,4
20_letter,mean,0.8833333333333333,0.7777777777777778,1,1.0,9,,0.36153333333333326,4
22_magic.gamma,mean,0.7333333333333334,0.5555555555555556,0,0.6666666666666666,9,,0.2083313130451142,4
23_mammography,mean,-0.31666666666666665,-0.3333333333333333,0,0.0,9,,0.08488734377750384,4
25_musk,mean,0.7572378034072855,0.6085806194501846,0,1.0,9,,0.10163244728012377,4
26_optdigits,mean,0.38095238095238104,0.14285714285714285,0,0.6666666666666666,8,,0.39666009204470754,4
27_PageBlocks,mean,0.15,0.05555555555555555,0,0.3333333333333333,9,,0.3467226604050013,4
28_pendigits,mean,0.9,0.7222222222222222,0,1.0,9,,0.10767130610764286,4
29_Pima,mean,0.45,0.3333333333333333,1,0.6666666666666666,9,,0.14526119402985072,4
30_satellite,mean,0.7999999999999999,0.6666666666666666,0,0.6666666666666666,9,,0.29276991427040544,4
31_satimage-2,mean,0.8833333333333333,0.7777777777777778,1,1.0,9,,0.034468362046735534,4
32_shuttle,mean,0.6333333333333333,0.5,0,0.6666666666666666,9,,0.4811308881702848,4
35_SpamBase,mean,0.25,0.1111111111111111,0,0.6666666666666666,9,,0.23349349203247738,4
36_speech,mean,0.41666666666666663,0.3888888888888889,1,0.6666666666666666,9,,0.06579988694177502,4
37_Stamps,mean,0.4100454302903043,0.3098898934004561,1,0.3333333333333333,9,,0.07336108220603543,4
38_thyroid,mean,0.43333333333333335,0.2777777777777778,0,0.3333333333333333,9,,0.10642385460495551,4
39_vertebral,mean,0.5499999999999999,0.3888888888888889,0,0.3333333333333333,9,,0.22460317460317458,4
40_vowels,mean,0.9333333333333332,0.8333333333333334,0,1.0,9,,0.4861702127659575,4
41_Waveform,mean,0.6428571428571429,0.6428571428571428,1,0.6666666666666666,8,,0.19983557548579967,4
42_WBC,mean,-0.6755244875897048,-0.5229763603684908,0,0.3333333333333333,9,,0.03953488372093028,4
43_WDBC,mean,-0.8767942266815112,-0.7660323462854265,0,0.0,9,,0.05972222222222223,4
44_Wilt,mean,0.4666666666666666,0.2222222222222222,0,1.0,9,,0.5357120025911924,4
47_yeast,mean,0.2333333333333333,0.0,0,0.6666666666666666,9,,0.15370526908988447,4
6_cardio,mean,0.261904761904762,0.14285714285714285,0,0.3333333333333333,8,,0.11751579236473497,4
