dataset,bench,seed,status,regret_cluster,regret_aug,max_regime_var,random_regret
PageBlocks,dami,0,ok,0.0039215686274508554,0.0039215686274508554,0.28610876789199663,0.03379537644695085
PageBlocks,dami,1,ok,0.0057820057398598745,0.0057820057398598745,0.2854039002772703,0.03365466737132705
PageBlocks,dami,2,ok,0.013422441648102357,0.013422441648102357,0.31931386449017846,0.0424385038901266
Pima,dami,0,ok,0.07574626865671641,0.07574626865671641,0.22916217039733766,0.06463930348258706
Pima,dami,1,ok,0.061679104477611935,0.061679104477611935,0.3151659746606749,0.053167495854062996
Pima,dami,2,ok,0.06701492537313436,0.06701492537313436,0.22467692081821544,0.06308457711442783
Cardiotocography,dami,0,ok,0.0,0.0,0.3418004306618227,0.04321514501235535
Cardiotocography,dami,1,ok,0.03206528807387177,0.03206528807387177,0.33099093393995527,0.06444677461308368
Cardiotocography,dami,2,ok,0.0047210300429184615,0.0047210300429184615,0.36186788693719885,0.04814020028612298
Stamps,dami,0,ok,0.05046826222684708,0.05046826222684708,0.3059088924998916,0.029194126488611527
Stamps,dami,1,ok,0.031217481789802326,0.031217481789802326,0.27708838278210424,0.022603769221875347
Stamps,dami,2,ok,0.006243496357960399,0.006243496357960399,0.1823012365441158,0.015319690137588049
18_Ionosphere,adb,0,ok,0.0,0.0,0.2234080431928042,0.08969233784048602
18_Ionosphere,adb,1,ok,0.010582010582010692,0.010582010582010692,0.3035753656460588,0.07619047619047625
18_Ionosphere,adb,2,ok,0.0455026455026456,0.002821869488536244,0.19262605676569164,0.0965118557711151
Waveform,dami,0,ok,0.046816143497757756,0.046816143497757756,0.3946691419460402,0.05874605547251288
Waveform,dami,1,ok,0.0,0.0,0.49548425171333765,0.05331174223550916
Waveform,dami,2,ok,0.0,0.0,0.4528681359718775,0.053658860654376306
6_cardio,adb,0,ok,0.009990387256248234,0.009990387256248234,0.2925584128235968,0.03648980362537757
6_cardio,adb,1,ok,0.035652979950563046,0.035652979950563046,0.2673033093426295,0.04283464364185663
6_cardio,adb,2,ok,0.024649821477615963,0.024649821477615963,0.2704785674189675,0.04468972199334742
20_letter,adb,0,ok,0.0,0.0,0.3074066943394389,0.23239166666666677
20_letter,adb,1,ok,0.0,0.0,0.25771502662670615,0.22784814814814813
20_letter,adb,2,ok,0.0,0.0,0.26326813250023673,0.22805185185185184
29_Pima,adb,0,ok,0.05287313432835827,0.05287313432835827,0.31280492043849506,0.04788557213930367
29_Pima,adb,1,ok,0.07223880597014931,0.07223880597014931,0.3526504847202058,0.06436567164179119
29_Pima,adb,2,ok,0.04313432835820907,0.04313432835820907,0.24756876205807724,0.04385572139303484
14_glass,adb,0,ok,0.0,0.0,0.3028608408354685,0.12466124661246614
14_glass,adb,1,ok,0.0,0.0,0.22794832186307606,0.11291779584462514
14_glass,adb,2,ok,0.0,0.0,0.29906085403702454,0.10358325805480284
37_Stamps,adb,0,ok,0.030697190426638876,0.030697190426638876,0.2969163312233558,0.01716961498439118
37_Stamps,adb,1,ok,0.03381893860561913,0.03381893860561913,0.27681893064824353,0.029367556942999196
37_Stamps,adb,2,ok,0.00572320499479706,0.00572320499479706,0.18453628306015013,0.017574286044629406
47_yeast,adb,0,ok,0.04657247514390378,0.04657247514390378,0.3384134639791607,0.06879704544539711
47_yeast,adb,1,ok,0.038763434367829974,0.038763434367829974,0.28637141123969656,0.05502220612110731
47_yeast,adb,2,ok,0.06733285029988323,0.06733285029988323,0.31084252836890064,0.09959154602011744
39_vertebral,adb,0,ok,0.10396825396825388,0.10396825396825388,0.2293363169740322,0.13368606701940028
39_vertebral,adb,1,ok,0.09761904761904766,0.09761904761904766,0.34892413178066295,0.12892416225749564
39_vertebral,adb,2,ok,0.09761904761904772,0.09761904761904772,0.26374549818144055,0.09673721340388003
42_WBC,adb,0,ok,0.0,0.0,0.24505030149710688,0.00284237726098191
42_WBC,adb,1,ok,0.0,0.0,0.21780588465417547,0.015503875968992387
42_WBC,adb,2,ok,0.0,0.0,0.23549683147765396,0.010852713178294615
40_vowels,adb,0,ok,0.01631205673758862,0.01631205673758862,0.30805458555304327,0.2455240346729708
40_vowels,adb,1,ok,0.0028368794326240065,0.0028368794326240065,0.2741875540769417,0.2079826635145784
40_vowels,adb,2,ok,0.00773049645390067,0.00773049645390067,0.3155452631097171,0.20992119779353813
43_WDBC,adb,0,ok,0.04861111111111116,0.02083333333333337,0.4039010998864617,0.015432098765432056
43_WDBC,adb,1,ok,0.001388888888888884,0.001388888888888884,0.40904090506671514,0.008487654320987748
43_WDBC,adb,2,ok,0.04444444444444451,0.04444444444444451,0.44702754410604023,0.009722222222222299
WBC,dami,0,ok,0.0,0.0,0.2686956193855001,0.006459948320413522
WBC,dami,1,ok,1.1102230246251565e-16,1.1102230246251565e-16,0.2646069154401428,0.011886304909560774
WBC,dami,2,ok,0.0,0.0,0.38299390779279935,0.008785529715762297
WDBC,dami,0,ok,0.04999999999999993,0.04999999999999993,0.2211663427261144,0.03456790123456788
WDBC,dami,1,ok,0.06666666666666665,0.06666666666666665,0.19831091346961585,0.036111111111111094
WDBC,dami,2,ok,0.07500000000000007,0.07500000000000007,0.22836131783011374,0.03719135802469131
Wilt,dami,0,ok,0.0,0.0,0.2729344687658903,0.1355489165718411
Wilt,dami,1,ok,0.0,0.0,0.2997297533595787,0.11028526320823911
Wilt,dami,2,ok,0.0,0.0,0.2674596725300005,0.1298255159536862
38_thyroid,adb,0,ok,0.015559256661991538,0.015559256661991538,0.27546930302226413,0.03217365331671085
38_thyroid,adb,1,ok,0.01682298971481999,0.01682298971481999,0.2707755886101927,0.021396615760220117
38_thyroid,adb,2,ok,0.011782667134174862,0.011782667134174862,0.26998796889648374,0.029121863799283165
41_Waveform,adb,0,ok,0.0,0.0,0.2582486314320948,0.07530269058295957
41_Waveform,adb,1,ok,0.0023467862481315604,0.0023467862481315604,0.38748618953537967,0.07120577977080222
41_Waveform,adb,2,ok,0.0,0.0,0.3229126984439111,0.08492110945025722
Annthyroid,dami,0,ok,0.09233459123782928,0.09233459123782928,0.22268544564427928,0.10010113400705545
Annthyroid,dami,1,ok,0.08719578161869312,0.08719578161869312,0.24347186506227803,0.12967443084317454
Annthyroid,dami,2,ok,0.09861701493300168,0.09861701493300168,0.23605429960237634,0.08604341237592505
44_Wilt,adb,0,ok,0.0,0.0,0.2681424204935256,0.3729775841959986
44_Wilt,adb,1,ok,0.0,0.0,0.28689427095542575,0.37477110422588833
44_Wilt,adb,2,ok,0.0,0.0,0.2907462166149073,0.36202231399362317
27_PageBlocks,adb,0,ok,0.007216970718686544,0.007216970718686544,0.2551312588597284,0.11777204683761366
27_PageBlocks,adb,1,ok,0.010699018604370947,0.010699018604370947,0.2357013304264002,0.1000086967574475
27_PageBlocks,adb,2,ok,0.0035001103819215507,0.0035001103819215507,0.2327518278481609,0.09944028561043428
28_pendigits,adb,0,ok,0.005207438379441376,0.005207438379441376,0.3353369592250371,0.04743494281841276
28_pendigits,adb,1,ok,0.007441243293812128,0.007441243293812128,0.40416485363067317,0.03812954371405597
28_pendigits,adb,2,ok,0.005565419936231608,0.005565419936231608,0.29219963924684605,0.042152726069330626
31_satimage-2,adb,0,ok,0.002799710205435013,0.002799710205435013,0.25555726164699666,0.015197842094707203
31_satimage-2,adb,1,ok,0.004488131930203809,0.004488131930203809,0.29826347531399305,0.01356740657058686
31_satimage-2,adb,2,ok,0.004481992214840913,0.004481992214840913,0.30536931186663285,0.013859384145617604
26_optdigits,adb,0,ok,0.0017422748191977533,0.0017422748191977533,0.3878322400607579,0.19986522024983544
26_optdigits,adb,1,ok,0.00239973701512175,0.00239973701512175,0.28237951222282465,0.19097140039447735
26_optdigits,adb,2,ok,0.002389875082182691,0.002389875082182691,0.3552991351101269,0.1895796351084813
30_satellite,adb,0,ok,0.034747834434720404,0.034747834434720404,0.3140622528642147,0.11981746492429202
30_satellite,adb,1,ok,0.02898117967494196,0.02898117967494196,0.22492351743271186,0.128050457919073
30_satellite,adb,2,ok,0.037204188247901504,0.037204188247901504,0.3740814658118642,0.12549633739159782
35_SpamBase,adb,0,ok,0.04404266138088009,0.04404266138088009,0.4735862990488644,0.12589714897636262
35_SpamBase,adb,1,ok,0.01502341173340993,0.01502341173340993,0.5511705478363126,0.12438233750091232
35_SpamBase,adb,2,ok,0.04484541664410635,0.04484541664410635,0.5120573317184921,0.12870810024265766
19_landsat,adb,0,ok,0.001127118214421352,0.001127118214421352,0.30942227567284714,0.20003082716483878
19_landsat,adb,1,ok,0.0,0.0,0.22330867938568594,0.20030260585061377
19_landsat,adb,2,ok,0.0025650389090906556,0.0025650389090906556,0.3733991316420227,0.20424139662078444
25_musk,adb,0,ok,0.0,0.0,0.3134815286317871,0.019975313363814973
25_musk,adb,1,ok,0.0,0.0,0.2779793506647021,0.020239951013059976
25_musk,adb,2,ok,0.0,0.0,0.27799480007765065,0.015399206859716852
23_mammography,adb,0,ok,0.04940151381798985,0.04940151381798985,0.254483417375087,0.029841968354554216
23_mammography,adb,1,ok,0.04634747403626138,0.04634747403626138,0.3924335813880877,0.030317823544368294
23_mammography,adb,2,ok,0.05680513994015146,0.05680513994015146,0.36405978492779106,0.04175379921375355
36_speech,adb,0,ok,0.0023289994347088783,0.0023289994347088783,0.296940951323759,0.024960743671879893
36_speech,adb,1,ok,0.0,0.0,0.2847080066200711,0.03466616418566676
36_speech,adb,2,ok,0.021684567552289424,0.021684567552289424,0.23994570583113042,0.046936750204132904
22_magic.gamma,adb,0,ok,0.009781629470736242,0.009781629470736242,0.26790458161658043,0.09813566186904776
22_magic.gamma,adb,1,ok,0.011738076582176404,0.011738076582176404,0.30175272333101133,0.10923491321488288
22_magic.gamma,adb,2,ok,0.010232254758021142,0.010232254758021142,0.3100889245154394,0.1056305136359218
InternetAds,dami,0,ok,0.08292289402173902,0.08292289402173902,0.34625335316738975,0.16630765021135274
InternetAds,dami,1,ok,0.10058169157608698,0.10058169157608698,0.29526212329284074,0.19520965428743975
InternetAds,dami,2,ok,0.10278108016304355,0.10278108016304355,0.37885703602522425,0.19645842768719812
