dataset,modality,variant,edge_auc,embedded_auc,true_ap_norm
TrialBehavior,tabular,IForest,0.9655098860623722,0.7984735476310063,0.011694657485748617
TrialBehavior,tabular,LOF,0.9610398747967809,0.6970372230593225,-0.009274158659995717
TrialBehavior,tabular,KNN,0.9613137231093031,0.6858535632568782,-0.003363750453331465
TrialBehavior,tabular,ECOD,0.9617408711607606,0.775751157988727,0.010981002210921036
TrialBehavior,tabular,COPOD,0.9166087197026425,0.6760367487024945,-0.027323862386776032
TrialBehavior,tabular,HBOS,0.9528799607390768,0.8234095094592332,0.0001968815692236127
TrialBehavior,tabular,PCA,0.8970148543905448,0.7465344048216978,-0.022230088764301728
TrialBehavior,tabular,CBLOF,0.9333089470382289,0.6037468608739327,-0.0015442210999563656
TrialBehavior,tabular,LODA,0.944476352376905,0.7508149868854289,-0.013192725094678668
TrialBehavior,tabular,LOF_k3,0.870030120278739,0.5496531614487414,-0.026110880267205667
TrialBehavior,tabular,KNN_k3,0.9593627183129945,0.675131006194542,-0.010199363060123492
TrialBehavior,tabular,LOF_k10,0.9532702932426689,0.6457041408560745,-0.007763229455345195
TrialBehavior,tabular,KNN_k10,0.9624654105869576,0.6932440426363077,0.003366669739466517
TrialBehavior,tabular,LOF_k35,0.959207900754862,0.6879001339360455,-0.018634889379433875
TrialBehavior,tabular,KNN_k35,0.9560412576987162,0.6843325520397343,0.008843329662720034
TrialBehavior,tabular,LOF_k50,0.9578414249961209,0.6868357609241588,-0.02429684780323611
TrialBehavior,tabular,KNN_k50,0.9554484312495362,0.6763182934315531,0.01130564080213708
TrialBehavior,tabular,LOF_k100,0.9596666194456249,0.6974013616831296,-0.017935145416476225
TrialBehavior,tabular,KNN_k100,0.9566182988282437,0.674423098387187,0.015945586450899243
TrialBehavior,tabular,LOF_k200,0.961878318121412,0.6796957140465427,-0.0018421379976539826
TrialBehavior,tabular,KNN_k200,0.9548251472284621,0.6646593001841621,0.022138934012954744
TrialBehavior,tabular,HBOS_b5,0.9200986582478295,0.8030399296835761,-0.0044995821130173475
TrialBehavior,tabular,HBOS_b20,0.9542080019428086,0.8321559517830236,-0.0039149208672587385
TrialBehavior,tabular,HBOS_b50,0.959432470537443,0.8192893018583627,-0.00434778965077784
TrialBehavior,tabular,HBOS_b100,0.9429876078494862,0.8115508677939618,-0.0015653207734512185
TrialBehavior,tabular,PCA_c0.3,0.8970148543905448,0.7465344048216978,-0.022230088764301728
TrialBehavior,tabular,PCA_c0.7,0.9634707128353537,0.7202034153691612,0.1052307877951801
TrialBehavior,tabular,PCA_c0.9,0.9634707128353537,0.7202034153691612,0.1052307877951801
TrialBehavior,tabular,PCA_c0.99,0.9627614865183926,0.7159874993024165,0.045034119757590196
TrialBehavior,tabular,CBLOF_c4,,,
TrialBehavior,tabular,CBLOF_c16,0.9397069597069597,0.613319381661923,0.002285615811636632
TrialBehavior,tabular,CBLOF_c32,0.9359592954620579,0.616628857637145,-0.0035608265905176795
TrialBehavior,tabular,IF_n50,0.9584064922186469,0.7920630336514314,-0.00034902229453671624
TrialBehavior,tabular,IF_n300,0.9660781575698703,0.8092686533846756,0.017596227726989527
TrialBehavior,tabular,LODA_b20,0.9613004000296819,0.7769209358781182,0.001719331565078327
TrialBehavior,tabular,LODA_b50,0.9675763463056279,0.7611829622188739,3.5214464362890146e-05
GlobalTerrorismAttack,tabular,IForest,0.9500555675826703,0.7340878960125607,-0.03114394810334464
GlobalTerrorismAttack,tabular,LOF,0.9319214888457764,0.7937785777078863,-0.04237859618079659
GlobalTerrorismAttack,tabular,KNN,0.9703674561079701,0.8208453074655345,-0.062181145237745254
GlobalTerrorismAttack,tabular,ECOD,0.8856474889697481,0.7058551918020443,-0.00786389289863571
GlobalTerrorismAttack,tabular,COPOD,0.9205981916770517,0.7267982083848957,-0.05503591421552679
GlobalTerrorismAttack,tabular,HBOS,0.9430695486408898,0.6168468805207711,0.08418090522387034
GlobalTerrorismAttack,tabular,PCA,0.9565597271140199,0.6350690339931827,0.04709669426581028
GlobalTerrorismAttack,tabular,CBLOF,0.9611160491668448,0.727406221038832,-0.00988578033262068
GlobalTerrorismAttack,tabular,LODA,0.9583666507538687,0.6204489747343205,-0.01905827190460802
GlobalTerrorismAttack,tabular,LOF_k3,0.8747981410706538,0.7970031560382437,-0.01807139957797235
GlobalTerrorismAttack,tabular,KNN_k3,0.9732304413673534,0.8294858451089102,-0.06339566098575647
GlobalTerrorismAttack,tabular,LOF_k10,0.9007949228923176,0.823158218630355,-0.03413412176994023
GlobalTerrorismAttack,tabular,KNN_k10,0.9677674194252704,0.8109678719972837,-0.05936460509035354
GlobalTerrorismAttack,tabular,LOF_k35,0.9527569731823099,0.7735854577521244,-0.04692941997754787
GlobalTerrorismAttack,tabular,KNN_k35,0.9658857831178168,0.7828286557401624,-0.050132824743180926
GlobalTerrorismAttack,tabular,LOF_k50,0.9639826772542283,0.764290681893881,-0.048902647815830404
GlobalTerrorismAttack,tabular,KNN_k50,0.9650142220630942,0.7721139865657409,-0.04766294347696457
GlobalTerrorismAttack,tabular,LOF_k100,0.9654278507268542,0.7379986768763858,-0.04817003903582856
GlobalTerrorismAttack,tabular,KNN_k100,0.9642500723939786,0.7614943100224317,-0.039068589022873614
GlobalTerrorismAttack,tabular,LOF_k200,0.9618111007492891,0.7194995807998905,-0.04077894230887432
GlobalTerrorismAttack,tabular,KNN_k200,0.9581113752450524,0.7078185474083307,-0.029764112363418038
GlobalTerrorismAttack,tabular,HBOS_b5,0.8672988014055072,0.5908101153805487,0.09516869228960911
GlobalTerrorismAttack,tabular,HBOS_b20,0.9318196631297698,0.7360030262326445,0.04514628873551841
GlobalTerrorismAttack,tabular,HBOS_b50,0.8713321232205651,0.7320331279774004,-0.008036679298942142
GlobalTerrorismAttack,tabular,HBOS_b100,0.8328750771354373,0.690143530742086,-0.05045732664113651
GlobalTerrorismAttack,tabular,PCA_c0.3,0.9478912304755985,0.5788715934716967,0.11287015521955816
GlobalTerrorismAttack,tabular,PCA_c0.7,0.9596854007480866,0.6488273913144915,0.03788894874680353
GlobalTerrorismAttack,tabular,PCA_c0.9,0.9568582424129722,0.6310102524086012,0.04928621428458798
GlobalTerrorismAttack,tabular,PCA_c0.99,0.9568582424129722,0.6310102524086012,0.0456147685725892
GlobalTerrorismAttack,tabular,CBLOF_c4,0.9516008744945913,0.7545419488014947,0.00851266261859574
GlobalTerrorismAttack,tabular,CBLOF_c16,0.9584519738808078,0.7826965214581313,-0.019686399393046044
GlobalTerrorismAttack,tabular,CBLOF_c32,0.9662935485631762,0.7715803943409723,-0.035494591428930196
GlobalTerrorismAttack,tabular,IF_n50,0.936395309517796,0.7409125656287678,-0.038714306052057675
GlobalTerrorismAttack,tabular,IF_n300,0.9539423725426522,0.7523221948712144,-0.02814599160952137
GlobalTerrorismAttack,tabular,LODA_b20,0.9572701132676652,0.6849084212809704,-0.06846054124911082
GlobalTerrorismAttack,tabular,LODA_b50,0.9638388954112858,0.7113640098960017,-0.05230660189692929
HumanObjectInteraction,tabular,IForest,0.9644810267857142,0.7360243055555556,0.4700053402465712
HumanObjectInteraction,tabular,LOF,0.9778738839285714,0.799925595238095,0.31355429225446635
HumanObjectInteraction,tabular,KNN,0.9730189732142858,0.819593253968254,0.5696382084487926
HumanObjectInteraction,tabular,ECOD,0.9097935267857142,0.6759672619047619,0.2394562615958159
HumanObjectInteraction,tabular,COPOD,0.9319196428571429,0.658296130952381,0.2538312746061816
HumanObjectInteraction,tabular,HBOS,0.9328404017857144,0.6249007936507935,0.39094453516908284
HumanObjectInteraction,tabular,PCA,0.9691964285714285,0.7539310515873016,0.303460661335126
HumanObjectInteraction,tabular,CBLOF,0.9642857142857143,0.7659474206349206,0.415377218825515
HumanObjectInteraction,tabular,LODA,0.9396763392857143,0.6790302579365078,0.3899255754112418
HumanObjectInteraction,tabular,LOF_k3,0.9179408482142857,0.9038814484126985,0.10021136605230141
HumanObjectInteraction,tabular,KNN_k3,0.9782924107142857,0.8266369047619048,0.5673679396389221
HumanObjectInteraction,tabular,LOF_k10,0.9784319196428571,0.8286830357142857,0.26912646152172837
HumanObjectInteraction,tabular,KNN_k10,0.9727399553571429,0.7855282738095238,0.5578260510991709
HumanObjectInteraction,tabular,LOF_k35,0.9696428571428571,0.765438988095238,0.34845996330041173
HumanObjectInteraction,tabular,KNN_k35,0.9669363839285714,0.7318700396825397,0.49312191993589355
HumanObjectInteraction,tabular,LOF_k50,0.9692243303571428,0.7474950396825396,0.38376182595667135
HumanObjectInteraction,tabular,KNN_k50,0.9659598214285714,0.7219246031746032,0.47386257418359645
HumanObjectInteraction,tabular,LOF_k100,0.9649832589285714,0.701140873015873,0.42026660154930745
HumanObjectInteraction,tabular,KNN_k100,0.9654296875,0.7083333333333333,0.43432238848693244
HumanObjectInteraction,tabular,LOF_k200,0.9477399553571428,0.7455233134920636,0.39066589836200355
HumanObjectInteraction,tabular,KNN_k200,0.9003627232142857,0.6877728174603175,0.40685928110714964
HumanObjectInteraction,tabular,HBOS_b5,0.9433872767857142,0.6646825396825398,0.4145236707789965
HumanObjectInteraction,tabular,HBOS_b20,0.9208426339285715,0.6260912698412698,0.4486865941280822
HumanObjectInteraction,tabular,HBOS_b50,0.9384486607142857,0.589484126984127,0.48839333407695334
HumanObjectInteraction,tabular,HBOS_b100,0.9424665178571429,0.5671626984126985,0.55899807573366
HumanObjectInteraction,tabular,PCA_c0.3,0.9678013392857143,0.7763640873015873,0.2790908800939516
HumanObjectInteraction,tabular,PCA_c0.7,0.9642857142857143,0.7588541666666667,0.3148791308445373
HumanObjectInteraction,tabular,PCA_c0.9,0.9620535714285714,0.6887400793650794,0.33002584713571964
HumanObjectInteraction,tabular,PCA_c0.99,0.9651506696428571,0.7026289682539683,0.3462029986956046
HumanObjectInteraction,tabular,CBLOF_c4,0.9464285714285714,0.6007936507936509,
HumanObjectInteraction,tabular,CBLOF_c16,0.966796875,0.8217013888888889,0.4182917799101826
HumanObjectInteraction,tabular,CBLOF_c32,0.94921875,0.814608134920635,0.4618965515796775
HumanObjectInteraction,tabular,IF_n50,0.9689174107142857,0.7287822420634921,0.4774094855314466
HumanObjectInteraction,tabular,IF_n300,0.9708426339285714,0.7567088293650794,0.47047544881141135
HumanObjectInteraction,tabular,LODA_b20,0.9489676339285714,0.6754340277777778,0.31729048405061394
HumanObjectInteraction,tabular,LODA_b50,0.9566127232142857,0.76171875,0.4265114204247194
HumanRobotCollaboration,tabular,IForest,0.9270611577964519,0.6328571428571429,-0.016256618002454242
HumanRobotCollaboration,tabular,LOF,0.5780345471521942,0.6606746031746031,0.02765206913278574
HumanRobotCollaboration,tabular,KNN,0.6290779645191409,0.6421428571428571,0.047527696554511174
HumanRobotCollaboration,tabular,ECOD,0.7292296918767508,0.47662698412698407,-0.024331179821060603
HumanRobotCollaboration,tabular,COPOD,0.7692047930283226,0.48976190476190473,0.009410833110175603
HumanRobotCollaboration,tabular,HBOS,0.8101065981948334,0.5863888888888888,-0.09095571707938872
HumanRobotCollaboration,tabular,PCA,0.8502023031434796,0.37067460317460316,-0.044688881038440854
HumanRobotCollaboration,tabular,CBLOF,0.6406862745098039,0.5238888888888888,0.032303580317750734
HumanRobotCollaboration,tabular,LODA,0.7944125427948957,0.5482936507936508,0.06765401386214441
HumanRobotCollaboration,tabular,LOF_k3,0.5340258325552443,0.5911706349206349,0.03258886264518818
HumanRobotCollaboration,tabular,KNN_k3,0.6345813881107999,0.6625396825396825,0.05786505542972568
HumanRobotCollaboration,tabular,LOF_k10,0.6586072206660443,0.6415873015873016,0.020160265120266568
HumanRobotCollaboration,tabular,KNN_k10,0.6074945533769063,0.6108730158730159,0.05821075930659286
HumanRobotCollaboration,tabular,LOF_k35,0.5999556489262371,0.606468253968254,0.026627455079484455
HumanRobotCollaboration,tabular,KNN_k35,0.6269203236850296,0.6167857142857143,0.05284549039837452
HumanRobotCollaboration,tabular,LOF_k50,0.5826688453159041,0.6247222222222222,0.021139310847676656
HumanRobotCollaboration,tabular,KNN_k50,0.5881901649548709,0.5896428571428571,0.0448401090174755
HumanRobotCollaboration,tabular,LOF_k100,0.5163974478680361,0.6038095238095238,0.030392110795175578
HumanRobotCollaboration,tabular,KNN_k100,0.549214130096483,0.5775793650793651,0.03772884720966783
HumanRobotCollaboration,tabular,LOF_k200,0.4765561780267663,0.5492063492063493,0.040572520040700145
HumanRobotCollaboration,tabular,KNN_k200,0.4870697167755991,0.5298412698412698,0.037871445818316495
HumanRobotCollaboration,tabular,HBOS_b5,0.7885247432306255,0.6136507936507937,0.040963002800402715
HumanRobotCollaboration,tabular,HBOS_b20,0.7702696078431372,0.5424801587301588,0.02569811457473141
HumanRobotCollaboration,tabular,HBOS_b50,0.8213920012449425,0.5864682539682539,0.0402019471080631
HumanRobotCollaboration,tabular,HBOS_b100,0.7722008247743541,0.5421626984126984,0.06473515706250837
HumanRobotCollaboration,tabular,PCA_c0.3,0.6805228758169934,0.3567063492063492,-0.0030466947298320537
HumanRobotCollaboration,tabular,PCA_c0.7,0.8502023031434796,0.37067460317460316,-0.044688881038440854
HumanRobotCollaboration,tabular,PCA_c0.9,0.7907166199813259,0.3209920634920635,-0.04851663557678492
HumanRobotCollaboration,tabular,PCA_c0.99,0.7907166199813259,0.3209920634920635,-0.04851663557678492
HumanRobotCollaboration,tabular,CBLOF_c4,,,
HumanRobotCollaboration,tabular,CBLOF_c16,0.5464083411142234,0.5461904761904762,0.040278854050626874
HumanRobotCollaboration,tabular,CBLOF_c32,0.6149011826953004,0.6055952380952381,0.05861464777895342
HumanRobotCollaboration,tabular,IF_n50,0.9294895736072206,0.6384920634920634,-0.007850570731080853
HumanRobotCollaboration,tabular,IF_n300,0.9268036103330222,0.6299603174603174,-0.010892228380062785
HumanRobotCollaboration,tabular,LODA_b20,0.5225766417678182,0.6024404761904762,0.2354882846888551
HumanRobotCollaboration,tabular,LODA_b50,0.46288865546218483,0.6076984126984127,0.011052861641689546
ArtCollections,tabular,IForest,0.9662034425852811,0.8718269450387587,0.00958456682248296
ArtCollections,tabular,LOF,0.8620233639269171,0.7584382622453688,0.1533978089644424
ArtCollections,tabular,KNN,0.9359304171627917,0.8453941484859805,0.0375741323887635
ArtCollections,tabular,ECOD,0.8200325306078268,0.6945252844883671,0.05209092341880819
ArtCollections,tabular,COPOD,0.890616590799896,0.7641044179461346,0.01895251218290192
ArtCollections,tabular,HBOS,0.9768170756255922,0.8272225324198097,0.003576200279732112
ArtCollections,tabular,PCA,0.908664621397278,0.7736670049429626,0.0048033942749792415
ArtCollections,tabular,CBLOF,0.7665121795127435,0.5907500910615815,0.03279218339635808
ArtCollections,tabular,LODA,0.8425396567669552,0.6279712045632673,0.0027228791744597722
ArtCollections,tabular,LOF_k3,0.8584695896737634,0.6435249555346463,0.28242552576943675
ArtCollections,tabular,KNN_k3,0.9474551873311038,0.8582520549064158,0.04363622348844165
ArtCollections,tabular,LOF_k10,0.8680578106692038,0.7270180156543793,0.13706052416100642
ArtCollections,tabular,KNN_k10,0.905944289672434,0.8264351715897632,0.03717011546317038
ArtCollections,tabular,LOF_k35,0.8708517303130953,0.7071989868136616,0.09844806502937468
ArtCollections,tabular,KNN_k35,0.850582056701628,0.7493768857405222,0.048567670156054454
ArtCollections,tabular,LOF_k50,0.8254699656842917,0.677146517363407,0.1306006549355867
ArtCollections,tabular,KNN_k50,0.8091673930506419,0.7067630842896185,0.05886150528191978
ArtCollections,tabular,LOF_k100,0.7777779202060082,0.6313699990211297,0.16115689800951524
ArtCollections,tabular,KNN_k100,0.7355266331295661,0.612025245089389,0.037112530898903574
ArtCollections,tabular,LOF_k200,0.5078299919670477,0.4731188708230701,0.04909458841147598
ArtCollections,tabular,KNN_k200,0.592068314276436,0.5260796984724073,0.032107160821310446
ArtCollections,tabular,HBOS_b5,0.9557858857421745,0.7626052951560566,0.006674363149907259
ArtCollections,tabular,HBOS_b20,0.9812712574133893,0.8245005735603335,0.0007484117282472062
ArtCollections,tabular,HBOS_b50,0.9756061270725682,0.7874456543815104,0.0024292537740545064
ArtCollections,tabular,HBOS_b100,0.9684031279138442,0.7758724071310596,0.003670447713302303
ArtCollections,tabular,PCA_c0.3,0.908664621397278,0.7736670049429626,0.0048033942749792415
ArtCollections,tabular,PCA_c0.7,0.8518048505358151,0.7501476185370971,-0.0033782231841460973
ArtCollections,tabular,PCA_c0.9,0.8518048505358151,0.7501476185370971,-0.0033782231841460973
ArtCollections,tabular,PCA_c0.99,0.8518048505358151,0.7501476185370971,-0.0033782231841460973
ArtCollections,tabular,CBLOF_c4,0.5732323232323232,0.7111085474029636,
ArtCollections,tabular,CBLOF_c16,0.8301842451588644,0.7030534096985412,0.03494428374150849
ArtCollections,tabular,CBLOF_c32,0.8793934836236021,0.7479792708103736,0.04367229364103378
ArtCollections,tabular,IF_n50,0.9675201203613499,0.8563974395769504,0.012693233176483397
ArtCollections,tabular,IF_n300,0.9633876364699828,0.8737948962452884,0.010430094325911979
ArtCollections,tabular,LODA_b20,0.8909395705503997,0.7384711626116794,7.090471513458078e-05
ArtCollections,tabular,LODA_b50,0.9622534329951138,0.8553279903879812,0.0016770002708028173
AquaticMacroInverts,tabular,IForest,0.8948079322063062,0.629157286722779,0.49469235461065036
AquaticMacroInverts,tabular,LOF,0.8353206865401988,0.6362015648375179,0.055940090435696116
AquaticMacroInverts,tabular,KNN,0.8738331827762722,0.6099775120326159,0.17003381564099648
AquaticMacroInverts,tabular,ECOD,0.7975452029652571,0.5523558595374313,0.18402623786876282
AquaticMacroInverts,tabular,COPOD,0.8633959937482972,0.598616308914412,0.2576443530041989
AquaticMacroInverts,tabular,HBOS,0.7186690755796447,0.6154735617021073,0.1235680119087762
AquaticMacroInverts,tabular,PCA,0.9452144362713467,0.6171467764060358,0.4286028453063389
AquaticMacroInverts,tabular,CBLOF,0.8595116215712423,0.5421521534439331,0.11497668158396113
AquaticMacroInverts,tabular,LODA,0.8680331512309832,0.5719040210684294,0.41830347683176755
AquaticMacroInverts,tabular,LOF_k3,0.7959708062689094,0.5712984471114553,0.13087458233148355
AquaticMacroInverts,tabular,KNN_k3,0.8756843176897378,0.6141319310018496,0.17499789420595813
AquaticMacroInverts,tabular,LOF_k10,0.8077859508753819,0.6482290426960706,0.10147380334729002
AquaticMacroInverts,tabular,KNN_k10,0.8702183794324716,0.6150005018568704,0.16344239154288287
AquaticMacroInverts,tabular,LOF_k35,0.8450022225089976,0.5972587860799242,0.040164645541678916
AquaticMacroInverts,tabular,KNN_k35,0.8625385354382645,0.5803643719858715,0.15953088184047537
AquaticMacroInverts,tabular,LOF_k50,0.8479918555799314,0.5930195294016432,0.030822411273686567
AquaticMacroInverts,tabular,KNN_k50,0.8540456833139759,0.5718997194381116,0.16352020943729767
AquaticMacroInverts,tabular,LOF_k100,0.8509313029638234,0.5655360548314478,0.04506077887286968
AquaticMacroInverts,tabular,KNN_k100,0.8504308799701753,0.5581832542311314,0.17690997059158722
AquaticMacroInverts,tabular,LOF_k200,0.8563470555340474,0.5351113405313948,0.11262546527167278
AquaticMacroInverts,tabular,KNN_k200,0.8378729871954804,0.5014754591990365,0.19881407987749453
AquaticMacroInverts,tabular,HBOS_b5,0.6925854232087295,0.6002309736501246,0.15808700572081
AquaticMacroInverts,tabular,HBOS_b20,0.7055146900675355,0.5970725015892134,0.09719831353949315
AquaticMacroInverts,tabular,HBOS_b50,0.759950387863667,0.6076894031726914,0.09470717249699516
AquaticMacroInverts,tabular,HBOS_b100,0.6957514231226968,0.5957961122821105,0.11886446832391061
AquaticMacroInverts,tabular,PCA_c0.3,0.9374471257940092,0.6017435941555183,0.4079473400234103
AquaticMacroInverts,tabular,PCA_c0.7,0.9377597109304426,0.6199923048613202,0.42728731012990256
AquaticMacroInverts,tabular,PCA_c0.9,0.9398861501842531,0.6201727343552095,0.44043963653099993
AquaticMacroInverts,tabular,PCA_c0.99,0.9392982607074748,0.6203277125363846,0.4314984403909021
AquaticMacroInverts,tabular,CBLOF_c4,0.8353335914311524,0.552898701385603,0.17009426963686036
AquaticMacroInverts,tabular,CBLOF_c16,0.8402245451025939,0.6315626150088661,0.1453810243702989
AquaticMacroInverts,tabular,CBLOF_c32,0.8766349779899915,0.6060931398555608,0.1313898724599847
AquaticMacroInverts,tabular,IF_n50,0.8922312556458897,0.6022064973736156,0.4987737454995536
AquaticMacroInverts,tabular,IF_n300,0.9244805781391147,0.6313173025910153,0.47360692940654275
AquaticMacroInverts,tabular,LODA_b20,0.853945311939892,0.585154954283229,0.32648006448673556
AquaticMacroInverts,tabular,LODA_b50,0.8440013765217017,0.5966626518117032,0.3021459478826616
FraudEventLog,tabular,IForest,0.9644808657053556,0.8513504393606435,0.19509678299655178
FraudEventLog,tabular,LOF,0.6740730964200352,0.5094245028556253,0.13800624760254265
FraudEventLog,tabular,KNN,0.6441630551834633,0.6744734439249745,0.14261802683316885
FraudEventLog,tabular,ECOD,0.9472933574974391,0.7477275197938462,0.5055445544511392
FraudEventLog,tabular,COPOD,0.9818201875344732,0.8379395704013051,0.16858407868209943
FraudEventLog,tabular,HBOS,0.8149284269692432,0.7285864855380162,-0.037454306523936824
FraudEventLog,tabular,PCA,0.9674191684395768,0.6621942824748948,0.19627842971998247
FraudEventLog,tabular,CBLOF,0.702411682819846,0.6588164239312199,0.09324604119844877
FraudEventLog,tabular,LODA,0.8370333307068,0.8300706774558815,0.19728275248311603
FraudEventLog,tabular,LOF_k3,0.6599623092480236,0.6085007383476772,0.3835743328209931
FraudEventLog,tabular,KNN_k3,0.6517725159561893,0.6609636695733634,0.22655137991063934
FraudEventLog,tabular,LOF_k10,0.5471181677304127,0.5709813448652734,0.1249513215369167
FraudEventLog,tabular,KNN_k10,0.6387715704042234,0.7177759574443248,0.08912209984673099
FraudEventLog,tabular,LOF_k35,0.7285538307987288,0.4768470912603566,0.19781811140174987
FraudEventLog,tabular,KNN_k35,0.8489467601712498,0.7574639781910191,0.0913755558930407
FraudEventLog,tabular,LOF_k50,0.8175289575289575,0.49695477638717434,0.19373855671435622
FraudEventLog,tabular,KNN_k50,0.8566304205079716,0.779761585565157,0.07291809196277645
FraudEventLog,tabular,LOF_k100,0.880223255325296,0.704098212644131,0.11658947225189965
FraudEventLog,tabular,KNN_k100,0.8584852782811966,0.8007237102262612,0.06450222378433822
FraudEventLog,tabular,LOF_k200,0.8543695006960312,0.7825399378970808,0.11202516686647997
FraudEventLog,tabular,KNN_k200,0.823482257767972,0.8030629846318621,0.05378514449403896
FraudEventLog,tabular,HBOS_b5,0.8558052950910093,0.7717874124124124,-0.035065655967497764
FraudEventLog,tabular,HBOS_b20,0.7147101620571009,0.7104156178773526,0.16992654017757758
FraudEventLog,tabular,HBOS_b50,0.7728626585769443,0.6681746159424731,0.4050330290769606
FraudEventLog,tabular,HBOS_b100,0.7411110235600031,0.6270736160723405,0.3535576112228879
FraudEventLog,tabular,PCA_c0.3,0.9614614030940561,0.5038044786769277,0.23857385130900224
FraudEventLog,tabular,PCA_c0.7,0.9722393822393822,0.7648315133646767,0.11298236194321372
FraudEventLog,tabular,PCA_c0.9,0.9722393822393822,0.7648315133646767,0.11298236194321372
FraudEventLog,tabular,PCA_c0.99,0.9722393822393822,0.7648315133646767,0.11298236194321372
FraudEventLog,tabular,CBLOF_c4,0.979619415333701,0.6920149741578312,0.0759393527392736
FraudEventLog,tabular,CBLOF_c16,0.784634517899824,0.6767107942490596,0.0541632162504753
FraudEventLog,tabular,CBLOF_c32,0.5839728941769758,0.6516837810842913,0.08762964896591667
FraudEventLog,tabular,IF_n50,0.9681669424526568,0.8491584879339982,0.17769269519234732
FraudEventLog,tabular,IF_n300,0.9625246237491135,0.8591720273480478,0.1848020143682815
FraudEventLog,tabular,LODA_b20,0.8730378483439708,0.8117310641545336,0.19487323622504613
FraudEventLog,tabular,LODA_b50,0.6028757912431382,0.7017034983233963,0.22079484312232042
VoteOutcome,tabular,IForest,0.9940721649484537,0.8348310572203527,0.19682288115199767
VoteOutcome,tabular,LOF,0.9827319587628868,0.7302898112042921,0.5989319201021694
VoteOutcome,tabular,KNN,0.9951890034364261,0.8179842601000659,0.19335473865526268
VoteOutcome,tabular,ECOD,0.9807560137457045,0.7982037403035213,0.1055222133702194
VoteOutcome,tabular,COPOD,0.9899484536082473,0.7920941426443268,0.13206473904424162
VoteOutcome,tabular,HBOS,0.6596219931271478,0.518838470167192,0.18693595740251254
VoteOutcome,tabular,PCA,0.9938144329896907,0.7397856833383781,0.17903820764606593
VoteOutcome,tabular,CBLOF,0.993127147766323,0.8212435233160623,0.047388818611188634
VoteOutcome,tabular,LODA,0.9962199312714777,0.7861232780775005,0.10667031628350458
VoteOutcome,tabular,LOF_k3,0.6179553264604811,0.5219085518935954,0.29218005843332007
VoteOutcome,tabular,KNN_k3,0.9941580756013746,0.8195253102576429,0.21404178078258798
VoteOutcome,tabular,LOF_k10,0.8094501718213059,0.6942933960080481,0.5304483415797149
VoteOutcome,tabular,KNN_k10,0.9942439862542954,0.8161479384410851,0.1778441041891732
VoteOutcome,tabular,LOF_k35,0.9948453608247423,0.7541943390963208,0.6605053315655602
VoteOutcome,tabular,KNN_k35,0.9948453608247423,0.8091614289360137,0.1366117053748176
VoteOutcome,tabular,LOF_k50,0.9948453608247423,0.7801111645270611,0.6686865569158238
VoteOutcome,tabular,KNN_k50,0.9948453608247423,0.8074432158775945,0.12471681718796991
VoteOutcome,tabular,LOF_k100,0.9948453608247423,0.7889428983494472,0.4888044335009268
VoteOutcome,tabular,KNN_k100,0.9948453608247423,0.8005703636439175,0.09805501317534092
VoteOutcome,tabular,LOF_k200,0.9948453608247423,0.7802381757859563,0.4334288652658799
VoteOutcome,tabular,KNN_k200,0.9948453608247423,0.7868246591765634,0.067782506560615
VoteOutcome,tabular,HBOS_b5,0.6372852233676977,0.5022661716788633,0.15972208950982686
VoteOutcome,tabular,HBOS_b20,0.6699312714776632,0.5371932292315819,0.2236538569077099
VoteOutcome,tabular,HBOS_b50,0.6586769759450172,0.5236582210114608,0.21710011454625136
VoteOutcome,tabular,HBOS_b100,0.6737972508591066,0.5567511825697821,0.2525483659081243
VoteOutcome,tabular,PCA_c0.3,0.9938144329896907,0.6539800817857545,0.16351273578089007
VoteOutcome,tabular,PCA_c0.7,0.9938144329896907,0.7658452480577367,0.16654888692332917
VoteOutcome,tabular,PCA_c0.9,0.9938144329896907,0.7684403729620332,0.1369390093682988
VoteOutcome,tabular,PCA_c0.99,0.9938144329896907,0.7837728278997441,0.16130111704096092
VoteOutcome,tabular,CBLOF_c4,0.9948453608247423,0.8346482559692324,0.025266235853611752
VoteOutcome,tabular,CBLOF_c16,0.9948453608247423,0.7597332763563199,0.07523965919590984
VoteOutcome,tabular,CBLOF_c32,0.9948453608247423,0.8466757473781672,0.09498206726854362
VoteOutcome,tabular,IF_n50,0.9944158075601376,0.8452584441714296,0.18825990809884027
VoteOutcome,tabular,IF_n300,0.9935567010309277,0.8370674049937978,0.1938937045372822
VoteOutcome,tabular,LODA_b20,0.9958762886597938,0.8574352034850939,0.09264579935646176
VoteOutcome,tabular,LODA_b50,0.9947594501718214,0.85233516728095,0.09032260773345822
RacingMotion,tabular,IForest,0.9024159008908464,0.7133649520414227,0.2058794392291863
RacingMotion,tabular,LOF,0.7000614611725723,0.6703282592498279,0.9861468961411898
RacingMotion,tabular,KNN,0.7601372947233513,0.8010865423610521,0.986829421251811
RacingMotion,tabular,ECOD,0.7067547033777971,0.6341464127738636,0.08385685368838745
RacingMotion,tabular,COPOD,0.7954442757275001,0.640058686774373,0.05135424183291403
RacingMotion,tabular,HBOS,0.6787045682470519,0.4794332210998877,0.06977636453329525
RacingMotion,tabular,PCA,0.7948808554473042,0.6175472983806316,0.16056657458418308
RacingMotion,tabular,CBLOF,0.4977350798156899,0.5092611691141102,0.40514728994116217
RacingMotion,tabular,LODA,0.7835327808639355,0.6023111837327524,-0.012803491295300526
RacingMotion,tabular,LOF_k3,0.7192963193507855,0.7413608305274972,0.9782771079428821
RacingMotion,tabular,KNN_k3,0.7936084572250149,0.8081199483160268,0.9890358912532656
RacingMotion,tabular,LOF_k10,0.6400212310887693,0.7778340595497458,0.9873035638968929
RacingMotion,tabular,KNN_k10,0.6870969787091792,0.6752104612888926,0.9841250661198818
RacingMotion,tabular,LOF_k35,0.5696283039964957,0.568629973875072,0.9725332473213634
RacingMotion,tabular,KNN_k35,0.6407344007561873,0.5751752114987408,0.9712725499624169
RacingMotion,tabular,LOF_k50,0.49279553759401257,0.43503402371049427,0.9495422419482423
RacingMotion,tabular,KNN_k50,0.6034047812914916,0.5296921596921597,0.964203964605172
RacingMotion,tabular,LOF_k100,0.5881869320867142,0.5820029425911779,0.701941173192386
RacingMotion,tabular,KNN_k100,0.5735461000711545,0.601160767337238,0.5269398673319129
RacingMotion,tabular,LOF_k200,0.5372155259410162,0.5705590451668883,0.6217376606669444
RacingMotion,tabular,KNN_k200,0.5883110595528895,0.5601044997123429,0.33835260263079303
RacingMotion,tabular,HBOS_b5,0.8270492821146416,0.6354026964321082,0.10063772892786228
RacingMotion,tabular,HBOS_b20,0.6958075411234452,0.4628157626687039,0.06624223717217459
RacingMotion,tabular,HBOS_b50,0.6691019018905728,0.4534227664129625,0.05643573452024885
RacingMotion,tabular,HBOS_b100,0.6836426564640073,0.466788307915759,0.060346173386155284
RacingMotion,tabular,PCA_c0.3,0.7771285843181269,0.5658110516934046,0.13600014765191956
RacingMotion,tabular,PCA_c0.7,0.7819980330328915,0.622146724009469,0.1679686375369159
RacingMotion,tabular,PCA_c0.9,0.7754693422449414,0.59660001037452,0.18594030704823009
RacingMotion,tabular,PCA_c0.99,0.7682917461784564,0.6077532797630837,0.19817262982893177
RacingMotion,tabular,CBLOF_c4,,,
RacingMotion,tabular,CBLOF_c16,0.6227045064191032,0.5250672457535204,0.43787938222241934
RacingMotion,tabular,CBLOF_c32,0.5503392939667449,0.48977183129143914,0.32924141451334493
RacingMotion,tabular,IF_n50,0.8939231772020442,0.7110631761121957,0.21499357336055322
RacingMotion,tabular,IF_n300,0.9100842431997117,0.7182362136773902,0.2103523670767675
RacingMotion,tabular,LODA_b20,0.6944808076616356,0.6214084590064982,0.05056424477135881
RacingMotion,tabular,LODA_b50,0.7366715971835797,0.5978350734233088,0.3419061110119032
UserEventAnomalies,tabular,IForest,0.976417525773196,0.8653273416160013,0.02169161031041697
UserEventAnomalies,tabular,LOF,0.492711362234558,0.42374471319058954,0.010888334015846712
UserEventAnomalies,tabular,KNN,0.4366810952506829,0.37480042294475285,0.0022232180582840485
UserEventAnomalies,tabular,ECOD,0.9735180412371134,0.8347096660498723,0.041274553192299716
UserEventAnomalies,tabular,COPOD,0.9066856110670545,0.8460791699709226,0.06111447189478739
UserEventAnomalies,tabular,HBOS,0.8950538042999383,0.5950583751872411,-0.008276658163810624
UserEventAnomalies,tabular,PCA,0.9876354744911446,0.46693276940699613,0.008684533067263314
UserEventAnomalies,tabular,CBLOF,0.6265162863101007,0.5694299686567728,
UserEventAnomalies,tabular,LODA,0.42735483302493615,0.38718796810291656,-0.0009299790280360553
UserEventAnomalies,tabular,LOF_k3,0.32937318265926513,0.4755116089523307,-0.01386652512851877
UserEventAnomalies,tabular,KNN_k3,0.41980791259141775,0.40294431227420924,-0.004101091456567418
UserEventAnomalies,tabular,LOF_k10,0.38658114151026524,0.42212496695744123,-0.004727612335387457
UserEventAnomalies,tabular,KNN_k10,0.5252516741563134,0.4452198431579875,0.008326008365869025
UserEventAnomalies,tabular,LOF_k35,0.4767589655476253,0.48518272535025114,0.006160374181514871
UserEventAnomalies,tabular,KNN_k35,0.5524512071548153,0.49218785796105385,0.007803785117457638
UserEventAnomalies,tabular,LOF_k50,0.4293577627984845,0.5309449070402679,0.008180306223791109
UserEventAnomalies,tabular,KNN_k50,0.5250291875936206,0.4854692043351837,0.0092015779319414
UserEventAnomalies,tabular,LOF_k100,0.5590922107674685,0.4202956207595383,0.014162072851447183
UserEventAnomalies,tabular,KNN_k100,0.5317505947660587,0.43965129086263105,0.014125703401968387
UserEventAnomalies,tabular,LOF_k200,0.29270585514142217,0.44166919992950915,0.027420494774999537
UserEventAnomalies,tabular,KNN_k200,0.4943315490351573,0.378468367257027,0.021308402633316972
UserEventAnomalies,tabular,HBOS_b5,0.8710051546391753,0.3680769230769231,-0.006466337348125563
UserEventAnomalies,tabular,HBOS_b20,0.9854210723411755,0.6007875143184421,0.04566179233902006
UserEventAnomalies,tabular,HBOS_b50,0.8544491805445414,0.6333584456780332,0.017690581647148068
UserEventAnomalies,tabular,HBOS_b100,0.8390378557582165,0.689842717420037,0.8306423531709236
UserEventAnomalies,tabular,PCA_c0.3,0.9876354744911446,0.46693276940699613,0.008684533067263314
UserEventAnomalies,tabular,PCA_c0.7,0.9852988148735572,0.5820827826240198,-0.004887825450978411
UserEventAnomalies,tabular,PCA_c0.9,0.9755050004405675,0.6387996739800863,0.004127762558394488
UserEventAnomalies,tabular,PCA_c0.99,0.9763018768173408,0.618593488413076,0.004127762558394488
UserEventAnomalies,tabular,CBLOF_c4,,,
UserEventAnomalies,tabular,CBLOF_c16,0.4852646708961142,0.5342479513613535,0.02324933856875253
UserEventAnomalies,tabular,CBLOF_c32,0.43834974447087854,0.5073755396951273,0.014460531225204678
UserEventAnomalies,tabular,IF_n50,0.9741623711340207,0.8820691250330427,0.022880199751407204
UserEventAnomalies,tabular,IF_n300,0.9806056701030929,0.8637699356771522,0.02472785887647763
UserEventAnomalies,tabular,LODA_b20,0.8891752577319588,0.4835511939377919,-0.015174955080537655
UserEventAnomalies,tabular,LODA_b50,0.7982157018239493,0.54791964049696,-0.03340394429856757
036_UCR_Anomaly_DISTORTEDInternalBleeding9_4200_6599_6681.txt,timeseries,IForest,0.8875,0.8142857142857143,-0.009479261275708925
036_UCR_Anomaly_DISTORTEDInternalBleeding9_4200_6599_6681.txt,timeseries,ECOD,0.825,0.557142857142857,0.03349708549137922
036_UCR_Anomaly_DISTORTEDInternalBleeding9_4200_6599_6681.txt,timeseries,COPOD,0.775,0.6928571428571428,0.003759170329561228
036_UCR_Anomaly_DISTORTEDInternalBleeding9_4200_6599_6681.txt,timeseries,HBOS,0.8875,0.75,0.08771740216969705
036_UCR_Anomaly_DISTORTEDInternalBleeding9_4200_6599_6681.txt,timeseries,PCA,0.9375,0.7142857142857143,0.048403230266908404
036_UCR_Anomaly_DISTORTEDInternalBleeding9_4200_6599_6681.txt,timeseries,CBLOF,0.35,0.942857142857143,-0.016706221080225837
036_UCR_Anomaly_DISTORTEDInternalBleeding9_4200_6599_6681.txt,timeseries,LOF_k3,0.38749999999999996,0.9785714285714285,-0.018185801988603884
036_UCR_Anomaly_DISTORTEDInternalBleeding9_4200_6599_6681.txt,timeseries,KNN_k3,0.275,0.9571428571428572,-0.02462687226251528
036_UCR_Anomaly_DISTORTEDInternalBleeding9_4200_6599_6681.txt,timeseries,LOF_k10,0.575,1.0,-0.01790979551198818
036_UCR_Anomaly_DISTORTEDInternalBleeding9_4200_6599_6681.txt,timeseries,KNN_k10,0.3875,0.8642857142857142,-0.027863588922533728
036_UCR_Anomaly_DISTORTEDInternalBleeding9_4200_6599_6681.txt,timeseries,LOF_k20,0.725,0.49999999999999994,-0.021976644513447764
036_UCR_Anomaly_DISTORTEDInternalBleeding9_4200_6599_6681.txt,timeseries,KNN_k20,0.75,0.5428571428571429,-0.029958602497751428
036_UCR_Anomaly_DISTORTEDInternalBleeding9_4200_6599_6681.txt,timeseries,LOF_k50,0.9,0.4821428571428571,-0.014479397801389052
036_UCR_Anomaly_DISTORTEDInternalBleeding9_4200_6599_6681.txt,timeseries,KNN_k50,0.9249999999999999,0.48571428571428565,-0.022293952960925446
036_UCR_Anomaly_DISTORTEDInternalBleeding9_4200_6599_6681.txt,timeseries,LOF_k100,0.44999999999999996,0.45357142857142857,-0.010952737795487
036_UCR_Anomaly_DISTORTEDInternalBleeding9_4200_6599_6681.txt,timeseries,KNN_k100,,,-0.01601856319329635
036_UCR_Anomaly_DISTORTEDInternalBleeding9_4200_6599_6681.txt,timeseries,HBOS_b5,0.7374999999999999,0.7857142857142857,0.04762999423405645
036_UCR_Anomaly_DISTORTEDInternalBleeding9_4200_6599_6681.txt,timeseries,HBOS_b20,0.9,0.7214285714285714,0.11738332177974072
036_UCR_Anomaly_DISTORTEDInternalBleeding9_4200_6599_6681.txt,timeseries,HBOS_b50,0.8,0.75,0.05656694491839629
036_UCR_Anomaly_DISTORTEDInternalBleeding9_4200_6599_6681.txt,timeseries,PCA_c0.3,0.9375,0.7357142857142858,0.050107319777815205
036_UCR_Anomaly_DISTORTEDInternalBleeding9_4200_6599_6681.txt,timeseries,PCA_c0.9,0.9375,0.6928571428571428,0.03938110440362986
036_UCR_Anomaly_DISTORTEDInternalBleeding9_4200_6599_6681.txt,timeseries,IF_n50,0.875,0.7785714285714286,-0.007780055860505654
036_UCR_Anomaly_DISTORTEDInternalBleeding9_4200_6599_6681.txt,timeseries,IF_n300,0.9375,0.8642857142857142,0.004956235381262076
059_UCR_Anomaly_DISTORTEDgait1_20000_38500_38800.txt,timeseries,IForest,0.9768041237113402,0.8203663767912662,0.007863771759976318
059_UCR_Anomaly_DISTORTEDgait1_20000_38500_38800.txt,timeseries,ECOD,0.9302405498281786,0.7104078434542965,0.0017557221110669912
059_UCR_Anomaly_DISTORTEDgait1_20000_38500_38800.txt,timeseries,COPOD,0.9376288659793813,0.7767927761024227,0.005773390515587346
059_UCR_Anomaly_DISTORTEDgait1_20000_38500_38800.txt,timeseries,HBOS,0.9621993127147767,0.8674294483925683,0.012180276953045925
059_UCR_Anomaly_DISTORTEDgait1_20000_38500_38800.txt,timeseries,PCA,0.9579037800687286,0.7266383739444614,0.004374323617712206
059_UCR_Anomaly_DISTORTEDgait1_20000_38500_38800.txt,timeseries,CBLOF,0.8998281786941581,0.5668788133810225,0.04873248589863461
059_UCR_Anomaly_DISTORTEDgait1_20000_38500_38800.txt,timeseries,LOF_k3,0.5336769759450172,0.6339528413503622,0.11854649250116044
059_UCR_Anomaly_DISTORTEDgait1_20000_38500_38800.txt,timeseries,KNN_k3,0.854810996563574,0.47947706192060635,0.19298164641494722
059_UCR_Anomaly_DISTORTEDgait1_20000_38500_38800.txt,timeseries,LOF_k10,0.8221649484536083,0.63866834916479,0.16999724108121952
059_UCR_Anomaly_DISTORTEDgait1_20000_38500_38800.txt,timeseries,KNN_k10,0.9025773195876289,0.48030467437070284,0.17446576008667034
059_UCR_Anomaly_DISTORTEDgait1_20000_38500_38800.txt,timeseries,LOF_k20,0.9015463917525773,0.6464105759715112,0.15950506978709864
059_UCR_Anomaly_DISTORTEDgait1_20000_38500_38800.txt,timeseries,KNN_k20,0.8546391752577319,0.4742012354770087,0.16680813923725016
059_UCR_Anomaly_DISTORTEDgait1_20000_38500_38800.txt,timeseries,LOF_k50,0.9441580756013747,0.6484588274981623,0.09220131055073343
059_UCR_Anomaly_DISTORTEDgait1_20000_38500_38800.txt,timeseries,KNN_k50,0.7491408934707904,0.41720028026483597,0.1460071682408933
059_UCR_Anomaly_DISTORTEDgait1_20000_38500_38800.txt,timeseries,LOF_k100,0.8151202749140894,0.3932767730517179,0.03683387400361078
059_UCR_Anomaly_DISTORTEDgait1_20000_38500_38800.txt,timeseries,KNN_k100,0.538659793814433,0.28479109522770546,0.053446322598051356
059_UCR_Anomaly_DISTORTEDgait1_20000_38500_38800.txt,timeseries,HBOS_b5,0.9675257731958764,0.8516134546602147,0.007993086003667509
059_UCR_Anomaly_DISTORTEDgait1_20000_38500_38800.txt,timeseries,HBOS_b20,0.9673539518900344,0.8690895029260273,0.010269775094321055
059_UCR_Anomaly_DISTORTEDgait1_20000_38500_38800.txt,timeseries,HBOS_b50,0.965807560137457,0.8683534505822185,0.00887256776457788
059_UCR_Anomaly_DISTORTEDgait1_20000_38500_38800.txt,timeseries,PCA_c0.3,0.9579037800687286,0.807961281114202,0.0076979542953527135
059_UCR_Anomaly_DISTORTEDgait1_20000_38500_38800.txt,timeseries,PCA_c0.9,0.9621993127147768,0.7502339328247526,0.002135010053065016
059_UCR_Anomaly_DISTORTEDgait1_20000_38500_38800.txt,timeseries,IF_n50,0.9707903780068728,0.8382170666090033,0.012400252897601332
059_UCR_Anomaly_DISTORTEDgait1_20000_38500_38800.txt,timeseries,IF_n300,0.9750859106529209,0.8143116400817677,0.007026105480415468
043_UCR_Anomaly_DISTORTEDMesoplodonDensirostris_10000_19280_19440.txt,timeseries,IForest,0.9533898305084746,0.859228886616014,0.0843968598588989
043_UCR_Anomaly_DISTORTEDMesoplodonDensirostris_10000_19280_19440.txt,timeseries,ECOD,0.7711864406779662,0.8412812926164036,0.06424321181519665
043_UCR_Anomaly_DISTORTEDMesoplodonDensirostris_10000_19280_19440.txt,timeseries,COPOD,0.8177966101694915,0.853302162478083,0.03970490814951131
043_UCR_Anomaly_DISTORTEDMesoplodonDensirostris_10000_19280_19440.txt,timeseries,HBOS,0.983050847457627,0.7986831531268264,0.027046485395006332
043_UCR_Anomaly_DISTORTEDMesoplodonDensirostris_10000_19280_19440.txt,timeseries,PCA,0.9915254237288136,0.8667567699201246,0.028467738726282322
043_UCR_Anomaly_DISTORTEDMesoplodonDensirostris_10000_19280_19440.txt,timeseries,CBLOF,0.940677966101695,0.5251649863627509,0.21683579693856814
043_UCR_Anomaly_DISTORTEDMesoplodonDensirostris_10000_19280_19440.txt,timeseries,LOF_k3,0.9279661016949152,0.556357149814923,0.12246553937140536
043_UCR_Anomaly_DISTORTEDMesoplodonDensirostris_10000_19280_19440.txt,timeseries,KNN_k3,0.9491525423728813,0.6336937463471655,0.28945982435651446
043_UCR_Anomaly_DISTORTEDMesoplodonDensirostris_10000_19280_19440.txt,timeseries,LOF_k10,0.9576271186440677,0.655653370348724,0.24230855289451306
043_UCR_Anomaly_DISTORTEDMesoplodonDensirostris_10000_19280_19440.txt,timeseries,KNN_k10,0.9703389830508474,0.6394895772452757,0.25375152908827864
043_UCR_Anomaly_DISTORTEDMesoplodonDensirostris_10000_19280_19440.txt,timeseries,LOF_k20,0.9703389830508475,0.581302966101695,0.23832968404590119
043_UCR_Anomaly_DISTORTEDMesoplodonDensirostris_10000_19280_19440.txt,timeseries,KNN_k20,0.9703389830508474,0.6250152201441652,0.25686768506254587
043_UCR_Anomaly_DISTORTEDMesoplodonDensirostris_10000_19280_19440.txt,timeseries,LOF_k50,0.9661016949152542,0.6328201100720826,0.2789622679120239
043_UCR_Anomaly_DISTORTEDMesoplodonDensirostris_10000_19280_19440.txt,timeseries,KNN_k50,0.961864406779661,0.698312390414962,0.25429057424428153
043_UCR_Anomaly_DISTORTEDMesoplodonDensirostris_10000_19280_19440.txt,timeseries,LOF_k100,0.9533898305084746,0.7208686440677966,0.27552897355040173
043_UCR_Anomaly_DISTORTEDMesoplodonDensirostris_10000_19280_19440.txt,timeseries,KNN_k100,0.9110169491525425,0.7006441165010715,0.24204513228951915
043_UCR_Anomaly_DISTORTEDMesoplodonDensirostris_10000_19280_19440.txt,timeseries,HBOS_b5,0.940677966101695,0.8302588642119618,0.017521646410118163
043_UCR_Anomaly_DISTORTEDMesoplodonDensirostris_10000_19280_19440.txt,timeseries,HBOS_b20,0.978813559322034,0.8176200564971752,0.038169031398930076
043_UCR_Anomaly_DISTORTEDMesoplodonDensirostris_10000_19280_19440.txt,timeseries,HBOS_b50,0.9872881355932204,0.7824097749853887,0.03751833090500626
043_UCR_Anomaly_DISTORTEDMesoplodonDensirostris_10000_19280_19440.txt,timeseries,PCA_c0.3,0.9872881355932204,0.8214494447691408,0.04066881073551182
043_UCR_Anomaly_DISTORTEDMesoplodonDensirostris_10000_19280_19440.txt,timeseries,PCA_c0.9,0.9915254237288136,0.8541544905513345,0.02858150336176803
043_UCR_Anomaly_DISTORTEDMesoplodonDensirostris_10000_19280_19440.txt,timeseries,IF_n50,0.9279661016949153,0.8455338008961621,0.06035484155842319
043_UCR_Anomaly_DISTORTEDMesoplodonDensirostris_10000_19280_19440.txt,timeseries,IF_n300,0.9576271186440678,0.8604373660627314,0.06879631579785199
151_UCR_Anomaly_MesoplodonDensirostris_10000_19280_19440.txt,timeseries,IForest,0.7593220338983051,0.9226246428339503,0.08677752354146695
151_UCR_Anomaly_MesoplodonDensirostris_10000_19280_19440.txt,timeseries,ECOD,0.5830508474576271,0.6308910075329567,0.07662124925517166
151_UCR_Anomaly_MesoplodonDensirostris_10000_19280_19440.txt,timeseries,COPOD,0.5457627118644068,0.7591367540100007,0.05558585912182442
151_UCR_Anomaly_MesoplodonDensirostris_10000_19280_19440.txt,timeseries,HBOS,0.7254237288135593,0.9248857474511332,0.02989860008093666
151_UCR_Anomaly_MesoplodonDensirostris_10000_19280_19440.txt,timeseries,PCA,0.8169491525423729,0.808561838431067,0.037139805932595825
151_UCR_Anomaly_MesoplodonDensirostris_10000_19280_19440.txt,timeseries,CBLOF,0.6949152542372882,0.9058313445678291,0.24077847951647188
151_UCR_Anomaly_MesoplodonDensirostris_10000_19280_19440.txt,timeseries,LOF_k3,0.8779661016949153,0.8377388547957659,0.07576115528964868
151_UCR_Anomaly_MesoplodonDensirostris_10000_19280_19440.txt,timeseries,KNN_k3,0.888135593220339,0.9364790327293979,0.3103027185038821
151_UCR_Anomaly_MesoplodonDensirostris_10000_19280_19440.txt,timeseries,LOF_k10,0.847457627118644,0.885778703162543,0.2144599167664688
151_UCR_Anomaly_MesoplodonDensirostris_10000_19280_19440.txt,timeseries,KNN_k10,0.8033898305084746,0.9166149181765049,0.2904315065268242
151_UCR_Anomaly_MesoplodonDensirostris_10000_19280_19440.txt,timeseries,LOF_k20,0.8203389830508474,0.9061237742710566,0.24362633587008475
151_UCR_Anomaly_MesoplodonDensirostris_10000_19280_19440.txt,timeseries,KNN_k20,0.7593220338983051,0.920344868173258,0.285573616949236
151_UCR_Anomaly_MesoplodonDensirostris_10000_19280_19440.txt,timeseries,LOF_k50,0.7559322033898305,0.911514952269628,0.2983847695726546
151_UCR_Anomaly_MesoplodonDensirostris_10000_19280_19440.txt,timeseries,KNN_k50,0.6440677966101696,0.9134414166504319,0.2678113350197285
151_UCR_Anomaly_MesoplodonDensirostris_10000_19280_19440.txt,timeseries,LOF_k100,0.48135593220338985,0.8629334697058251,0.3159534338029631
151_UCR_Anomaly_MesoplodonDensirostris_10000_19280_19440.txt,timeseries,KNN_k100,0.423728813559322,0.8609516040002597,0.2445495280923867
151_UCR_Anomaly_MesoplodonDensirostris_10000_19280_19440.txt,timeseries,HBOS_b5,0.6949152542372882,0.9113495600363659,0.03262927067771787
151_UCR_Anomaly_MesoplodonDensirostris_10000_19280_19440.txt,timeseries,HBOS_b20,0.7186440677966102,0.925483797649198,0.03876689316452407
151_UCR_Anomaly_MesoplodonDensirostris_10000_19280_19440.txt,timeseries,HBOS_b50,0.7016949152542373,0.9110169491525424,0.04607694043643329
151_UCR_Anomaly_MesoplodonDensirostris_10000_19280_19440.txt,timeseries,PCA_c0.3,0.8542372881355933,0.734046447821287,0.04461615044540104
151_UCR_Anomaly_MesoplodonDensirostris_10000_19280_19440.txt,timeseries,PCA_c0.9,0.8135593220338984,0.815177933632054,0.03549986024193865
151_UCR_Anomaly_MesoplodonDensirostris_10000_19280_19440.txt,timeseries,IF_n50,0.7999999999999999,0.9035797779076564,0.08705743851628218
151_UCR_Anomaly_MesoplodonDensirostris_10000_19280_19440.txt,timeseries,IF_n300,0.8203389830508475,0.9250243522306643,0.09250646459364747
009_UCR_Anomaly_DISTORTEDCIMIS44AirTemperature5_4000_4852_4900.txt,timeseries,IForest,0.925,0.8785714285714286,0.6678213010676802
009_UCR_Anomaly_DISTORTEDCIMIS44AirTemperature5_4000_4852_4900.txt,timeseries,ECOD,0.825,0.8571428571428571,0.557892466095056
009_UCR_Anomaly_DISTORTEDCIMIS44AirTemperature5_4000_4852_4900.txt,timeseries,COPOD,0.8375,0.7928571428571428,0.6214873606527783
009_UCR_Anomaly_DISTORTEDCIMIS44AirTemperature5_4000_4852_4900.txt,timeseries,HBOS,0.95,0.9571428571428571,0.6387061805579494
009_UCR_Anomaly_DISTORTEDCIMIS44AirTemperature5_4000_4852_4900.txt,timeseries,PCA,1.0,0.9357142857142857,0.593522987330366
009_UCR_Anomaly_DISTORTEDCIMIS44AirTemperature5_4000_4852_4900.txt,timeseries,CBLOF,0.9,0.8357142857142859,0.2779105492540642
009_UCR_Anomaly_DISTORTEDCIMIS44AirTemperature5_4000_4852_4900.txt,timeseries,LOF_k3,0.725,0.9,0.12131685742095973
009_UCR_Anomaly_DISTORTEDCIMIS44AirTemperature5_4000_4852_4900.txt,timeseries,KNN_k3,0.8999999999999999,0.9000000000000001,0.3519207973163793
009_UCR_Anomaly_DISTORTEDCIMIS44AirTemperature5_4000_4852_4900.txt,timeseries,LOF_k10,0.8875,0.8999999999999999,0.4115399790832033
009_UCR_Anomaly_DISTORTEDCIMIS44AirTemperature5_4000_4852_4900.txt,timeseries,KNN_k10,0.8,0.8285714285714285,0.3295086299868581
009_UCR_Anomaly_DISTORTEDCIMIS44AirTemperature5_4000_4852_4900.txt,timeseries,LOF_k20,0.775,0.7428571428571429,0.3813907427047932
009_UCR_Anomaly_DISTORTEDCIMIS44AirTemperature5_4000_4852_4900.txt,timeseries,KNN_k20,0.7,0.7785714285714285,0.27759719554953777
009_UCR_Anomaly_DISTORTEDCIMIS44AirTemperature5_4000_4852_4900.txt,timeseries,LOF_k50,0.5,0.7142857142857143,0.28175578281716784
009_UCR_Anomaly_DISTORTEDCIMIS44AirTemperature5_4000_4852_4900.txt,timeseries,KNN_k50,0.5125,0.7,0.1949568991373676
009_UCR_Anomaly_DISTORTEDCIMIS44AirTemperature5_4000_4852_4900.txt,timeseries,LOF_k100,0.24375000000000005,0.6357142857142857,0.2172041198874143
009_UCR_Anomaly_DISTORTEDCIMIS44AirTemperature5_4000_4852_4900.txt,timeseries,KNN_k100,,,0.12525442168319773
009_UCR_Anomaly_DISTORTEDCIMIS44AirTemperature5_4000_4852_4900.txt,timeseries,HBOS_b5,0.925,0.8928571428571429,0.6431805506995723
009_UCR_Anomaly_DISTORTEDCIMIS44AirTemperature5_4000_4852_4900.txt,timeseries,HBOS_b20,0.925,0.9642857142857143,0.6127890313115103
009_UCR_Anomaly_DISTORTEDCIMIS44AirTemperature5_4000_4852_4900.txt,timeseries,HBOS_b50,0.9,0.8357142857142856,0.6082914855241369
009_UCR_Anomaly_DISTORTEDCIMIS44AirTemperature5_4000_4852_4900.txt,timeseries,PCA_c0.3,1.0,0.9142857142857143,0.5930306445799841
009_UCR_Anomaly_DISTORTEDCIMIS44AirTemperature5_4000_4852_4900.txt,timeseries,PCA_c0.9,1.0,0.9357142857142857,0.6007848944152357
009_UCR_Anomaly_DISTORTEDCIMIS44AirTemperature5_4000_4852_4900.txt,timeseries,IF_n50,0.9,0.8714285714285714,0.6851320546547249
009_UCR_Anomaly_DISTORTEDCIMIS44AirTemperature5_4000_4852_4900.txt,timeseries,IF_n300,0.9375,0.9142857142857144,0.6635182295792538
093_UCR_Anomaly_NOISE1sddb40_35000_52000_52620.txt,timeseries,IForest,1.0,0.88083315800547,0.06002861572306987
093_UCR_Anomaly_NOISE1sddb40_35000_52000_52620.txt,timeseries,ECOD,0.91899852724595,0.9003836758070927,0.09396769715981733
093_UCR_Anomaly_NOISE1sddb40_35000_52000_52620.txt,timeseries,COPOD,0.9513991163475699,0.8630478995722002,0.04244493430373195
093_UCR_Anomaly_NOISE1sddb40_35000_52000_52620.txt,timeseries,HBOS,0.711340206185567,0.5355620426864903,-0.023292245964018635
093_UCR_Anomaly_NOISE1sddb40_35000_52000_52620.txt,timeseries,PCA,0.979381443298969,0.8700309161465274,0.08031574719006403
093_UCR_Anomaly_NOISE1sddb40_35000_52000_52620.txt,timeseries,CBLOF,1.0,0.852813427776609,0.2517784394389408
093_UCR_Anomaly_NOISE1sddb40_35000_52000_52620.txt,timeseries,LOF_k3,0.8173784977908688,0.8231947074362392,0.4702697614072504
093_UCR_Anomaly_NOISE1sddb40_35000_52000_52620.txt,timeseries,KNN_k3,0.9985272459499264,0.848612572176637,0.4022192923927484
093_UCR_Anomaly_NOISE1sddb40_35000_52000_52620.txt,timeseries,LOF_k10,0.7540500736377025,0.9168332281366155,0.4455419499010853
093_UCR_Anomaly_NOISE1sddb40_35000_52000_52620.txt,timeseries,KNN_k10,0.9955817378497791,0.8268926642822078,0.3626911874583117
093_UCR_Anomaly_NOISE1sddb40_35000_52000_52620.txt,timeseries,LOF_k20,0.9396170839469808,0.9120006078032589,0.4506605419166902
093_UCR_Anomaly_NOISE1sddb40_35000_52000_52620.txt,timeseries,KNN_k20,0.9941089837997055,0.8230298992449213,0.3297089736171068
093_UCR_Anomaly_NOISE1sddb40_35000_52000_52620.txt,timeseries,LOF_k50,0.9690721649484535,0.8513143745470697,0.4468294925834199
093_UCR_Anomaly_NOISE1sddb40_35000_52000_52620.txt,timeseries,KNN_k50,0.9941089837997055,0.8222943988591999,0.2806072870111857
093_UCR_Anomaly_NOISE1sddb40_35000_52000_52620.txt,timeseries,LOF_k100,0.9705449189985272,0.7202299132711504,0.42526101730320526
093_UCR_Anomaly_NOISE1sddb40_35000_52000_52620.txt,timeseries,KNN_k100,0.9867452135493373,0.8103253500713,0.2410895317972356
093_UCR_Anomaly_NOISE1sddb40_35000_52000_52620.txt,timeseries,HBOS_b5,0.7334315169366715,0.5925240199172453,-0.02747664047948123
093_UCR_Anomaly_NOISE1sddb40_35000_52000_52620.txt,timeseries,HBOS_b20,0.7511045655375552,0.5524534212310354,-0.02112529998560379
093_UCR_Anomaly_NOISE1sddb40_35000_52000_52620.txt,timeseries,HBOS_b50,0.731958762886598,0.5731549664539355,-0.01660042960655511
093_UCR_Anomaly_NOISE1sddb40_35000_52000_52620.txt,timeseries,PCA_c0.3,0.96759941089838,0.8621548963227904,0.08156322441331132
093_UCR_Anomaly_NOISE1sddb40_35000_52000_52620.txt,timeseries,PCA_c0.9,0.9852724594992637,0.8782026556326997,0.091015862637038
093_UCR_Anomaly_NOISE1sddb40_35000_52000_52620.txt,timeseries,IF_n50,0.9955817378497791,0.8793779367417072,0.06411735552720053
093_UCR_Anomaly_NOISE1sddb40_35000_52000_52620.txt,timeseries,IF_n300,0.9970544918998527,0.8864024475769691,0.059411780062595926
157_UCR_Anomaly_TkeepFirstMARS_3500_5365_5380.txt,timeseries,IForest,1.0,0.9411421911421912,0.03912698660431463
157_UCR_Anomaly_TkeepFirstMARS_3500_5365_5380.txt,timeseries,ECOD,1.0,0.8575174825174825,0.01920184848660822
157_UCR_Anomaly_TkeepFirstMARS_3500_5365_5380.txt,timeseries,COPOD,1.0,0.9020979020979021,0.03126569944361925
157_UCR_Anomaly_TkeepFirstMARS_3500_5365_5380.txt,timeseries,HBOS,1.0,0.9554195804195804,0.07851199369320284
157_UCR_Anomaly_TkeepFirstMARS_3500_5365_5380.txt,timeseries,PCA,1.0,0.8311480186480187,0.033450917587589196
157_UCR_Anomaly_TkeepFirstMARS_3500_5365_5380.txt,timeseries,CBLOF,0.9871794871794872,0.9507575757575758,0.013432659518415971
157_UCR_Anomaly_TkeepFirstMARS_3500_5365_5380.txt,timeseries,LOF_k3,0.6923076923076923,0.6491841491841491,0.31485936084342314
157_UCR_Anomaly_TkeepFirstMARS_3500_5365_5380.txt,timeseries,KNN_k3,1.0,0.9450757575757576,0.06448973804815088
157_UCR_Anomaly_TkeepFirstMARS_3500_5365_5380.txt,timeseries,LOF_k10,0.9871794871794872,0.696969696969697,0.3938100397255327
157_UCR_Anomaly_TkeepFirstMARS_3500_5365_5380.txt,timeseries,KNN_k10,0.9871794871794872,0.9621212121212122,0.028163200325844906
157_UCR_Anomaly_TkeepFirstMARS_3500_5365_5380.txt,timeseries,LOF_k20,0.8974358974358974,0.8557692307692308,0.2625262017105328
157_UCR_Anomaly_TkeepFirstMARS_3500_5365_5380.txt,timeseries,KNN_k20,0.9871794871794872,0.9772727272727273,0.023315453693690712
157_UCR_Anomaly_TkeepFirstMARS_3500_5365_5380.txt,timeseries,LOF_k50,0.9230769230769231,0.9734848484848485,0.06243793706785184
157_UCR_Anomaly_TkeepFirstMARS_3500_5365_5380.txt,timeseries,KNN_k50,0.9871794871794872,0.9772727272727273,0.011286887954156645
157_UCR_Anomaly_TkeepFirstMARS_3500_5365_5380.txt,timeseries,LOF_k100,0.9871794871794872,1.0,0.011082639630474081
157_UCR_Anomaly_TkeepFirstMARS_3500_5365_5380.txt,timeseries,KNN_k100,0.9871794871794872,1.0,0.004769566115278529
157_UCR_Anomaly_TkeepFirstMARS_3500_5365_5380.txt,timeseries,HBOS_b5,1.0,0.9506118881118881,0.0664867180016854
157_UCR_Anomaly_TkeepFirstMARS_3500_5365_5380.txt,timeseries,HBOS_b20,1.0,0.9468240093240093,0.18746015805327443
157_UCR_Anomaly_TkeepFirstMARS_3500_5365_5380.txt,timeseries,HBOS_b50,1.0,0.9344405594405594,0.1700977582630693
157_UCR_Anomaly_TkeepFirstMARS_3500_5365_5380.txt,timeseries,PCA_c0.3,1.0,0.8311480186480187,0.033450917587589196
157_UCR_Anomaly_TkeepFirstMARS_3500_5365_5380.txt,timeseries,PCA_c0.9,1.0,0.8917540792540792,0.03474109594747402
157_UCR_Anomaly_TkeepFirstMARS_3500_5365_5380.txt,timeseries,IF_n50,1.0,0.9392482517482518,0.039863047103448235
157_UCR_Anomaly_TkeepFirstMARS_3500_5365_5380.txt,timeseries,IF_n300,1.0,0.9364801864801865,0.04309864152749504
171_UCR_Anomaly_gaitHunt2_18500_31200_31850.txt,timeseries,IForest,0.9812714776632303,0.8873202889403183,0.17393284534493558
171_UCR_Anomaly_gaitHunt2_18500_31200_31850.txt,timeseries,ECOD,0.9714776632302405,0.7243937162493864,0.12476478830263867
171_UCR_Anomaly_gaitHunt2_18500_31200_31850.txt,timeseries,COPOD,0.9845360824742269,0.8019748930500036,0.0985583969308627
171_UCR_Anomaly_gaitHunt2_18500_31200_31850.txt,timeseries,HBOS,0.9667356289594876,0.8897412160740584,0.07409433457338627
171_UCR_Anomaly_gaitHunt2_18500_31200_31850.txt,timeseries,PCA,0.9825431890969446,0.9103513570376606,0.11318427976073529
171_UCR_Anomaly_gaitHunt2_18500_31200_31850.txt,timeseries,CBLOF,0.6810365383266709,0.35655095027701805,0.1161558318989684
171_UCR_Anomaly_gaitHunt2_18500_31200_31850.txt,timeseries,LOF_k3,0.7347020595179652,0.6268412932183183,0.5237322039824875
171_UCR_Anomaly_gaitHunt2_18500_31200_31850.txt,timeseries,KNN_k3,0.693272085466489,0.5023129251700681,0.4284387314986362
171_UCR_Anomaly_gaitHunt2_18500_31200_31850.txt,timeseries,LOF_k10,0.8561621899618954,0.73116978750263,0.5610041778884148
171_UCR_Anomaly_gaitHunt2_18500_31200_31850.txt,timeseries,KNN_k10,0.6611087734062697,0.3978189213829862,0.35541056522989
171_UCR_Anomaly_gaitHunt2_18500_31200_31850.txt,timeseries,LOF_k20,0.8834747644762372,0.6753040185146224,0.42228978831412894
171_UCR_Anomaly_gaitHunt2_18500_31200_31850.txt,timeseries,KNN_k20,0.6312142038946162,0.3843144680552633,0.29363344338430664
171_UCR_Anomaly_gaitHunt2_18500_31200_31850.txt,timeseries,LOF_k50,0.9032646048109966,0.41304158776912825,0.2135712907542572
171_UCR_Anomaly_gaitHunt2_18500_31200_31850.txt,timeseries,KNN_k50,0.5016095097832948,0.35999789606564275,0.13939919226574535
171_UCR_Anomaly_gaitHunt2_18500_31200_31850.txt,timeseries,LOF_k100,0.3117680061715408,0.37109895504593593,0.12622752493171427
171_UCR_Anomaly_gaitHunt2_18500_31200_31850.txt,timeseries,KNN_k100,0.49973116394324063,0.2702749140893471,0.08904702031338292
171_UCR_Anomaly_gaitHunt2_18500_31200_31850.txt,timeseries,HBOS_b5,0.9785912990625804,0.920901886527807,0.06723698241051784
171_UCR_Anomaly_gaitHunt2_18500_31200_31850.txt,timeseries,HBOS_b20,0.9681791616990439,0.8886962620099587,0.0602137109122667
171_UCR_Anomaly_gaitHunt2_18500_31200_31850.txt,timeseries,HBOS_b50,0.9619935946887347,0.8793561960866821,0.0774954704123032
171_UCR_Anomaly_gaitHunt2_18500_31200_31850.txt,timeseries,PCA_c0.3,0.9822685087780817,0.8715954835542465,0.11031500212987398
171_UCR_Anomaly_gaitHunt2_18500_31200_31850.txt,timeseries,PCA_c0.9,0.9814094022488721,0.8937190546321622,0.11266232178963793
171_UCR_Anomaly_gaitHunt2_18500_31200_31850.txt,timeseries,IF_n50,0.9742268041237113,0.8955333473595622,0.17485094146007918
171_UCR_Anomaly_gaitHunt2_18500_31200_31850.txt,timeseries,IF_n300,0.9853951890034365,0.8996844098464127,0.17939298251168542
056_UCR_Anomaly_DISTORTEDapneaecg3_5000_11111_11211.txt,timeseries,IForest,0.9527813184299114,0.902372127986404,0.179935493366017
056_UCR_Anomaly_DISTORTEDapneaecg3_5000_11111_11211.txt,timeseries,ECOD,0.9239222799620878,0.6365528210826771,0.1852785988900059
056_UCR_Anomaly_DISTORTEDapneaecg3_5000_11111_11211.txt,timeseries,COPOD,0.9231501454390953,0.706307372182458,0.11135832813557649
056_UCR_Anomaly_DISTORTEDapneaecg3_5000_11111_11211.txt,timeseries,HBOS,0.8514274275255744,0.8507788345262608,0.7201102766758117
056_UCR_Anomaly_DISTORTEDapneaecg3_5000_11111_11211.txt,timeseries,PCA,0.9456360100663463,0.7770827205281563,0.7189498568559586
056_UCR_Anomaly_DISTORTEDapneaecg3_5000_11111_11211.txt,timeseries,CBLOF,0.9247107559564663,0.8923081783617131,0.024966853093677643
056_UCR_Anomaly_DISTORTEDapneaecg3_5000_11111_11211.txt,timeseries,LOF_k3,0.9076339183580089,0.7309566297349414,0.7379065805442755
056_UCR_Anomaly_DISTORTEDapneaecg3_5000_11111_11211.txt,timeseries,KNN_k3,0.9632398601170049,0.9234046910917192,0.1564920692137071
056_UCR_Anomaly_DISTORTEDapneaecg3_5000_11111_11211.txt,timeseries,LOF_k10,0.932064418080204,0.7348737893693282,0.33946650349546365
056_UCR_Anomaly_DISTORTEDapneaecg3_5000_11111_11211.txt,timeseries,KNN_k10,0.9536351603098343,0.9024852109683955,0.0732863656494916
056_UCR_Anomaly_DISTORTEDapneaecg3_5000_11111_11211.txt,timeseries,LOF_k20,0.980557734418407,0.9270627839330654,0.277611896113165
056_UCR_Anomaly_DISTORTEDapneaecg3_5000_11111_11211.txt,timeseries,KNN_k20,0.907899467268033,0.904596964844048,0.05200845534523696
056_UCR_Anomaly_DISTORTEDapneaecg3_5000_11111_11211.txt,timeseries,LOF_k50,0.9043247704023272,0.9026588663376585,0.14793907195850897
056_UCR_Anomaly_DISTORTEDapneaecg3_5000_11111_11211.txt,timeseries,KNN_k50,0.8968485472431938,0.8997428941835256,0.033685533391282656
056_UCR_Anomaly_DISTORTEDapneaecg3_5000_11111_11211.txt,timeseries,LOF_k100,0.7607077491257312,0.8643507533418309,0.06859343027582164
056_UCR_Anomaly_DISTORTEDapneaecg3_5000_11111_11211.txt,timeseries,KNN_k100,0.8933024479524136,0.8971008050898236,0.02666937419351943
056_UCR_Anomaly_DISTORTEDapneaecg3_5000_11111_11211.txt,timeseries,HBOS_b5,0.8415571788083799,0.8403974245841095,0.7325093786053513
056_UCR_Anomaly_DISTORTEDapneaecg3_5000_11111_11211.txt,timeseries,HBOS_b20,0.8105737490603655,0.8303275920297196,0.7454086663742197
056_UCR_Anomaly_DISTORTEDapneaecg3_5000_11111_11211.txt,timeseries,HBOS_b50,0.8243128411282152,0.8546855356189603,0.7958467530934842
056_UCR_Anomaly_DISTORTEDapneaecg3_5000_11111_11211.txt,timeseries,PCA_c0.3,0.9425924110206882,0.7290564434421676,0.7355572837178429
056_UCR_Anomaly_DISTORTEDapneaecg3_5000_11111_11211.txt,timeseries,PCA_c0.9,0.9415874105304443,0.7746811778932575,0.7065847980108396
056_UCR_Anomaly_DISTORTEDapneaecg3_5000_11111_11211.txt,timeseries,IF_n50,0.9502402196293755,0.9200021788628515,0.14660107798621222
056_UCR_Anomaly_DISTORTEDapneaecg3_5000_11111_11211.txt,timeseries,IF_n300,0.960228944014119,0.9028815461210794,0.21322931206944348
160_UCR_Anomaly_TkeepThirdMARS_3500_4711_4809.txt,timeseries,IForest,0.974,0.773037037037037,0.08161095045806278
160_UCR_Anomaly_TkeepThirdMARS_3500_4711_4809.txt,timeseries,ECOD,0.958,0.5786666666666668,0.10978099379472366
160_UCR_Anomaly_TkeepThirdMARS_3500_4711_4809.txt,timeseries,COPOD,0.97,0.7182222222222222,0.03845403437112621
160_UCR_Anomaly_TkeepThirdMARS_3500_4711_4809.txt,timeseries,HBOS,0.96,0.7551111111111112,0.042101299776994984
160_UCR_Anomaly_TkeepThirdMARS_3500_4711_4809.txt,timeseries,PCA,0.974,0.5954074074074074,0.07714069168108345
160_UCR_Anomaly_TkeepThirdMARS_3500_4711_4809.txt,timeseries,CBLOF,0.9159999999999999,0.7334814814814815,0.12091008857602403
160_UCR_Anomaly_TkeepThirdMARS_3500_4711_4809.txt,timeseries,LOF_k3,0.984,0.4518518518518519,0.8670629076277777
160_UCR_Anomaly_TkeepThirdMARS_3500_4711_4809.txt,timeseries,KNN_k3,0.954,0.7736296296296296,0.38358157266156745
160_UCR_Anomaly_TkeepThirdMARS_3500_4711_4809.txt,timeseries,LOF_k10,0.964,0.48659259259259263,0.7700698997529027
160_UCR_Anomaly_TkeepThirdMARS_3500_4711_4809.txt,timeseries,KNN_k10,0.9380000000000001,0.8263703703703703,0.165668165775998
160_UCR_Anomaly_TkeepThirdMARS_3500_4711_4809.txt,timeseries,LOF_k20,0.97,0.6262222222222222,0.5153749626586125
160_UCR_Anomaly_TkeepThirdMARS_3500_4711_4809.txt,timeseries,KNN_k20,0.806,0.7779259259259259,0.062031241627267274
160_UCR_Anomaly_TkeepThirdMARS_3500_4711_4809.txt,timeseries,LOF_k50,0.8320000000000001,0.7697777777777778,0.25040497296328723
160_UCR_Anomaly_TkeepThirdMARS_3500_4711_4809.txt,timeseries,KNN_k50,0.786,0.7851851851851852,0.030544346737266165
160_UCR_Anomaly_TkeepThirdMARS_3500_4711_4809.txt,timeseries,LOF_k100,0.734,0.5681481481481481,0.16396538900630925
160_UCR_Anomaly_TkeepThirdMARS_3500_4711_4809.txt,timeseries,KNN_k100,1.0,0.3466666666666666,0.029798240312125742
160_UCR_Anomaly_TkeepThirdMARS_3500_4711_4809.txt,timeseries,HBOS_b5,0.9,0.7420740740740741,0.03928606404834466
160_UCR_Anomaly_TkeepThirdMARS_3500_4711_4809.txt,timeseries,HBOS_b20,0.97,0.7428148148148148,0.05008807087244908
160_UCR_Anomaly_TkeepThirdMARS_3500_4711_4809.txt,timeseries,HBOS_b50,0.9686666666666666,0.7851851851851852,0.05633224998810393
160_UCR_Anomaly_TkeepThirdMARS_3500_4711_4809.txt,timeseries,PCA_c0.3,0.974,0.5954074074074074,0.07714069168108345
160_UCR_Anomaly_TkeepThirdMARS_3500_4711_4809.txt,timeseries,PCA_c0.9,0.974,0.6918518518518519,0.05029689953845453
160_UCR_Anomaly_TkeepThirdMARS_3500_4711_4809.txt,timeseries,IF_n50,0.98,0.7622222222222224,0.08056985116390863
160_UCR_Anomaly_TkeepThirdMARS_3500_4711_4809.txt,timeseries,IF_n300,0.974,0.767111111111111,0.089111040894305
