dataset,modality,split,corpus,dedup_group,n_variants,base_rate,gt_best,gt_second,best_ap_norm,mean_ap_norm,worst_ap_norm,spread_ap_norm,best_auc,zone,gt_ranking,mz_rule_auc,hbos_rule_auc,rule_auc,rule_trivial,include
001_UCR_Anomaly_DISTORTED1sddb40_35000_52000_52620.txt,timeseries,test,ucr,g285,23,0.0793,LOF_k10,LOF_k20,0.4664,0.204,-0.029,0.2624,0.7859,live,LOF_k10|LOF_k20|LOF_k50|LOF_k3|LOF_k100,0.5802790697674418,0.561767441860465,0.5802790697674418,False,True
002_UCR_Anomaly_DISTORTED2sddb40_35000_56600_56900.txt,timeseries,test,ucr,g286,23,0.044,HBOS_b50,HBOS_b20,0.0263,0.0006,-0.0153,0.0257,0.6987,floor,HBOS_b50|HBOS_b20|ECOD|HBOS_b5|LOF_k20,,,,False,False
003_UCR_Anomaly_DISTORTED3sddb40_35000_46600_46900.txt,timeseries,test,ucr,g287,23,0.044,PCA,PCA_c0.9,0.8321,0.445,0.054,0.3872,0.9705,live,PCA|PCA_c0.9|PCA_c0.3|IForest|IF_n50,0.9718260869565216,0.9625217391304348,0.9718260869565216,True,False
006_MSL_id_5_Sensor_tr_1150_1st_1250.csv,timeseries,test,tsbad_m,g157,23,0.2439,PCA_c0.3,PCA,0.2435,0.0196,-0.0862,0.2238,0.602,live,PCA_c0.3|PCA|PCA_c0.9|KNN_k100|KNN_k50,0.6354425144747726,0.4747725392886682,0.6354425144747726,False,True
007_UCR_Anomaly_DISTORTEDCIMIS44AirTemperature3_4000_6520_6544.txt,timeseries,test,ucr,g291,23,0.057,PCA,PCA_c0.9,0.409,0.1888,0.0012,0.2201,0.8785,live,PCA|PCA_c0.9|HBOS_b20|HBOS|IF_n300,0.9107142857142856,0.814625850340136,0.9107142857142856,True,False
009_UCR_Anomaly_DISTORTEDCIMIS44AirTemperature5_4000_4852_4900.txt,timeseries,test,ucr,g292,23,0.0648,IF_n50,IForest,0.6851,0.4546,0.1213,0.2305,0.8725,live,IF_n50|IForest|IF_n300|HBOS_b5|HBOS,0.7843137254901961,0.8319327731092436,0.8319327731092436,False,True
013_UCR_Anomaly_DISTORTEDECG3_15000_16000_16100.txt,timeseries,test,ucr,g293,23,0.026,KNN_k3,LOF_k100,0.3824,0.1321,0.0414,0.2503,0.8094,live,KNN_k3|LOF_k100|LOF_k50|LOF_k20|KNN_k10,0.4085561497326203,0.7529411764705882,0.7529411764705882,False,True
014_UCR_Anomaly_DISTORTEDECG3_8000_17000_17100.txt,timeseries,test,ucr,g294,23,0.026,LOF_k10,KNN_k3,0.5094,0.1845,0.0147,0.3249,0.7522,live,LOF_k10|KNN_k3|LOF_k20|LOF_k50|KNN_k10,0.5427807486631016,0.6770053475935829,0.6770053475935829,False,True
019_UCR_Anomaly_DISTORTEDGP711MarkerLFM5z1_5000_6168_6212.txt,timeseries,test,ucr,g299,23,0.0448,LOF_k10,LOF_k3,0.0592,0.0205,-0.0003,0.0387,0.6056,floor,LOF_k10|LOF_k3|KNN_k3|CBLOF|KNN_k10,,,,False,False
020_MITDB_id_2_Medical_tr_50000_1st_52315.csv,timeseries,test,tsbad_m,g150,23,0.1291,LOF_k3,LOF_k10,0.4409,0.2995,0.2229,0.1414,0.7079,live,LOF_k3|LOF_k10|LOF_k20|LOF_k50|KNN_k3,0.5845,0.6887432432432432,0.6887432432432432,False,True
020_UCR_Anomaly_DISTORTEDGP711MarkerLFM5z2_5000_7175_7388.txt,timeseries,test,ucr,g300,23,0.1054,LOF_k10,LOF_k20,0.1643,0.0158,-0.0382,0.1485,0.6462,live,LOF_k10|LOF_k20|LOF_k3|LOF_k50|KNN_k3,0.3019607843137254,0.3458823529411765,0.3458823529411765,False,True
023_MITDB_id_5_Medical_tr_25000_1st_36913.csv,timeseries,test,tsbad_m,g151,23,0.062,LOF_k10,LOF_k20,0.713,0.555,0.4055,0.158,0.8507,live,LOF_k10|LOF_k20|LOF_k3|KNN_k3|LOF_k50,0.7865757575757577,0.7758181818181817,0.7865757575757577,False,True
026_UCR_Anomaly_DISTORTEDInternalBleeding15_1700_5684_5854.txt,timeseries,test,ucr,g303,23,0.1296,LOF_k3,KNN_k3,0.5622,0.2316,0.0865,0.3307,0.8442,live,LOF_k3|KNN_k3|LOF_k10|LOF_k20|KNN_k10,0.6246200607902737,0.6747720364741641,0.6747720364741641,False,True
027_MITDB_id_9_Medical_tr_25000_1st_52255.csv,timeseries,test,tsbad_m,g152,23,0.0585,KNN_k3,KNN_k10,0.3809,0.1632,0.0134,0.2176,0.7461,live,KNN_k3|KNN_k10|KNN_k20|LOF_k50|LOF_k10,0.6001290322580645,0.7238709677419354,0.7238709677419354,False,True
031_MITDB_id_13_Medical_tr_50000_1st_79433.csv,timeseries,test,tsbad_m,g149,23,0.208,LOF_k10,LOF_k3,0.0588,0.0228,-0.0136,0.036,0.6003,floor,LOF_k10|LOF_k3|KNN_k50|KNN_k20|CBLOF,,,,False,False
033_GHL_id_2_Sensor_tr_50000_1st_51001.csv,timeseries,test,tsbad_m,g103,23,0.1976,LOF_k50,KNN_k20,0.3183,0.0723,-0.0798,0.2459,0.6308,live,LOF_k50|KNN_k20|LOF_k100|KNN_k10|KNN_k50,0.2148943089430894,0.0808617886178861,0.2148943089430894,False,True
035_UCR_Anomaly_DISTORTEDInternalBleeding8_2500_5865_5974.txt,timeseries,test,ucr,g304,23,0.1072,LOF_k3,LOF_k10,0.1656,0.051,0.0177,0.1146,0.6801,live,LOF_k3|LOF_k10|KNN_k3|ECOD|IF_n300,0.5594405594405595,0.5274725274725275,0.5594405594405595,False,True
036_UCR_Anomaly_DISTORTEDInternalBleeding9_4200_6599_6681.txt,timeseries,test,ucr,g305,23,0.0939,HBOS_b20,HBOS,0.1174,0.0109,-0.03,0.1065,0.548,live,HBOS_b20|HBOS|HBOS_b50|PCA_c0.3|PCA,0.3849206349206349,0.4841269841269841,0.4841269841269841,False,True
038_GHL_id_7_Sensor_tr_50000_1st_100001.csv,timeseries,test,tsbad_m,g104,23,0.1845,KNN_k100,LOF_k20,0.4599,0.1756,-0.0324,0.2842,0.7803,live,KNN_k100|LOF_k20|KNN_k50|LOF_k50|LOF_k100,0.4417964601769911,0.1056106194690265,0.4417964601769911,False,True
038_UCR_Anomaly_DISTORTEDLab2Cmac011215EPG2_5000_27862_27932.txt,timeseries,test,ucr,g306,23,0.0209,PCA_c0.9,HBOS_b5,0.0668,0.0443,0.0115,0.0226,0.7478,floor,PCA_c0.9|HBOS_b5|KNN_k10|KNN_k20|PCA,,,,False,False
041_GHL_id_10_Sensor_tr_50000_1st_57001.csv,timeseries,test,tsbad_m,g98,23,0.1989,KNN_k10,KNN_k20,0.2838,0.0503,-0.0821,0.2336,0.6807,live,KNN_k10|KNN_k20|CBLOF|KNN_k50|KNN_k3,0.1904758064516128,0.0733709677419355,0.1904758064516128,False,True
042_GHL_id_11_Sensor_tr_50000_1st_150001.csv,timeseries,test,tsbad_m,g99,23,0.1724,LOF_k50,LOF_k100,0.3576,0.0683,-0.0441,0.2893,0.6645,live,LOF_k50|LOF_k100|KNN_k20|KNN_k10|KNN_k3,0.4147884615384615,0.1374423076923077,0.4147884615384615,False,True
043_GHL_id_12_Sensor_tr_39938_1st_40038.csv,timeseries,test,tsbad_m,g100,23,0.1214,CBLOF,KNN_k50,0.2627,0.0343,-0.034,0.2284,0.6407,live,CBLOF|KNN_k50|KNN_k20|LOF_k100|KNN_k3,0.5073913043478261,0.3863478260869565,0.5073913043478261,False,True
043_UCR_Anomaly_DISTORTEDMesoplodonDensirostris_10000_19280_19440.txt,timeseries,test,ucr,g308,23,0.0435,KNN_k3,LOF_k50,0.2895,0.1394,0.0175,0.1501,0.7808,live,KNN_k3|LOF_k50|LOF_k100|KNN_k20|KNN_k50,0.7887291280148423,0.7409554730983302,0.7887291280148423,False,True
045_GHL_id_14_Sensor_tr_50000_1st_85076.csv,timeseries,test,tsbad_m,g101,23,0.1938,CBLOF,LOF_k100,0.5692,0.2623,0.0434,0.3068,0.8627,live,CBLOF|LOF_k100|KNN_k50|LOF_k20|LOF_k10,0.5199333333333334,0.4655666666666667,0.5199333333333334,False,True
046_UCR_Anomaly_DISTORTEDPowerDemand3_16000_23405_23477.txt,timeseries,test,ucr,g310,23,0.0235,COPOD,PCA_c0.3,0.022,0.001,-0.0057,0.021,0.6916,floor,COPOD|PCA_c0.3|HBOS_b5|HBOS_b20|HBOS,,,,False,False
049_UCR_Anomaly_DISTORTEDTkeepFirstMARS_3500_5365_5380.txt,timeseries,test,ucr,g319,23,0.034,LOF_k3,LOF_k10,0.0642,0.0107,-0.0009,0.0535,0.6094,floor,LOF_k3|LOF_k10|LOF_k100|LOF_k50|HBOS_b5,,,,False,False
052_GHL_id_21_Sensor_tr_50000_1st_98001.csv,timeseries,test,tsbad_m,g102,23,0.1152,CBLOF,KNN_k50,0.567,0.1776,-0.0547,0.3895,0.8314,live,CBLOF|KNN_k50|KNN_k20|KNN_k10|LOF_k100,0.3719384615384615,0.3803692307692308,0.3803692307692308,False,True
052_UCR_Anomaly_DISTORTEDTkeepThirdMARS_3500_4711_4809.txt,timeseries,test,ucr,g320,23,0.0664,LOF_k3,LOF_k10,0.6464,0.1318,0.0297,0.5146,0.8863,live,LOF_k3|LOF_k10|LOF_k20|LOF_k50|KNN_k3,0.6664285714285715,0.7164285714285714,0.7164285714285714,False,True
056_UCR_Anomaly_DISTORTEDapneaecg3_5000_11111_11211.txt,timeseries,test,ucr,g289,23,0.0204,HBOS_b50,HBOS_b20,0.7958,0.3448,0.025,0.4511,0.9904,live,HBOS_b50|HBOS_b20|LOF_k3|PCA_c0.3|HBOS_b5,0.9751565762004176,0.9306889352818372,0.9751565762004176,True,False
057_SMD_id_1_Facility_tr_4529_1st_4629.csv,timeseries,test,tsbad_m,g232,23,0.2044,KNN_k3,KNN_k20,0.8529,0.752,0.3077,0.1009,0.9465,live,KNN_k3|KNN_k20|KNN_k10|KNN_k100|KNN_k50,0.8151747153513937,0.8987534354142128,0.8987534354142128,True,False
057_UCR_Anomaly_DISTORTEDapneaecg4_6000_16000_16100.txt,timeseries,test,ucr,g290,23,0.0205,HBOS_b20,HBOS,0.0701,0.0096,-0.0052,0.0605,0.7026,floor,HBOS_b20|HBOS|HBOS_b50|HBOS_b5|ECOD,,,,False,False
058_UCR_Anomaly_DISTORTEDapneaecg_10000_12240_12308.txt,timeseries,test,ucr,g288,23,0.0165,LOF_k3,LOF_k10,0.5244,0.1245,0.0053,0.3998,0.8308,live,LOF_k3|LOF_k10|LOF_k20|KNN_k3|LOF_k50,0.6348958333333333,0.7002604166666666,0.7002604166666666,False,True
059_UCR_Anomaly_DISTORTEDgait1_20000_38500_38800.txt,timeseries,test,ucr,g295,23,0.044,KNN_k3,KNN_k10,0.193,0.063,0.0018,0.13,0.6474,live,KNN_k3|KNN_k10|LOF_k10|KNN_k20|LOF_k20,0.4732173913043478,0.5635652173913044,0.5635652173913044,False,True
060_UCR_Anomaly_DISTORTEDgait2_22000_46500_46800.txt,timeseries,test,ucr,g296,23,0.044,LOF_k3,KNN_k3,0.236,0.0767,-0.0044,0.1593,0.696,live,LOF_k3|KNN_k3|KNN_k10|KNN_k20|LOF_k10,0.4400869565217391,0.5413043478260869,0.5413043478260869,False,True
062_UCR_Anomaly_DISTORTEDgaitHunt1_18500_33070_33180.txt,timeseries,test,ucr,g297,23,0.0216,LOF_k10,KNN_k3,0.1981,0.0702,0.0093,0.1279,0.9025,live,LOF_k10|KNN_k3|KNN_k10|LOF_k3|KNN_k20,0.7187272727272728,0.8281818181818182,0.8281818181818182,False,True
063_SMD_id_7_Facility_tr_5923_1st_6506.csv,timeseries,test,tsbad_m,g233,23,0.25,KNN_k10,KNN_k20,0.7958,0.6762,0.3726,0.1196,0.8985,live,KNN_k10|KNN_k20|LOF_k100|LOF_k50|KNN_k50,0.8727152165138673,0.854638759153549,0.8727152165138673,True,False
063_UCR_Anomaly_DISTORTEDgaitHunt2_18500_31200_31850.txt,timeseries,test,ucr,g298,23,0.0827,KNN_k3,KNN_k10,0.264,0.0785,0.0,0.1855,0.7492,live,KNN_k3|KNN_k10|KNN_k20|LOF_k3|LOF_k10,0.5364,0.6174222222222222,0.6174222222222222,False,True
065_UCR_Anomaly_DISTORTEDinsectEPG1_3000_7000_7030.txt,timeseries,test,ucr,g301,23,0.0463,KNN_k3,CBLOF,0.0123,0.0028,-0.0063,0.0095,0.5463,floor,KNN_k3|CBLOF|LOF_k100|LOF_k3|KNN_k100,,,,False,False
066_UCR_Anomaly_DISTORTEDinsectEPG2_3700_8000_8025.txt,timeseries,test,ucr,g302,23,0.0398,KNN_k10,KNN_k3,1.0,0.8479,0.6537,0.1521,1.0,live,KNN_k10|KNN_k3|KNN_k20|CBLOF|LOF_k3,0.9747899159663864,0.961344537815126,0.9747899159663864,True,False
067_SMD_id_11_Facility_tr_1980_1st_2080.csv,timeseries,test,tsbad_m,g228,23,0.25,PCA_c0.3,PCA,0.1161,0.0436,-0.0066,0.0724,0.5567,live,PCA_c0.3|PCA|PCA_c0.9|IF_n50|COPOD,,,,False,False
068_SMD_id_12_Facility_tr_1099_1st_1199.csv,timeseries,test,tsbad_m,g229,23,0.0889,KNN_k3,LOF_k100,0.8658,0.7402,0.4003,0.1256,0.9531,live,KNN_k3|LOF_k100|KNN_k10|KNN_k20|LOF_k50,0.8995168672656382,0.889303271740973,0.8995168672656382,True,False
070_SMD_id_14_Facility_tr_1070_1st_1170.csv,timeseries,test,tsbad_m,g230,23,0.1313,KNN_k20,KNN_k10,0.7949,0.6909,0.4455,0.104,0.9302,live,KNN_k20|KNN_k10|KNN_k3|LOF_k50|IF_n50,0.8962859507552244,0.9158390233809228,0.9158390233809228,True,False
072_UCR_Anomaly_DISTORTEDltstdbs30791ES_20000_52600_52800.txt,timeseries,test,ucr,g307,23,0.031,LOF_k50,LOF_k20,0.2465,0.0899,0.0253,0.1566,0.7668,live,LOF_k50|LOF_k20|LOF_k100|KNN_k3|LOF_k3,0.6487499999999999,0.634625,0.6487499999999999,False,True
073_UCR_Anomaly_DISTORTEDpark3m_60000_72150_72495.txt,timeseries,test,ucr,g309,23,0.0477,KNN_k10,KNN_k3,0.2089,0.0446,-0.0086,0.1643,0.7165,live,KNN_k10|KNN_k3|KNN_k20|LOF_k20|LOF_k10,0.52744,0.534,0.534,False,True
074_UCR_Anomaly_DISTORTEDqtdbSel1005V_4000_12400_12800.txt,timeseries,test,ucr,g311,23,0.0619,HBOS_b5,HBOS,0.0518,0.0229,-0.0117,0.0289,0.605,floor,HBOS_b5|HBOS|HBOS_b20|HBOS_b50|CBLOF,,,,False,False
075_SMD_id_19_Facility_tr_564_1st_664.csv,timeseries,test,tsbad_m,g231,23,0.2495,LOF_k10,LOF_k20,0.4447,0.3317,0.224,0.113,0.7173,live,LOF_k10|LOF_k20|LOF_k3|LOF_k50|KNN_k3,0.5849151717424559,0.6149701015157837,0.6149701015157837,False,True
075_UCR_Anomaly_DISTORTEDqtdbSel100MLII_4000_13400_13800.txt,timeseries,test,ucr,g312,23,0.072,LOF_k3,HBOS,0.0178,-0.0025,-0.0182,0.0203,0.5746,floor,LOF_k3|HBOS|HBOS_b5|HBOS_b20|HBOS_b50,,,,False,False
078_UCR_Anomaly_DISTORTEDresperation1_100000_110260_110412.txt,timeseries,test,ucr,g313,23,0.0254,LOF_k10,KNN_k3,0.6077,0.3074,0.0519,0.3003,0.9528,live,LOF_k10|KNN_k3|LOF_k3|LOF_k20|KNN_k10,0.7924615384615384,0.7732307692307693,0.7924615384615384,False,True
083_LTDB_id_5_Medical_tr_15502_1st_15602.csv,timeseries,test,tsbad_m,g138,23,0.0719,IForest,LOF_k50,0.5591,0.436,0.1744,0.1231,0.8642,live,IForest|LOF_k50|LOF_k20|IF_n300|HBOS_b50,0.8298853038910923,0.8090899346124987,0.8298853038910923,False,True
084_SVDB_id_1_Medical_tr_12973_1st_13073.csv,timeseries,test,tsbad_m,g248,23,0.1666,LOF_k3,KNN_k3,0.4558,0.3918,0.3273,0.064,0.7506,live,LOF_k3|KNN_k3|LOF_k10|LOF_k20|LOF_k50,,,,False,False
086_SVDB_id_3_Medical_tr_533_1st_633.csv,timeseries,test,tsbad_m,g253,23,0.2385,LOF_k20,LOF_k50,0.5725,0.4969,0.3595,0.0756,0.763,live,LOF_k20|LOF_k50|KNN_k10|KNN_k3|KNN_k20,,,,False,False
086_UCR_Anomaly_DISTORTEDsddb49_20000_67950_68200.txt,timeseries,test,ucr,g314,23,0.0386,LOF_k10,LOF_k3,0.2084,0.0675,-0.0079,0.1409,0.687,live,LOF_k10|LOF_k3|LOF_k20|KNN_k3|LOF_k50,0.4925,0.5370999999999999,0.5370999999999999,False,True
087_UCR_Anomaly_DISTORTEDsel840mECG1_17000_51370_51740.txt,timeseries,test,ucr,g315,23,0.0513,COPOD,KNN_k3,0.1259,0.063,0.0148,0.0629,0.6779,live,COPOD|KNN_k3|KNN_k10|LOF_k10|ECOD,,,,False,False
088_UCR_Anomaly_DISTORTEDsel840mECG2_20000_49370_49740.txt,timeseries,test,ucr,g316,23,0.0531,KNN_k100,KNN_k50,0.0129,0.0001,-0.0142,0.0128,0.5509,floor,KNN_k100|KNN_k50|KNN_k20|CBLOF|KNN_k10,,,,False,False
089_SVDB_id_6_Medical_tr_50000_1st_83083.csv,timeseries,test,tsbad_m,g254,23,0.0624,IForest,IF_n50,0.2335,0.1732,0.0757,0.0604,0.6994,live,IForest|IF_n50|HBOS_b50|LOF_k3|HBOS_b20,,,,False,False
089_UCR_Anomaly_DISTORTEDtiltAPB1_100000_114283_114350.txt,timeseries,test,ucr,g317,23,0.0159,LOF_k3,LOF_k10,0.1771,0.0284,0.0011,0.1487,0.8579,live,LOF_k3|LOF_k10|KNN_k3|LOF_k20|LOF_k50,0.58175,0.573,0.58175,False,True
091_UCR_Anomaly_DISTORTEDtiltAPB3_40000_114000_114370.txt,timeseries,test,ucr,g318,23,0.0541,LOF_k10,LOF_k20,0.1215,0.0392,0.0001,0.0823,0.6856,live,LOF_k10|LOF_k20|LOF_k50|LOF_k3|LOF_k100,,,,False,False
093_UCR_Anomaly_NOISE1sddb40_35000_52000_52620.txt,timeseries,test,ucr,g338,23,0.0793,LOF_k3,LOF_k20,0.4703,0.1996,-0.0275,0.2707,0.7895,live,LOF_k3|LOF_k20|LOF_k50|LOF_k10|LOF_k100,0.5717209302325581,0.5700930232558139,0.5717209302325581,False,True
094_UCR_Anomaly_NOISEBIDMC1_2500_5400_5600.txt,timeseries,test,ucr,g340,23,0.1111,ECOD,LOF_k3,0.5819,0.518,0.378,0.0639,0.8328,live,ECOD|LOF_k3|KNN_k100|KNN_k50|LOF_k10,,,,False,False
095_SVDB_id_12_Medical_tr_6264_1st_6364.csv,timeseries,test,tsbad_m,g245,23,0.2391,LOF_k10,LOF_k3,0.5738,0.4134,0.1924,0.1604,0.7812,live,LOF_k10|LOF_k3|LOF_k20|KNN_k3|ECOD,0.6802728040770719,0.7080505818548497,0.7080505818548497,False,True
096_SVDB_id_13_Medical_tr_500_1st_444.csv,timeseries,test,tsbad_m,g246,23,0.2151,LOF_k10,LOF_k3,0.5496,0.2417,0.0072,0.3079,0.7832,live,LOF_k10|LOF_k3|LOF_k20|COPOD|ECOD,0.6134860883797053,0.6312765957446809,0.6312765957446809,False,True
097_UCR_Anomaly_NOISEGP711MarkerLFM5z3_5000_5948_5993.txt,timeseries,test,ucr,g343,23,0.0448,LOF_k10,LOF_k3,0.6289,0.1319,-0.0108,0.497,0.9152,live,LOF_k10|LOF_k3|LOF_k20|LOF_k50|KNN_k3,0.44,0.4152380952380952,0.44,False,True
099_UCR_Anomaly_NOISEInternalBleeding6_1500_3474_3629.txt,timeseries,test,ucr,g345,23,0.1204,KNN_k3,LOF_k3,0.669,0.427,0.1911,0.242,0.8818,live,KNN_k3|LOF_k3|LOF_k10|LOF_k20|KNN_k10,0.7781376518218623,0.6558704453441296,0.7781376518218623,False,True
100_SVDB_id_17_Medical_tr_17803_1st_17903.csv,timeseries,test,tsbad_m,g247,23,0.1614,LOF_k3,LOF_k10,0.7348,0.5243,0.1721,0.2105,0.8612,live,LOF_k3|LOF_k10|LOF_k20|KNN_k3|KNN_k10,0.7951739130434783,0.7864130434782609,0.7951739130434783,False,True
102_UCR_Anomaly_NOISEMesoplodonDensirostris_10000_19280_19440.txt,timeseries,test,ucr,g346,23,0.0435,KNN_k20,KNN_k3,0.3253,0.1765,0.0196,0.1488,0.8055,live,KNN_k20|KNN_k3|CBLOF|KNN_k50|LOF_k100,0.7200834879406308,0.7163729128014842,0.7200834879406308,False,True
103_UCR_Anomaly_NOISETkeepThirdMARS_3500_4711_4809.txt,timeseries,test,ucr,g347,23,0.0664,LOF_k3,LOF_k10,0.7949,0.1906,0.0276,0.6043,0.9198,live,LOF_k3|LOF_k10|LOF_k20|LOF_k50|KNN_k3,0.6921428571428572,0.6535714285714286,0.6921428571428572,False,True
104_UCR_Anomaly_NOISEapneaecg4_6000_16000_16100.txt,timeseries,test,ucr,g339,23,0.0205,HBOS_b20,HBOS_b50,0.0646,0.0105,-0.0066,0.0541,0.7945,floor,HBOS_b20|HBOS_b50|HBOS|HBOS_b5|IForest,,,,False,False
105_SVDB_id_22_Medical_tr_500_1st_417.csv,timeseries,test,tsbad_m,g249,23,0.2499,LOF_k3,LOF_k10,0.688,0.5575,0.4261,0.1305,0.808,live,LOF_k3|LOF_k10|LOF_k20|ECOD|PCA_c0.3,0.7652414181371023,0.6850637806124715,0.7652414181371023,False,True
105_UCR_Anomaly_NOISEgait3_24500_59900_60500.txt,timeseries,test,ucr,g341,23,0.08,COPOD,PCA,0.0717,0.0347,0.0018,0.0371,0.5839,floor,COPOD|PCA|HBOS_b5|PCA_c0.9|HBOS_b20,,,,False,False
106_UCR_Anomaly_NOISEgaitHunt2_18500_31200_31850.txt,timeseries,test,ucr,g342,23,0.0827,LOF_k10,KNN_k3,0.3297,0.1229,0.0107,0.2067,0.7843,live,LOF_k10|KNN_k3|KNN_k10|LOF_k3|LOF_k20,0.4895777777777778,0.6958222222222222,0.6958222222222222,False,True
107_UCR_Anomaly_NOISEinsectEPG3_5200_7000_7050.txt,timeseries,test,ucr,g344,23,0.0534,COPOD,HBOS_b50,0.1693,0.0453,-0.0064,0.124,0.7331,live,COPOD|HBOS_b50|HBOS_b20|HBOS|PCA_c0.9,0.6491935483870968,0.695852534562212,0.695852534562212,False,True
109_SVDB_id_26_Medical_tr_1038_1st_1138.csv,timeseries,test,tsbad_m,g250,23,0.1478,KNN_k3,KNN_k10,0.6861,0.5989,0.466,0.0872,0.8635,live,KNN_k3|KNN_k10|LOF_k20|KNN_k20|LOF_k10,,,,False,False
111_UCR_Anomaly_3sddb40_35000_46600_46900.txt,timeseries,test,ucr,g274,23,0.044,PCA_c0.3,PCA_c0.9,0.8434,0.455,0.0563,0.3884,0.9832,live,PCA_c0.3|PCA_c0.9|PCA|IF_n50|HBOS_b5,0.9791739130434782,0.973217391304348,0.9791739130434782,True,False
112_SVDB_id_29_Medical_tr_8226_1st_8326.csv,timeseries,test,tsbad_m,g251,23,0.0958,KNN_k100,LOF_k100,0.1074,0.0655,0.012,0.0419,0.7023,live,KNN_k100|LOF_k100|CBLOF|KNN_k50|KNN_k10,,,,False,False
113_SVDB_id_30_Medical_tr_4552_1st_4652.csv,timeseries,test,tsbad_m,g252,23,0.2433,PCA_c0.9,COPOD,0.6925,0.629,0.5422,0.0636,0.8208,live,PCA_c0.9|COPOD|PCA_c0.3|PCA|ECOD,,,,False,False
114_UCR_Anomaly_CIMIS44AirTemperature2_4000_5703_5727.txt,timeseries,test,ucr,g282,23,0.047,LOF_k3,LOF_k10,0.5918,0.3208,0.0033,0.271,0.9392,live,LOF_k3|LOF_k10|IF_n300|IForest|LOF_k20,0.8372549019607843,0.8568627450980392,0.8568627450980392,True,False
115_PSM_id_1_Facility_tr_50000_1st_129872.csv,timeseries,test,tsbad_m,g201,23,0.2493,PCA_c0.9,PCA,0.582,0.3226,0.1408,0.2594,0.8005,live,PCA_c0.9|PCA|PCA_c0.3|HBOS_b5|COPOD,0.7539143723225694,0.5472762231630633,0.7539143723225694,False,True
115_UCR_Anomaly_CIMIS44AirTemperature3_4000_6520_6544.txt,timeseries,test,ucr,g283,23,0.057,IF_n300,IForest,0.4843,0.2195,-0.0014,0.2648,0.9065,live,IF_n300|IForest|PCA_c0.9|PCA|IF_n50,0.9013605442176872,0.8350340136054422,0.9013605442176872,True,False
117_UCR_Anomaly_CIMIS44AirTemperature5_4000_4852_4900.txt,timeseries,test,ucr,g284,23,0.0648,IF_n50,IForest,0.7514,0.5939,0.3789,0.1575,0.8854,live,IF_n50|IForest|IF_n300|HBOS|COPOD,0.8207282913165266,0.8403361344537815,0.8403361344537815,False,True
121_UCR_Anomaly_ECG3_15000_16000_16100.txt,timeseries,test,ucr,g321,23,0.026,KNN_k3,LOF_k100,0.4,0.1752,0.058,0.2248,0.9197,live,KNN_k3|LOF_k100|LOF_k50|LOF_k20|KNN_k10,0.5533422459893048,0.8016042780748662,0.8016042780748662,False,True
122_UCR_Anomaly_ECG3_8000_17000_17100.txt,timeseries,test,ucr,g322,23,0.026,KNN_k3,LOF_k20,0.4469,0.1636,0.0156,0.2834,0.8799,live,KNN_k3|LOF_k20|LOF_k50|LOF_k100|KNN_k10,0.6231283422459893,0.763903743315508,0.763903743315508,False,True
130_OPPORTUNITY_id_2_HumanActivity_tr_1045_1st_1145.csv,timeseries,test,tsbad_m,g170,23,0.2471,PCA_c0.3,PCA_c0.9,0.6649,0.2969,-0.0772,0.368,0.827,live,PCA_c0.3|PCA_c0.9|PCA|HBOS_b50|HBOS_b20,0.7566287878787878,0.3267045454545454,0.7566287878787878,False,True
131_OPPORTUNITY_id_3_HumanActivity_tr_7016_1st_26691.csv,timeseries,test,tsbad_m,g171,23,0.0642,LOF_k20,LOF_k50,0.2655,0.0589,-0.0182,0.2066,0.8978,live,LOF_k20|LOF_k50|LOF_k10|HBOS_b5|ECOD,0.6201190476190477,0.2832142857142857,0.6201190476190477,False,True
132_OPPORTUNITY_id_4_HumanActivity_tr_895_1st_995.csv,timeseries,test,tsbad_m,g172,23,0.2355,LOF_k20,LOF_k3,0.493,0.1368,-0.0957,0.3562,0.8409,live,LOF_k20|LOF_k3|LOF_k10|LOF_k50|HBOS_b50,0.5214421252371917,0.503225806451613,0.5214421252371917,False,True
133_OPPORTUNITY_id_5_HumanActivity_tr_1745_1st_6500.csv,timeseries,test,tsbad_m,g173,23,0.2464,PCA_c0.9,PCA_c0.3,1.0,0.8991,0.5046,0.1009,1.0,live,PCA_c0.9|PCA_c0.3|PCA|LOF_k100|KNN_k10,0.9976744186046512,0.8046511627906976,0.9976744186046512,True,False
134_OPPORTUNITY_id_6_HumanActivity_tr_1477_1st_1577.csv,timeseries,test,tsbad_m,g174,23,0.1187,LOF_k50,LOF_k100,0.4541,0.0738,-0.0402,0.3804,0.8752,live,LOF_k50|LOF_k100|LOF_k20|LOF_k10|LOF_k3,0.7032085561497327,0.4784039489921843,0.7032085561497327,False,True
139_CATSv2_id_2_Sensor_tr_5592_1st_5692.csv,timeseries,test,tsbad_m,g38,23,0.0655,HBOS_b20,HBOS,0.0276,-0.0097,-0.0286,0.0373,0.5754,floor,HBOS_b20|HBOS|LOF_k3|PCA|PCA_c0.3,,,,False,False
145_SMAP_id_2_Sensor_tr_2133_1st_5400.csv,timeseries,test,tsbad_m,g227,23,0.2488,LOF_k10,KNN_k3,0.4535,0.2846,0.0804,0.1689,0.7448,live,LOF_k10|KNN_k3|LOF_k20|LOF_k3|CBLOF,0.7596533567354102,0.6744186046511628,0.7596533567354102,False,True
146_UCR_Anomaly_Lab2Cmac011215EPG2_5000_27862_27932.txt,timeseries,test,ucr,g333,23,0.0209,COPOD,HBOS_b20,0.1008,0.0495,0.0055,0.0513,0.8382,live,COPOD|HBOS_b20|HBOS_b50|HBOS|HBOS_b5,,,,False,False
151_UCR_Anomaly_MesoplodonDensirostris_10000_19280_19440.txt,timeseries,test,ucr,g334,23,0.0435,LOF_k100,KNN_k3,0.316,0.15,0.0299,0.1659,0.7868,live,LOF_k100|KNN_k3|LOF_k50|KNN_k10|KNN_k20,0.778061224489796,0.7421150278293136,0.778061224489796,False,True
154_UCR_Anomaly_PowerDemand3_16000_23405_23477.txt,timeseries,test,ucr,g349,23,0.0235,COPOD,PCA_c0.3,0.0183,0.0017,-0.0039,0.0166,0.6752,floor,COPOD|PCA_c0.3|HBOS_b5|HBOS_b20|HBOS_b50,,,,False,False
157_UCR_Anomaly_TkeepFirstMARS_3500_5365_5380.txt,timeseries,test,ucr,g362,23,0.034,LOF_k10,LOF_k3,0.3938,0.0855,0.0048,0.3083,0.9423,live,LOF_k10|LOF_k3|LOF_k20|HBOS_b20|HBOS_b50,0.6971830985915493,0.7169014084507043,0.7169014084507043,False,True
160_SMAP_id_17_Sensor_tr_1832_1st_5300.csv,timeseries,test,tsbad_m,g226,23,0.2373,PCA_c0.3,PCA,0.704,0.3308,0.0238,0.3732,0.8558,live,PCA_c0.3|PCA|PCA_c0.9|KNN_k100|LOF_k3,0.8006524725274725,0.837912087912088,0.837912087912088,False,True
160_UCR_Anomaly_TkeepThirdMARS_3500_4711_4809.txt,timeseries,test,ucr,g363,23,0.0664,LOF_k3,LOF_k10,0.8671,0.1805,0.0298,0.6866,0.9678,live,LOF_k3|LOF_k10|LOF_k20|KNN_k3|LOF_k50,0.6799999999999999,0.6685714285714286,0.6799999999999999,False,True
164_UCR_Anomaly_apneaecg3_5000_11111_11211.txt,timeseries,test,ucr,g276,23,0.0204,HBOS_b20,HBOS_b5,0.829,0.3751,0.0284,0.4539,0.9955,live,HBOS_b20|HBOS_b5|LOF_k3|HBOS|PCA_c0.3,0.9744258872651358,0.9473903966597078,0.9744258872651358,True,False
166_UCR_Anomaly_apneaecg_10000_12240_12308.txt,timeseries,test,ucr,g275,23,0.0165,KNN_k3,LOF_k10,0.4411,0.1085,0.0081,0.3326,0.8655,live,KNN_k3|LOF_k10|LOF_k3|LOF_k20|LOF_k50,0.6824218750000001,0.73203125,0.73203125,False,True
167_UCR_Anomaly_gait1_20000_38500_38800.txt,timeseries,test,ucr,g324,23,0.044,LOF_k3,LOF_k10,0.3692,0.1094,0.0038,0.2598,0.7603,live,LOF_k3|LOF_k10|LOF_k20|KNN_k3|KNN_k20,0.5417391304347825,0.5418260869565217,0.5418260869565217,False,True
168_UCR_Anomaly_gait2_22000_46500_46800.txt,timeseries,test,ucr,g325,23,0.044,LOF_k10,LOF_k20,0.3589,0.1044,-0.0024,0.2545,0.7674,live,LOF_k10|LOF_k20|LOF_k3|KNN_k3|KNN_k10,0.5263478260869565,0.529391304347826,0.529391304347826,False,True
170_UCR_Anomaly_gaitHunt1_18500_33070_33180.txt,timeseries,test,ucr,g326,23,0.0216,LOF_k3,LOF_k10,0.4887,0.1803,0.024,0.3084,0.9752,live,LOF_k3|LOF_k10|KNN_k3|KNN_k10|LOF_k20,0.762,0.8458181818181819,0.8458181818181819,False,True
171_SWaT_id_1_Sensor_tr_3749_1st_9522.csv,timeseries,test,tsbad_m,g256,23,0.2492,LOF_k3,KNN_k3,0.5134,0.2277,0.0605,0.2857,0.8192,live,LOF_k3|KNN_k3|CBLOF|LOF_k10|KNN_k10,0.6511627906976745,0.6806515818143726,0.6806515818143726,False,True
171_UCR_Anomaly_gaitHunt2_18500_31200_31850.txt,timeseries,test,ucr,g327,23,0.0827,LOF_k10,LOF_k3,0.561,0.2015,0.0602,0.3595,0.9111,live,LOF_k10|LOF_k3|KNN_k3|LOF_k20|KNN_k10,0.5794222222222222,0.6984,0.6984,False,True
173_UCR_Anomaly_insectEPG1_3000_7000_7030.txt,timeseries,test,ucr,g328,23,0.0463,HBOS_b50,HBOS,0.0869,0.0298,0.0007,0.0571,0.805,floor,HBOS_b50|HBOS|COPOD|HBOS_b20|KNN_k20,,,,False,False
174_UCR_Anomaly_insectEPG2_3700_8000_8025.txt,timeseries,test,ucr,g329,23,0.0398,KNN_k20,CBLOF,0.9884,0.9117,0.8032,0.0767,0.9994,live,KNN_k20|CBLOF|KNN_k50|KNN_k3|LOF_k50,,,,False,False
181_UCR_Anomaly_park3m_60000_72150_72495.txt,timeseries,test,ucr,g348,23,0.0477,LOF_k10,LOF_k20,0.4281,0.1399,0.0094,0.2883,0.8546,live,LOF_k10|LOF_k20|LOF_k3|KNN_k3|KNN_k10,0.5628,0.628,0.628,False,True
182_UCR_Anomaly_qtdbSel1005V_4000_12400_12800.txt,timeseries,test,ucr,g350,23,0.0619,HBOS_b5,PCA_c0.3,0.0789,0.0391,-0.0102,0.0398,0.567,floor,HBOS_b5|PCA_c0.3|HBOS|PCA|PCA_c0.9,,,,False,False
183_UCR_Anomaly_qtdbSel100MLII_4000_13400_13800.txt,timeseries,test,ucr,g351,23,0.072,ECOD,LOF_k3,0.0615,0.0108,-0.0122,0.0508,0.5948,floor,ECOD|LOF_k3|HBOS|HBOS_b5|LOF_k10,,,,False,False
195_UCR_Anomaly_sel840mECG1_17000_51370_51740.txt,timeseries,test,ucr,g352,23,0.0513,ECOD,COPOD,0.1331,0.0586,0.0252,0.0745,0.7168,live,ECOD|COPOD|IF_n50|KNN_k3|IForest,,,,False,False
196_UCR_Anomaly_sel840mECG2_20000_49370_49740.txt,timeseries,test,ucr,g353,23,0.0531,HBOS_b5,ECOD,0.0219,0.0088,-0.0013,0.0131,0.6026,floor,HBOS_b5|ECOD|LOF_k3|HBOS_b20|HBOS,,,,False,False
197_UCR_Anomaly_tiltAPB1_100000_114283_114350.txt,timeseries,test,ucr,g361,23,0.0159,LOF_k10,KNN_k3,0.2283,0.0465,0.0036,0.1818,0.8048,live,LOF_k10|KNN_k3|LOF_k3|LOF_k20|ECOD,0.7627499999999999,0.68875,0.7627499999999999,False,True
19_landsat,tabular,dev,adbench_dami,g135,35,0.2498,LOF_k10,LOF_k3,0.5253,0.1988,-0.0412,0.3265,0.7951,live,LOF_k10|LOF_k3|LOF|LOF_k35|LOF_k50,0.3855118318513846,0.7321004673055662,0.7321004673055662,False,True
202_UCR_Anomaly_CHARISfive_10411_10998_11028.txt,timeseries,test,ucr,g277,23,0.0119,PCA_c0.3,PCA_c0.9,0.6823,0.3361,0.0042,0.3462,0.9922,live,PCA_c0.3|PCA_c0.9|PCA|HBOS_b50|HBOS_b20,0.996,0.8673333333333333,0.996,True,False
203_UCR_Anomaly_CHARISfive_10500_10995_11028.txt,timeseries,test,ucr,g278,23,0.0119,KNN_k20,KNN_k10,0.0933,0.0498,0.0093,0.0435,0.8672,floor,KNN_k20|KNN_k10|LOF_k100|LOF_k50|LOF_k10,,,,False,False
206_UCR_Anomaly_CHARISten_25130_29080_29140.txt,timeseries,test,ucr,g279,23,0.0159,LOF_k3,LOF_k10,0.0343,0.0104,-0.0013,0.0239,0.7085,floor,LOF_k3|LOF_k10|LOF_k20|HBOS_b5|KNN_k3,,,,False,False
207_UCR_Anomaly_CHARISten_3165_26929_26989.txt,timeseries,test,ucr,g280,23,0.0139,LOF_k100,LOF_k50,0.2323,0.12,0.0107,0.1123,0.8437,live,LOF_k100|LOF_k50|KNN_k3|KNN_k20|LOF_k20,0.8007745266781411,0.7283419391853128,0.8007745266781411,False,True
208_UCR_Anomaly_CHARISten_5130_27929_27989.txt,timeseries,test,ucr,g281,23,0.0139,HBOS_b50,HBOS_b20,0.0811,0.0136,-0.0014,0.0676,0.6513,floor,HBOS_b50|HBOS_b20|HBOS|HBOS_b5|KNN_k3,,,,False,False
209_UCR_Anomaly_Fantasia_19000_26970_27270.txt,timeseries,test,ucr,g323,23,0.044,HBOS_b5,HBOS,0.0415,0.018,-0.002,0.0235,0.6521,floor,HBOS_b5|HBOS|HBOS_b50|KNN_k3|KNN_k20,,,,False,False
20_letter,tabular,dev,adbench_dami,g137,35,0.2268,LOF_k10,LOF_k3,0.7135,0.228,-0.011,0.4855,0.907,live,LOF_k10|LOF_k3|KNN_k3|LOF|KNN,0.5769473684210525,0.6344912280701756,0.6344912280701756,False,True
210_UCR_Anomaly_Italianpowerdemand_36123_74900_74996.txt,timeseries,test,ucr,g330,23,0.0196,CBLOF,ECOD,0.0852,0.0208,-0.003,0.0644,0.7481,floor,CBLOF|ECOD|KNN_k100|KNN_k50|IF_n50,,,,False,False
211_UCR_Anomaly_Italianpowerdemand_38113_39240_39336.txt,timeseries,test,ucr,g331,23,0.0196,ECOD,CBLOF,0.1089,0.0223,0.0006,0.0867,0.7898,live,ECOD|CBLOF|COPOD|KNN_k100|PCA_c0.9,,,,False,False
212_UCR_Anomaly_Italianpowerdemand_8913_29480_29504.txt,timeseries,test,ucr,g332,23,0.0158,LOF_k3,HBOS_b50,-0.0002,-0.0036,-0.0057,0.0033,0.408,floor,LOF_k3|HBOS_b50|HBOS_b20|LOF_k10|HBOS_b5,,,,False,False
217_UCR_Anomaly_STAFFIIIDatabase_38211_150720_151370.txt,timeseries,test,ucr,g354,23,0.0827,LOF_k50,HBOS_b5,0.1695,0.0768,0.0082,0.0927,0.6982,live,LOF_k50|HBOS_b5|HBOS|HBOS_b20|HBOS_b50,,,,False,False
221_UCR_Anomaly_STAFFIIIDatabase_45616_163632_164852.txt,timeseries,test,ucr,g355,23,0.1396,LOF_k20,LOF_k10,0.2501,0.1199,0.0407,0.1301,0.7022,live,LOF_k20|LOF_k10|HBOS_b50|HBOS_b20|LOF_k3,0.6641111111111111,0.7015061728395062,0.7015061728395062,False,True
222_UCR_Anomaly_mit14046longtermecg_56123_91200_91700.txt,timeseries,test,ucr,g335,23,0.0655,COPOD,ECOD,0.6337,0.1898,0.0255,0.4438,0.9197,live,COPOD|ECOD|LOF_k10|LOF_k20|PCA,0.8700571428571429,0.8167428571428572,0.8700571428571429,True,False
223_UCR_Anomaly_mit14046longtermecg_74123_131200_131700.txt,timeseries,test,ucr,g336,23,0.0655,ECOD,COPOD,0.7853,0.1802,0.0279,0.6051,0.9378,live,ECOD|COPOD|LOF_k20|LOF_k10|LOF_k50,0.6845142857142856,0.5510857142857143,0.6845142857142856,False,True
228_MGAB_id_4_Synthetic_tr_25000_1st_38948.csv,timeseries,dev,tsbad_u,g145,23,0.0694,LOF_k3,LOF_k10,0.2421,0.0446,0.0043,0.1975,0.6639,live,LOF_k3|LOF_k10|LOF_k20|KNN_k3|LOF_k50,0.5465192465192465,0.6087360087360087,0.6087360087360087,False,True
228_UCR_Anomaly_mit14134longtermecg_11361_47830_47850.txt,timeseries,test,ucr,g337,23,0.0119,COPOD,HBOS_b5,0.1157,0.0531,0.0262,0.0626,0.8663,live,COPOD|HBOS_b5|LOF_k20|IF_n50|HBOS_b50,,,,False,False
229_MGAB_id_5_Synthetic_tr_25000_1st_33098.csv,timeseries,dev,tsbad_u,g146,23,0.0593,LOF_k3,LOF_k10,0.2254,0.03,-0.0013,0.1955,0.7095,live,LOF_k3|LOF_k10|LOF_k20|KNN_k3|KNN_k10,0.4976348465935221,0.5458905459562446,0.5458905459562446,False,True
230_MGAB_id_6_Synthetic_tr_25000_1st_42441.csv,timeseries,dev,tsbad_u,g147,23,0.0751,LOF_k3,LOF_k10,0.3827,0.0425,-0.0093,0.3402,0.7545,live,LOF_k3|LOF_k10|LOF_k20|KNN_k3|PCA_c0.3,0.4815656565656565,0.4954545454545454,0.4954545454545454,False,True
239_UCR_Anomaly_taichidbS0715Master_190037_593450_593514.txt,timeseries,test,ucr,g356,23,0.12,KNN_k100,LOF_k100,0.8306,0.3674,0.0243,0.4632,0.9501,live,KNN_k100|LOF_k100|KNN_k50|KNN_k20|KNN_k10,0.9205,0.917625,0.9205,True,False
23_mammography,tabular,dev,adbench_dami,g143,36,0.1003,ECOD,COPOD,0.3285,0.1617,0.0473,0.1668,0.835,live,ECOD|COPOD|HBOS_b5|LODA_b20|KNN_k3,0.8776409842111734,0.8352096102846907,0.8776409842111734,True,False
240_UCR_Anomaly_taichidbS0715Master_240030_884100_884200.txt,timeseries,test,ucr,g357,23,0.1379,KNN_k3,LOF_k10,0.3769,0.0903,-0.0115,0.2866,0.7133,live,KNN_k3|LOF_k10|LOF_k3|CBLOF|IForest,0.7438,0.8641,0.8641,True,False
242_UCR_Anomaly_tilt12744mtable_100000_104630_104890.txt,timeseries,test,ucr,g358,23,0.0404,ECOD,LOF_k20,0.0957,0.0031,-0.011,0.0926,0.6724,floor,ECOD|LOF_k20|COPOD|IF_n50|LOF_k3,,,,False,False
244_UCR_Anomaly_tilt12754table_100013_104630_104890.txt,timeseries,test,ucr,g359,23,0.0404,ECOD,LOF_k20,0.1948,0.0661,0.0005,0.1287,0.8015,live,ECOD|LOF_k20|LOF_k10|LOF_k3|PCA,0.682952380952381,0.6327619047619047,0.682952380952381,False,True
247_UCR_Anomaly_tilt12755mtable_50211_121900_121980.txt,timeseries,test,ucr,g360,23,0.0177,LOF_k100,IForest,0.0446,0.021,0.0011,0.0236,0.8408,floor,LOF_k100|IForest|LOF_k20|PCA_c0.3|LOF_k50,,,,False,False
248_UCR_Anomaly_weallwalk_2000_4702_4707.txt,timeseries,test,ucr,g364,23,0.0459,LOF_k3,LOF_k10,0.5443,0.0951,0.0064,0.4492,0.9019,live,LOF_k3|LOF_k10|LOF_k20|PCA_c0.9|PCA,0.5173076923076924,0.3519230769230769,0.5173076923076924,False,True
249_UCR_Anomaly_weallwalk_2753_8285_8315.txt,timeseries,test,ucr,g365,23,0.0441,LOF_k10,LOF_k20,0.0347,-0.002,-0.012,0.0367,0.6064,floor,LOF_k10|LOF_k20|LOF_k3|LOF_k50|KNN_k3,,,,False,False
250_UCR_Anomaly_weallwalk_2951_7290_7296.txt,timeseries,test,ucr,g366,23,0.0373,LOF_k3,LOF_k10,0.0261,-0.0031,-0.0124,0.0292,0.5919,floor,LOF_k3|LOF_k10|LOF_k20|IF_n50|HBOS_b50,,,,False,False
25_musk,tabular,dev,adbench_dami,g159,36,0.0974,CBLOF,KNN_k200,1.0,0.931,0.3428,0.069,1.0,live,CBLOF|KNN_k200|PCA_c0.9|PCA_c0.7|PCA_c0.3,0.9686446037099494,1.0,1.0,True,False
26_optdigits,tabular,dev,adbench_dami,g177,35,0.1152,KNN_k3,LOF_k3,0.9723,0.4757,0.0075,0.4966,0.9984,live,KNN_k3|LOF_k3|LOF_k10|KNN|LOF,0.5017488494411572,0.8785141354372124,0.8785141354372124,True,False
27_PageBlocks,tabular,dev,adbench_dami,g180,36,0.2376,LOF,LOF_k35,0.7291,0.3374,-0.0529,0.3917,0.9248,live,LOF|LOF_k35|LOF_k50|LOF_k10|HBOS_b50,0.8996690230440314,0.7401464206340855,0.8996690230440314,True,False
28_pendigits,tabular,dev,adbench_dami,g183,35,0.085,KNN_k3,KNN,0.99,0.6179,0.3303,0.3721,0.9988,live,KNN_k3|KNN|LOF_k10|KNN_k10|LOF_k3,0.909728908969706,0.933175320346641,0.933175320346641,True,False
302_Power_id_1_Facility_tr_7685_1st_7785.csv,timeseries,dev,tsbad_u,g192,23,0.2498,PCA,PCA_c0.3,0.1878,0.0577,-0.0831,0.1302,0.6162,live,PCA|PCA_c0.3|ECOD|HBOS_b5|COPOD,0.4655687617512759,0.5334407735697019,0.5334407735697019,False,True
308_UCR_id_6_Facility_tr_20000_1st_56600.csv,timeseries,dev,tsbad_u,g379,23,0.044,LOF_k10,HBOS_b20,0.031,0.0013,-0.0159,0.0297,0.6964,floor,LOF_k10|HBOS_b20|HBOS_b50|ECOD|HBOS,,,,False,False
314_UCR_id_12_HumanActivity_tr_16250_1st_38500.csv,timeseries,dev,tsbad_u,g369,23,0.044,KNN_k3,KNN_k10,0.1855,0.0673,0.0024,0.1182,0.635,live,KNN_k3|KNN_k10|KNN_k20|LOF_k10|KNN_k50,0.471304347826087,0.5730434782608695,0.5730434782608695,False,True
327_UCR_id_25_Medical_tr_15000_1st_51370.csv,timeseries,dev,tsbad_u,g375,23,0.0513,ECOD,COPOD,0.1331,0.0586,0.0252,0.0745,0.7168,live,ECOD|COPOD|IF_n50|KNN_k3|IForest,,,,False,False
345_UCR_id_43_Facility_tr_25000_1st_44630.csv,timeseries,dev,tsbad_u,g376,23,0.0404,ECOD,LOF_k3,0.1096,0.0034,-0.0104,0.1062,0.6823,live,ECOD|LOF_k3|COPOD|LOF_k20|LOF_k10,0.6566666666666666,0.54,0.6566666666666666,False,True
348_UCR_id_46_Facility_tr_9000_1st_12400.csv,timeseries,dev,tsbad_u,g377,23,0.0599,HBOS_b5,HBOS,0.04,0.015,-0.0135,0.025,0.5915,floor,HBOS_b5|HBOS|HBOS_b20|PCA_c0.3|CBLOF,,,,False,False
368_UCR_id_66_Facility_tr_50000_1st_125720.csv,timeseries,dev,tsbad_u,g378,23,0.0827,LOF_k3,LOF_k10,0.3863,0.1065,-0.0097,0.2798,0.8058,live,LOF_k3|LOF_k10|LOF_k20|ECOD|KNN_k3,0.6059777777777777,0.6300444444444444,0.6300444444444444,False,True
36_speech,tabular,dev,adbench_dami,g239,36,0.0776,LOF_k3,LOF_k10,0.1354,0.0171,-0.0018,0.1183,0.665,live,LOF_k3|LOF_k10|LOF|LOF_k35|HBOS_b100,0.4707970604861503,0.4714980214810627,0.4714980214810627,False,True
37_Stamps,tabular,dev,adbench_dami,g242,35,0.2439,HBOS_b50,HBOS_b100,0.7008,0.5359,0.121,0.1649,0.9392,live,HBOS_b50|HBOS_b100|HBOS_b20|CBLOF|CBLOF_c16,0.9265850945494994,0.9477196885428252,0.9477196885428252,True,False
381_UCR_id_79_HumanActivity_tr_16000_1st_31200.csv,timeseries,dev,tsbad_u,g380,23,0.0827,KNN_k3,LOF_k10,0.3246,0.1201,0.0115,0.2045,0.7722,live,KNN_k3|LOF_k10|KNN_k10|LOF_k3|LOF_k20,0.4781555555555555,0.6917777777777778,0.6917777777777778,False,True
38_thyroid,tabular,dev,adbench_dami,g265,36,0.043,HBOS_b100,HBOS_b50,0.7267,0.3231,0.1161,0.4036,0.9879,live,HBOS_b100|HBOS_b50|HBOS_b20|ECOD|HBOS,0.9328719429347828,0.9788552989130436,0.9788552989130436,True,False
39_vertebral,tabular,dev,adbench_dami,g386,35,0.25,LOF_k3,LOF_k10,0.1974,0.0159,-0.0873,0.1815,0.6485,live,LOF_k3|LOF_k10|PCA_c0.3|PCA|PCA_c0.9,0.3373015873015873,0.3666666666666667,0.3666666666666667,False,True
40_vowels,tabular,dev,adbench_dami,g393,35,0.0874,LOF_k3,KNN_k3,0.7443,0.2302,-0.0171,0.5142,0.9662,live,LOF_k3|KNN_k3|LOF_k10|KNN|KNN_k10,0.6623660781650822,0.6778331069865702,0.6778331069865702,False,True
416_UCR_id_114_Medical_tr_50000_1st_91200.csv,timeseries,dev,tsbad_u,g367,23,0.0655,COPOD,ECOD,0.6219,0.1891,0.0283,0.4328,0.9142,live,COPOD|ECOD|LOF_k10|LOF_k20|PCA,0.8697142857142857,0.8021142857142858,0.8697142857142857,True,False
41_Waveform,tabular,dev,adbench_dami,g398,35,0.1289,KNN_k100,KNN_k50,0.4684,0.2735,0.0598,0.195,0.8359,live,KNN_k100|KNN_k50|KNN_k200|KNN_k35|LOF,0.6443659313614472,0.7042472558167625,0.7042472558167625,False,True
430_UCR_id_128_HumanActivity_tr_12500_1st_46500.csv,timeseries,dev,tsbad_u,g368,23,0.0422,LOF_k20,KNN_k10,0.2095,0.079,0.0017,0.1305,0.736,live,LOF_k20|KNN_k10|KNN_k20|KNN_k3|LOF_k10,0.4762727272727272,0.5496363636363637,0.5496363636363637,False,True
433_UCR_id_131_Facility_tr_50000_1st_106720.csv,timeseries,dev,tsbad_u,g370,23,0.0827,LOF_k3,LOF_k10,0.2522,0.0781,0.0044,0.1741,0.6917,live,LOF_k3|LOF_k10|LOF_k20|KNN_k3|LOF_k50,0.5827777777777777,0.6414666666666666,0.6414666666666666,False,True
441_UCR_id_139_Facility_tr_7500_1st_13400.csv,timeseries,dev,tsbad_u,g371,23,0.072,LOF_k3,HBOS,0.0178,-0.0025,-0.0182,0.0203,0.5746,floor,LOF_k3|HBOS|HBOS_b5|HBOS_b20|HBOS_b50,,,,False,False
44_Wilt,tabular,dev,adbench_dami,g404,36,0.2197,LOF_k3,LOF_k10,0.6434,0.0692,-0.0862,0.5742,0.9099,live,LOF_k3|LOF_k10|LOF|LOF_k35|LOF_k50,0.3537276094118248,0.4824412613311398,0.4824412613311398,False,True
461_UCR_id_159_Medical_tr_45096_1st_131200.csv,timeseries,dev,tsbad_u,g372,23,0.0655,ECOD,COPOD,0.786,0.1801,0.0251,0.6059,0.9377,live,ECOD|COPOD|LOF_k10|LOF_k20|LOF_k3,0.6818285714285715,0.5553142857142856,0.6818285714285715,False,True
497_UCR_id_195_Facility_tr_32372_1st_114000.csv,timeseries,dev,tsbad_u,g373,23,0.0541,LOF_k10,LOF_k20,0.1215,0.0392,0.0001,0.0823,0.6856,live,LOF_k10|LOF_k20|LOF_k50|LOF_k3|LOF_k100,,,,False,False
529_UCR_id_227_Facility_tr_19948_1st_52000.csv,timeseries,dev,tsbad_u,g374,23,0.0793,LOF_k3,LOF_k50,0.468,0.2036,-0.0239,0.2644,0.803,live,LOF_k3|LOF_k50|LOF_k10|LOF_k100|LOF_k20,0.5785581395348838,0.5751627906976744,0.5785581395348838,False,True
6_cardio,tabular,dev,adbench_dami,g32,35,0.2343,IForest,IF_n50,0.778,0.5488,0.3164,0.2293,0.9563,live,IForest|IF_n50|IF_n300|LOF_k3|PCA_c0.7,0.9186049922271432,0.8350981139823425,0.9186049922271432,True,False
842_OPPORTUNITY_id_1_HumanActivity_tr_7295_1st_27516.csv,timeseries,dev,tsbad_u,g166,23,0.0643,KNN_k10,KNN_k3,0.9974,0.808,0.2649,0.1894,0.9998,live,KNN_k10|KNN_k3|KNN_k100|KNN_k20|KNN_k50,0.946043956043956,0.966043956043956,0.966043956043956,True,False
848_OPPORTUNITY_id_7_HumanActivity_tr_1477_1st_1577.csv,timeseries,dev,tsbad_u,g175,23,0.121,KNN_k100,KNN_k50,0.9914,0.7663,0.0447,0.2251,0.9988,live,KNN_k100|KNN_k50|KNN_k20|CBLOF|KNN_k10,0.9851162790697676,0.96031007751938,0.9851162790697676,True,False
850_OPPORTUNITY_id_9_HumanActivity_tr_895_1st_995.csv,timeseries,dev,tsbad_u,g176,23,0.1442,LOF_k100,LOF_k50,0.9836,0.6021,0.0079,0.3815,0.9975,live,LOF_k100|LOF_k50|KNN_k3|CBLOF|KNN_k50,0.9503856942496496,0.8872720897615709,0.9503856942496496,True,False
854_OPPORTUNITY_id_13_HumanActivity_tr_1477_1st_1577.csv,timeseries,dev,tsbad_u,g165,23,0.121,CBLOF,KNN_k10,1.0,0.8239,0.3419,0.1761,1.0,live,CBLOF|KNN_k10|LOF_k100|KNN_k50|KNN_k3,0.9939534883720932,0.9150387596899224,0.9939534883720932,True,False
863_OPPORTUNITY_id_22_HumanActivity_tr_808_1st_908.csv,timeseries,dev,tsbad_u,g167,23,0.2215,KNN_k10,LOF_k50,1.0,0.71,-0.0292,0.29,1.0,live,KNN_k10|LOF_k50|LOF_k20|LOF_k100|KNN_k50,1.0,0.9633458646616542,1.0,True,False
867_OPPORTUNITY_id_26_HumanActivity_tr_808_1st_908.csv,timeseries,dev,tsbad_u,g168,23,0.25,KNN_k10,KNN_k3,0.9945,0.8102,0.3423,0.1844,0.9984,live,KNN_k10|KNN_k3|CBLOF|KNN_k20|LOF_k20,0.837171052631579,0.7551691729323308,0.837171052631579,False,True
868_OPPORTUNITY_id_27_HumanActivity_tr_2085_1st_2185.csv,timeseries,dev,tsbad_u,g169,23,0.186,KNN_k100,KNN_k50,0.9864,0.7577,0.2568,0.2286,0.9972,live,KNN_k100|KNN_k50|CBLOF|KNN_k20|KNN_k10,0.9740338983050848,0.9230508474576272,0.9740338983050848,True,False
AbstractAnomalyBatch,tabular,test,ovrbench,g0,34,0.1087,KNN_k10,KNN,0.8869,0.3195,-0.0011,0.5674,0.9817,live,KNN_k10|KNN|KNN_k3|LOF|LOF_k10,0.5880616336711818,0.5825202866976098,0.5880616336711818,False,True
ActivityRecognition,tabular,test,ovrbench,g1,36,0.2066,KNN_k3,LOF_k100,0.8962,0.6272,0.1711,0.269,0.9931,live,KNN_k3|LOF_k100|KNN|KNN_k10|LOF_k50,0.9379877787307032,0.9854095197255576,0.9854095197255576,True,False
AirPressure,tabular,test,ovrbench,g3,36,0.041,LODA_b50,IForest,0.5607,0.3704,0.0493,0.1903,0.9626,live,LODA_b50|IForest|IF_n300|IF_n50|LODA_b20,0.9460504178311712,0.962068438103978,0.962068438103978,True,False
AmazonReviewAnomalies,tabular,test,ovrbench,g4,35,0.2496,HBOS_b5,PCA_c0.99,0.6089,0.2627,-0.0095,0.3462,0.9029,live,HBOS_b5|PCA_c0.99|PCA_c0.9|PCA_c0.3|PCA,0.8621524329692154,0.8291536624580317,0.8621524329692154,True,False
Annthyroid,tabular,dev,adbench_dami,g5,36,0.25,HBOS_b100,HBOS_b50,0.5149,0.097,-0.0238,0.4179,0.8631,live,HBOS_b100|HBOS_b50|HBOS_b20|HBOS|ECOD,0.6037512367424732,0.7516691616942373,0.7516691616942373,False,True
AquaticMacroInverts,tabular,test,oddbench,g6,36,0.25,IF_n50,IForest,0.4988,0.2214,0.0308,0.2774,0.8919,live,IF_n50|IForest|IF_n300|PCA_c0.9|PCA_c0.99,0.8905600466322038,0.8422992948924442,0.8905600466322038,True,False
ArchaeologicalAnomalies,tabular,test,oddbench,g7,36,0.2478,KNN_k3,LOF_k10,0.2597,0.032,-0.0401,0.2277,0.7511,live,KNN_k3|LOF_k10|LOF_k3|KNN|LOF,0.3622565140399697,0.3954380639176996,0.3954380639176996,False,True
ArtCollections,tabular,test,oddbench,g8,35,0.0197,LOF_k3,LOF_k100,0.2824,0.0441,-0.0034,0.2383,0.8096,live,LOF_k3|LOF_k100|LOF|LOF_k10|LOF_k50,0.6401261781696563,0.5355351170568562,0.6401261781696563,False,True
ArtSalesPlatform,tabular,test,oddbench,g9,36,0.0472,ECOD,LODA_b20,0.0671,0.0323,-0.0089,0.0348,0.7244,floor,ECOD|LODA_b20|PCA_c0.9|PCA_c0.7|COPOD,0.637249692178083,0.7041798976087097,0.7041798976087097,False,False
AttackIncidents,tabular,test,oddbench,g10,36,0.25,KNN_k200,KNN_k100,0.0365,0.0042,-0.043,0.0323,0.5596,floor,KNN_k200|KNN_k100|CBLOF_c4|KNN_k3|KNN_k35,0.4988137472283813,0.4621054222938923,0.4988137472283813,False,False
AustinCrime,tabular,test,oddbench,g11,36,0.1469,KNN_k10,KNN,0.2119,0.0796,-0.0053,0.1323,0.7646,live,KNN_k10|KNN|KNN_k100|KNN_k35|KNN_k50,0.6639374298605225,0.6939199093053615,0.6939199093053615,False,True
AxieInfinityBug,tabular,test,oddbench,g12,36,0.0633,LOF_k35,LOF_k50,0.0191,-0.0069,-0.0263,0.026,0.5737,floor,LOF_k35|LOF_k50|LODA|LOF_k3|LODA_b20,0.5063882486635296,0.5724014853228336,0.5724014853228336,False,False
BCellImmunity,tabular,test,ovrbench,g18,36,0.2283,HBOS_b100,HBOS_b50,0.2852,0.0336,-0.0418,0.2516,0.7393,live,HBOS_b100|HBOS_b50|LOF|HBOS_b20|LOF_k10,0.5057331947156223,0.5855072647513756,0.5855072647513756,False,True
BNG(cmc),tabular,test,ovrbench,g19,35,0.2495,LODA_b50,LOF_k200,0.0641,-0.0059,-0.0663,0.07,0.5762,floor,LODA_b50|LOF_k200|LOF_k100|CBLOF_c16|LOF_k50,0.3917967418212004,0.5054130040566648,0.5054130040566648,False,False
BankruptcyForecast,tabular,test,ovrbench,g13,36,0.084,COPOD,ECOD,0.0732,0.0299,0.0033,0.0432,0.64,floor,COPOD|ECOD|IF_n300|IForest|HBOS_b50,0.6092571386354402,0.5957556056296405,0.6092571386354402,False,False
BarExamPrediction,tabular,test,oddbench,g14,34,0.1975,COPOD,PCA,0.4242,0.262,0.009,0.1622,0.816,live,COPOD|PCA|PCA_c0.7|PCA_c0.3|LODA,0.7656989881414616,0.8008921637891271,0.8008921637891271,False,True
BaseballBattedBall,tabular,test,oddbench,g15,35,0.2171,PCA_c0.3,PCA,0.366,0.0897,-0.025,0.2763,0.8437,live,PCA_c0.3|PCA|PCA_c0.7|PCA_c0.9|PCA_c0.99,0.7618537494177923,0.576183822387828,0.7618537494177923,False,True
BaseballPitchingAnomalies,tabular,test,oddbench,g16,35,0.0712,COPOD,PCA_c0.9,0.3205,0.0937,0.0004,0.2268,0.7994,live,COPOD|PCA_c0.9|PCA_c0.99|PCA_c0.7|PCA,0.8114395183360701,0.8390804597701149,0.8390804597701149,False,True
BatchProcessingEvents,tabular,test,ovrbench,g17,36,0.2498,LOF_k3,LOF,0.3269,0.1902,0.0216,0.1367,0.6459,live,LOF_k3|LOF|LOF_k10|KNN_k200|CBLOF_c32,0.6142396972351861,0.5806614661432447,0.6142396972351861,False,True
BoundingBoxClassification,tabular,test,ovrbench,g20,35,0.25,IF_n50,IF_n300,0.6897,0.5136,0.1862,0.176,0.9423,live,IF_n50|IF_n300|IForest|LOF_k50|LODA_b20,0.9227999468532706,0.8943944963609254,0.9227999468532706,True,False
BoxTracking,tabular,test,ovrbench,g21,35,0.0489,HBOS_b50,HBOS_b100,0.6286,0.2415,-0.0055,0.3871,0.9812,live,HBOS_b50|HBOS_b100|HBOS|IF_n50|HBOS_b5,0.9565716911764706,0.9748008578431372,0.9748008578431372,True,False
BrainEEGSignals,tabular,test,ovrbench,g22,36,0.2491,LOF_k3,LOF_k10,0.5416,0.1088,0.0254,0.4328,0.7884,live,LOF_k3|LOF_k10|KNN_k3|LOF|KNN,0.5795270518954729,0.5836584468163416,0.5836584468163416,False,True
BreastCancer,tabular,test,ovrbench,g23,36,0.2494,HBOS_b20,HBOS_b50,0.1891,0.1285,0.0107,0.0606,0.6591,live,HBOS_b20|HBOS_b50|HBOS_b100|HBOS|HBOS_b5,0.6279033004894223,0.6576818903753565,0.6576818903753565,False,False
BugSeverity,tabular,test,oddbench,g24,35,0.2493,HBOS_b50,HBOS_b100,0.1908,0.0912,0.0191,0.0996,0.614,live,HBOS_b50|HBOS_b100|HBOS_b20|HBOS|COPOD,0.5888187992680181,0.6098192919481982,0.6098192919481982,False,False
BuildingEnergyCompliance,tabular,test,oddbench,g25,36,0.1868,HBOS_b100,HBOS_b5,0.2029,0.006,-0.0457,0.1969,0.6873,live,HBOS_b100|HBOS_b5|HBOS_b50|HBOS|HBOS_b20,0.5068988422850635,0.461795407098121,0.5068988422850635,False,True
BuildingInspections,tabular,test,oddbench,g26,35,0.2496,ECOD,HBOS_b100,0.4074,0.1739,0.0214,0.2336,0.7634,live,ECOD|HBOS_b100|IF_n50|IForest|IF_n300,0.4558496295714548,0.4458929989441259,0.4558496295714548,False,True
BusStopPrior,tabular,test,oddbench,g29,36,0.0527,IF_n300,IForest,0.0784,0.0326,0.0054,0.0458,0.6445,floor,IF_n300|IForest|IF_n50|ECOD|HBOS_b100,0.601167449571705,0.600079441834761,0.601167449571705,False,False
BusTracking,tabular,test,oddbench,g30,35,0.2494,KNN_k3,KNN,0.77,0.2082,-0.05,0.5618,0.8882,live,KNN_k3|KNN|KNN_k10|LOF_k3|LOF,0.4463327675957672,0.5809479331594355,0.5809479331594355,False,True
BusinessAnomalies,tabular,test,ovrbench,g27,36,0.2498,KNN_k3,KNN,0.3709,0.2667,0.0607,0.1042,0.7843,live,KNN_k3|KNN|IF_n300|HBOS|KNN_k10,0.7080013011690969,0.7538052974646756,0.7538052974646756,False,True
BusinessProcessFraud,tabular,test,oddbench,g28,36,0.1359,HBOS_b100,HBOS_b50,0.7401,0.2587,-0.0001,0.4814,0.9127,live,HBOS_b100|HBOS_b50|HBOS_b20|HBOS|HBOS_b5,0.7077141236528645,0.6381310266591038,0.7077141236528645,False,True
CarMakeAnomaly,tabular,test,oddbench,g35,36,0.034,LOF_k3,ECOD,0.0349,0.0075,-0.0078,0.0275,0.6187,floor,LOF_k3|ECOD|LOF_k10|KNN_k200|CBLOF_c4,0.6081336977687264,0.5678046340461261,0.6081336977687264,False,False
CarSales,tabular,test,ovrbench,g36,35,0.2461,LOF_k3,LOF_k10,0.9999,0.6039,-0.0029,0.396,1.0,live,LOF_k3|LOF_k10|LOF|KNN_k3|KNN,0.9599276609573788,0.4435054344555313,0.9599276609573788,True,False
CardiacHealth,tabular,test,ovrbench,g31,36,0.2498,LOF_k10,KNN,0.967,0.3209,0.0409,0.6461,0.9836,live,LOF_k10|KNN|LOF_k3|KNN_k3|KNN_k10,0.7001661763623326,0.7414383048102536,0.7414383048102536,False,True
Cardiotocography,tabular,dev,adbench_dami,g33,35,0.2489,LOF_k200,LOF_k100,0.3916,0.2811,0.113,0.1105,0.8021,live,LOF_k200|LOF_k100|ECOD|CBLOF|KNN_k200,0.7178206724782068,0.6495226234952262,0.7178206724782068,False,True
CareerDayAnomaly,tabular,test,ovrbench,g34,36,0.0965,HBOS_b50,HBOS_b100,0.1483,0.0593,0.0068,0.089,0.6714,live,HBOS_b50|HBOS_b100|HBOS_b20|HBOS|IF_n50,0.5814827270302552,0.6402479329259101,0.6402479329259101,False,False
CasePriority,tabular,test,oddbench,g37,36,0.0455,LOF_k3,LOF_k10,0.2188,0.0346,-0.011,0.1842,0.8901,live,LOF_k3|LOF_k10|LOF|LODA_b20|LOF_k35,0.6832114101132936,0.8707336769351353,0.8707336769351353,True,False
CelestialObjects2,tabular,test,ovrbench,g39,36,0.2496,LODA_b50,HBOS_b50,0.3429,0.2146,0.0805,0.1283,0.8206,live,LODA_b50|HBOS_b50|COPOD|IF_n50|IF_n300,0.7804137336799368,0.8217586237111896,0.8217586237111896,False,True
CellMorphology,tabular,test,oddbench,g40,36,0.1943,KNN_k3,KNN,0.7983,0.472,0.0135,0.3263,0.9758,live,KNN_k3|KNN|LOF_k3|KNN_k10|LOF_k10,0.8678938933873145,0.8793859649122807,0.8793859649122807,True,False
CityTreeCondition,tabular,test,oddbench,g41,35,0.172,KNN_k3,KNN,0.2285,0.0652,-0.0074,0.1632,0.7305,live,KNN_k3|KNN|LOF_k50|LOF_k100|IF_n300,0.5952380952380952,0.7682500148253573,0.7682500148253573,False,True
CodeSmell,tabular,test,oddbench,g42,35,0.2494,HBOS_b100,HBOS_b50,0.1428,0.0224,-0.0324,0.1204,0.6067,live,HBOS_b100|HBOS_b50|HBOS_b20|HBOS|COPOD,0.5410844212616511,0.6747366003289718,0.6747366003289718,False,True
CodeStrata,tabular,test,oddbench,g43,35,0.1085,KNN_k3,LOF_k3,0.2855,0.0901,-0.0118,0.1953,0.8253,live,KNN_k3|LOF_k3|KNN|HBOS_b100|HBOS_b50,0.6041496598639455,0.6700680272108843,0.6700680272108843,False,True
CombatStats,tabular,test,ovrbench,g44,36,0.25,PCA_c0.3,IF_n50,0.0841,0.0304,-0.035,0.0537,0.5738,floor,PCA_c0.3|IF_n50|PCA|LOF_k3|PCA_c0.7,0.4942006269592476,0.5219435736677116,0.5219435736677116,False,False
Contaminant-detection-in-packaged-cocoa-hazelnut-spread-jars-using-Microwaves-Sensing-and-Machine-Learning-10.5GHz(Urbinati),tabular,test,ovrbench,g46,35,0.25,KNN_k100,LOF_k200,0.1878,-0.0227,-0.1078,0.2105,0.654,live,KNN_k100|LOF_k200|KNN_k200|LOF_k100|KNN_k50,0.331638418079096,0.3501059322033898,0.3501059322033898,False,True
CourseRegistration,tabular,test,oddbench,g47,36,0.1812,LOF_k3,LOF_k10,0.0623,-0.0397,-0.0691,0.102,0.5907,floor,LOF_k3|LOF_k10|LODA|HBOS_b5|LOF,0.2535411865240697,0.3432279393358711,0.3432279393358711,False,False
CreditCustomerData,tabular,test,ovrbench,g48,36,0.2498,LOF_k200,LODA_b20,0.091,0.0424,-0.0124,0.0486,0.5899,floor,LOF_k200|LODA_b20|LOF_k100|LOF_k50|LOF_k35,0.5536335167521672,0.5199400072953612,0.5536335167521672,False,False
CreditRisk,tabular,test,ovrbench,g49,36,0.0389,LOF_k10,LOF,0.2022,0.0897,0.063,0.1125,0.8297,live,LOF_k10|LOF|LOF_k35|LOF_k50|LOF_k3,0.8599765318096015,0.8634763532472833,0.8634763532472833,True,False
CreditScoringAnomalies,tabular,test,ovrbench,g50,36,0.2496,LOF_k200,LODA_b50,0.0511,-0.0046,-0.0379,0.0557,0.5619,floor,LOF_k200|LODA_b50|LOF_k100|LODA_b20|LOF_k35,0.4845310104707911,0.4622915063142431,0.4845310104707911,False,False
CrimeFraudDetection,tabular,test,oddbench,g51,36,0.25,PCA,PCA_c0.3,0.9024,0.5159,-0.1021,0.3865,0.9905,live,PCA|PCA_c0.3|PCA_c0.7|PCA_c0.99|PCA_c0.9,0.9738297999641012,0.9970423405995094,0.9970423405995094,True,False
CropWeedDetection,tabular,test,ovrbench,g52,35,0.249,LOF_k100,KNN_k3,0.1335,0.0197,-0.0559,0.1138,0.6726,live,LOF_k100|KNN_k3|KNN|LOF_k10|KNN_k10,0.3484154717435835,0.4480359079407157,0.4480359079407157,False,True
CryptoTradingSignals,tabular,test,ovrbench,g54,36,0.249,HBOS_b100,HBOS_b50,0.0268,0.0015,-0.0167,0.0253,0.5478,floor,HBOS_b100|HBOS_b50|HBOS_b20|LOF_k3|HBOS,0.5153821956590123,0.4441019188424032,0.5153821956590123,False,False
CryptojackingSystem,tabular,test,ovrbench,g53,36,0.2498,LOF_k50,LOF_k35,0.3082,0.056,-0.0628,0.2521,0.7322,live,LOF_k50|LOF_k35|LOF|LOF_k10|LOF_k3,0.5207653537427666,0.5680250140003733,0.5680250140003733,False,True
CustomerChurn2,tabular,test,ovrbench,g55,36,0.2498,KNN_k200,KNN_k100,0.2659,0.1047,-0.0841,0.1612,0.7536,live,KNN_k200|KNN_k100|CBLOF|KNN_k50|KNN_k35,0.6661358068747347,0.6709641796226998,0.6709641796226998,False,True
CybersecurityVulnerability,tabular,test,oddbench,g56,36,0.25,COPOD,PCA_c0.99,0.7643,0.4583,0.115,0.306,0.935,live,COPOD|PCA_c0.99|PCA_c0.9|ECOD|LOF_k3,0.943959688735808,0.5933329304892542,0.943959688735808,True,False
DallasShelterOutcomes,tabular,test,oddbench,g57,36,0.0434,KNN_k3,KNN,0.2362,0.0648,-0.0041,0.1714,0.8845,live,KNN_k3|KNN|LOF|LOF_k10|LOF_k35,0.90315059144677,0.6679367606915378,0.90315059144677,True,False
DeveloperSurvey,tabular,test,oddbench,g58,35,0.1334,ECOD,PCA_c0.3,0.1312,0.076,-0.0158,0.0552,0.6287,live,ECOD|PCA_c0.3|COPOD|CBLOF_c32|LOF_k200,0.6377183833116037,0.5700651890482399,0.6377183833116037,False,False
DiabetesMetrics,tabular,test,ovrbench,g59,36,0.25,PCA,IF_n300,0.3328,0.1738,-0.0039,0.1591,0.8376,live,PCA|IF_n300|PCA_c0.7|IForest|PCA_c0.3,0.7516846361185984,0.7847783767595089,0.7847783767595089,False,True
DiabeticRetinopathy,tabular,test,ovrbench,g60,35,0.2466,PCA_c0.3,LOF,-0.0004,-0.043,-0.0818,0.0425,0.5025,floor,PCA_c0.3|LOF|ECOD|LOF_k35|PCA,0.3897701793721972,0.3952914798206278,0.3952914798206278,False,False
DiamondClarity,tabular,test,oddbench,g61,36,0.25,LOF_k3,LOF_k10,0.7592,0.0844,-0.0874,0.6748,0.9112,live,LOF_k3|LOF_k10|LOF|LOF_k35|PCA_c0.3,0.5776251765813846,0.4469902684037042,0.5776251765813846,False,True
DiskHealthPrediction,tabular,test,ovrbench,g62,35,0.1692,LOF_k50,LOF_k10,0.9857,0.5162,0.0037,0.4696,0.9978,live,LOF_k50|LOF_k10|LOF_k35|LOF|KNN_k10,0.8129032258064517,0.9143988269794722,0.9143988269794722,True,False
DragonFlySystem,tabular,test,oddbench,g63,36,0.2465,COPOD,PCA,0.4182,0.1912,0.0594,0.2271,0.7392,live,COPOD|PCA|PCA_c0.3|ECOD|PCA_c0.7,0.3663032073369777,0.6210175457913418,0.6210175457913418,False,True
ECGAnomaly,tabular,test,ovrbench,g65,36,0.2494,LOF_k10,LOF,0.9679,0.7015,0.3941,0.2665,0.9964,live,LOF_k10|LOF|LOF_k35|LOF_k50|KNN_k3,0.9712172657378136,0.9319312726846972,0.9712172657378136,True,False
EEGEyeState,tabular,test,ovrbench,g66,36,0.25,LOF_k3,LOF_k10,0.6864,0.1808,0.0454,0.5056,0.8821,live,LOF_k3|LOF_k10|LOF|KNN_k3|LOF_k35,0.5322811447811449,0.5329394202441078,0.5329394202441078,False,True
ElectionVoterLists,tabular,test,oddbench,g67,36,0.2276,HBOS_b20,HBOS_b50,1.0,0.4135,-0.062,0.5865,1.0,live,HBOS_b20|HBOS_b50|HBOS_b100|HBOS|HBOS_b5,0.9797791613105782,0.998750081452038,0.998750081452038,True,False
ElectronicCommerceAnomalies,tabular,test,ovrbench,g68,35,0.2482,LOF_k3,LOF_k10,0.2745,-0.0186,-0.0859,0.293,0.7232,live,LOF_k3|LOF_k10|LOF|CBLOF_c32|LOF_k35,0.5129839311139739,0.6096684520984473,0.6096684520984473,False,True
EmailSpamDetection,tabular,test,oddbench,g69,36,0.25,HBOS_b100,HBOS_b50,0.5135,0.1789,-0.0163,0.3347,0.818,live,HBOS_b100|HBOS_b50|HBOS_b20|HBOS|HBOS_b5,0.7533309558481184,0.6710006240898689,0.7533309558481184,False,True
EmployeePerformance,tabular,test,ovrbench,g70,35,0.2496,PCA_c0.3,KNN_k3,0.3054,0.1285,-0.0517,0.1768,0.7268,live,PCA_c0.3|KNN_k3|ECOD|LOF_k35|LOF,0.5642971969626739,0.446680347556402,0.5642971969626739,False,True
EnvironmentalConcernSurvey,tabular,test,oddbench,g71,36,0.2495,HBOS_b5,HBOS_b20,0.2511,0.0792,-0.0172,0.172,0.7139,live,HBOS_b5|HBOS_b20|HBOS|PCA_c0.9|HBOS_b50,0.6740396655746828,0.5882293419005578,0.6740396655746828,False,True
EpidemiologyCases,tabular,test,oddbench,g72,36,0.0428,HBOS_b100,HBOS_b50,0.5925,0.3265,0.0157,0.2661,0.9408,live,HBOS_b100|HBOS_b50|HBOS_b20|HBOS_b5|HBOS,0.8607563607563606,0.9197851697851698,0.9197851697851698,True,False
EventOutcome,tabular,test,oddbench,g73,35,0.0375,COPOD,PCA_c0.3,0.0868,0.0394,0.0064,0.0474,0.8409,floor,COPOD|PCA_c0.3|LODA|KNN_k200|KNN_k100,0.7950348970757134,0.7147716229348882,0.7950348970757134,False,False
ExamPerformance,tabular,test,oddbench,g74,35,0.1244,PCA,PCA_c0.7,1.0,0.7314,0.209,0.2686,1.0,live,PCA|PCA_c0.7|PCA_c0.3|HBOS|HBOS_b20,0.944017094017094,0.9938034188034188,0.9938034188034188,True,False
FICO-HELOC-cleaned,tabular,test,ovrbench,g77,35,0.2498,KNN_k200,KNN_k100,0.0547,0.0072,-0.0691,0.0475,0.5654,floor,KNN_k200|KNN_k100|KNN_k50|KNN_k35|CBLOF,0.5571220122290161,0.4679231517509727,0.5571220122290161,False,False
FakeNewsPropagation,tabular,test,ovrbench,g75,36,0.25,HBOS,HBOS_b20,0.3128,0.2035,0.0811,0.1093,0.7982,live,HBOS|HBOS_b20|IF_n300|IForest|KNN_k3,0.6551526067554538,0.7436685659525584,0.7436685659525584,False,True
FantasyFootball,tabular,test,oddbench,g76,35,0.25,PCA_c0.3,PCA,0.6266,0.2459,0.0293,0.3807,0.9507,live,PCA_c0.3|PCA|PCA_c0.99|LOF_k3|PCA_c0.9,0.9676852875684996,0.5038289667272844,0.9676852875684996,True,False
FinancialIndicators1,tabular,test,ovrbench,g78,36,0.25,PCA_c0.3,PCA,0.1212,0.0465,0.0076,0.0747,0.5795,live,PCA_c0.3|PCA|COPOD|IF_n300|IForest,0.5607750720083792,0.5733961770096885,0.5733961770096885,False,False
FinancialMetricsAnomaly,tabular,test,ovrbench,g79,35,0.2498,HBOS_b20,HBOS_b100,0.0489,0.0079,-0.0153,0.041,0.5625,floor,HBOS_b20|HBOS_b100|HBOS|HBOS_b50|HBOS_b5,0.5918437429917023,0.5673840048840049,0.5918437429917023,False,False
FinancialTransaction1,tabular,test,ovrbench,g80,36,0.1611,HBOS,HBOS_b20,0.0553,-0.0063,-0.0386,0.0616,0.6233,floor,HBOS|HBOS_b20|HBOS_b50|HBOS_b100|ECOD,0.4500181635170623,0.5883333459468868,0.5883333459468868,False,False
FinancialTransaction4,tabular,test,ovrbench,g81,36,0.25,LOF_k3,LOF_k10,0.1893,0.0762,-0.0228,0.1131,0.6853,live,LOF_k3|LOF_k10|LOF|KNN_k3|LOF_k100,0.5604565392062593,0.599206610554231,0.599206610554231,False,True
FinancialTransactionAnomalies,tabular,test,oddbench,g82,35,0.25,LOF_k3,HBOS_b100,0.0362,-0.0044,-0.0272,0.0406,0.5236,floor,LOF_k3|HBOS_b100|KNN_k3|LOF_k200|LOF_k50,0.4804659037332305,0.5136972880961566,0.5136972880961566,False,False
FireRiskAnalysis,tabular,test,ovrbench,g83,35,0.1087,COPOD,IF_n300,0.0625,0.031,0.0017,0.0315,0.6284,floor,COPOD|IF_n300|LODA_b50|IForest|HBOS_b5,0.5723316458366292,0.6081755699695899,0.6081755699695899,False,False
FishingAnomalies,tabular,test,oddbench,g84,35,0.1252,LOF_k100,KNN_k3,0.1794,0.0663,-0.022,0.1131,0.7052,live,LOF_k100|KNN_k3|KNN_k35|KNN|KNN_k10,0.5171448292592764,0.5019248763920336,0.5171448292592764,False,True
FootballBetting,tabular,test,ovrbench,g85,35,0.2498,HBOS_b100,HBOS_b50,0.136,-0.0181,-0.1205,0.1541,0.6843,live,HBOS_b100|HBOS_b50|KNN_k100|LOF_k100|KNN_k200,0.4085929647061034,0.9942977388232864,0.9942977388232864,True,False
FootballEfficiency,tabular,test,ovrbench,g86,35,0.2498,LOF_k35,LOF_k50,0.3945,0.2829,0.1321,0.1116,0.7631,live,LOF_k35|LOF_k50|LOF|LOF_k100|LOF_k10,0.6670354142264254,0.7066426378224131,0.7066426378224131,False,True
FootballOutcome,tabular,test,ovrbench,g87,35,0.2485,LOF_k10,LOF,0.9974,0.5399,-0.0757,0.4576,0.9993,live,LOF_k10|LOF|LOF_k3|LOF_k35|LOF_k50,0.869455616609075,0.2506089616495779,0.869455616609075,True,False
FraudEventLog,tabular,test,oddbench,g88,36,0.1741,ECOD,HBOS_b50,0.5055,0.1609,-0.0375,0.3446,0.8298,live,ECOD|HBOS_b50|LOF_k3|HBOS_b100|PCA_c0.3,0.7073101278041624,0.5220544229506932,0.7073101278041624,False,True
GPUPowerProfile,tabular,test,oddbench,g106,36,0.0948,LOF_k10,LOF_k3,0.2595,0.0817,-0.0192,0.1778,0.8698,live,LOF_k10|LOF_k3|LODA_b50|LOF|IF_n50,0.5255050505050505,0.3431818181818181,0.5255050505050505,False,True
GPUResourceUsage,tabular,test,oddbench,g107,36,0.2399,LOF_k50,LOF_k35,0.2685,0.0056,-0.1143,0.2629,0.7465,live,LOF_k50|LOF_k35|LOF_k100|ECOD|LOF,0.5609757235646915,0.3451988403056019,0.5609757235646915,False,True
GamingBehavior,tabular,test,ovrbench,g89,36,0.2275,LOF_k50,LOF_k35,0.721,0.3601,-0.0661,0.3609,0.9491,live,LOF_k50|LOF_k35|LOF_k100|KNN_k10|KNN,0.7982785714285715,0.7920757142857143,0.7982785714285715,False,True
GeneExpressionCoactivator,tabular,test,ovrbench,g90,36,0.25,COPOD,IForest,0.8325,0.5836,0.1635,0.249,0.9497,live,COPOD|IForest|IF_n300|HBOS_b50|HBOS_b20,0.922083112468553,0.9347691647525052,0.9347691647525052,True,False
GeneticAnalysis,tabular,test,oddbench,g91,36,0.1919,HBOS_b100,HBOS_b50,0.1192,0.0172,-0.0404,0.102,0.6356,live,HBOS_b100|HBOS_b50|HBOS_b20|HBOS|ECOD,0.5620290131202902,0.459660199596602,0.5620290131202902,False,True
GeneticMutationAnalysis,tabular,test,ovrbench,g92,36,0.1585,HBOS_b100,HBOS_b50,0.705,0.1668,-0.0073,0.5383,0.8939,live,HBOS_b100|HBOS_b50|HBOS_b20|ECOD|COPOD,0.5918148535564853,0.8628399581589958,0.8628399581589958,True,False
GeneticVariation,tabular,test,oddbench,g93,36,0.2495,KNN_k35,KNN_k50,0.3128,0.232,0.0388,0.0808,0.7173,live,KNN_k35|KNN_k50|PCA_c0.3|CBLOF_c4|KNN_k100,0.7004522753992694,0.6437269283365931,0.7004522753992694,False,False
GenomicSequencing,tabular,test,oddbench,g94,36,0.188,PCA,PCA_c0.9,0.6292,0.1594,-0.0407,0.4698,0.9371,live,PCA|PCA_c0.9|PCA_c0.7|PCA_c0.3|PCA_c0.99,0.9399304838598664,0.8424014040883749,0.9399304838598664,True,False
GeospatialInvestigation,tabular,test,oddbench,g95,36,0.25,PCA_c0.7,PCA,0.4593,0.0918,-0.1163,0.3675,0.8516,live,PCA_c0.7|PCA|LOF_k3|PCA_c0.99|PCA_c0.3,0.8831508678237651,0.4514953271028037,0.8831508678237651,True,False
GeotechnicalAnomalies,tabular,test,ovrbench,g96,36,0.2498,LOF_k3,KNN_k3,0.1026,0.0073,-0.0519,0.0953,0.5972,live,LOF_k3|KNN_k3|KNN|LOF_k10|KNN_k10,0.5028996426678185,0.4848943710364596,0.5028996426678185,False,False
GesturePhaseSegmentationProcessed,tabular,test,ovrbench,g97,36,0.2494,LOF_k10,LOF_k3,0.3464,-0.0425,-0.1099,0.3888,0.7115,live,LOF_k10|LOF_k3|LOF|LOF_k35|LOF_k50,0.3569491525423728,0.2785275423728813,0.3569491525423728,False,True
GlobalTerrorismAttack,tabular,test,oddbench,g105,36,0.2498,PCA_c0.3,HBOS_b5,0.1129,-0.0147,-0.0685,0.1276,0.6243,live,PCA_c0.3|HBOS_b5|HBOS|PCA_c0.9|PCA,0.5439152555813865,0.5073775726133286,0.5439152555813865,False,True
GroceryErrorDept,tabular,test,oddbench,g108,36,0.1549,HBOS_b100,LOF,0.4389,0.3345,0.0758,0.1044,0.8303,live,HBOS_b100|LOF|HBOS_b50|IF_n50|IF_n300,0.7737367985090081,0.7448858089518681,0.7737367985090081,False,True
HIVInfection,tabular,test,ovrbench,g116,35,0.2491,LODA,LOF_k100,0.1372,0.0831,-0.0076,0.0541,0.6245,live,LODA|LOF_k100|CBLOF_c32|KNN_k50|IForest,0.4955043158567775,0.4772018861892583,0.4955043158567775,False,False
HeadingDetection,tabular,test,ovrbench,g110,35,0.2495,CBLOF,KNN_k200,0.1158,-0.0336,-0.0916,0.1494,0.5972,live,CBLOF|KNN_k200|LOF_k200|PCA_c0.3|PCA,0.396328428128491,0.435881345107883,0.435881345107883,False,True
HealthActivityObesity,tabular,test,ovrbench,g111,36,0.2496,KNN_k200,CBLOF,0.0033,-0.0371,-0.1033,0.0404,0.5176,floor,KNN_k200|CBLOF|KNN_k100|CBLOF_c16|HBOS_b5,0.3825840032760739,0.4743833499087072,0.4743833499087072,False,False
HealthBehavior,tabular,test,oddbench,g112,35,0.2495,HBOS_b100,HBOS_b50,0.3007,0.2126,0.1247,0.088,0.7191,live,HBOS_b100|HBOS_b50|IF_n300|IF_n50|HBOS_b20,0.6234660556500741,0.6417595082597003,0.6417595082597003,False,False
HealthMetrics,tabular,test,ovrbench,g113,35,0.1993,KNN_k200,IF_n50,0.142,0.0447,-0.0363,0.0973,0.6691,live,KNN_k200|IF_n50|KNN_k100|IF_n300|IForest,0.6774004683840749,0.5471922228025542,0.6774004683840749,False,False
HealthPulse,tabular,test,oddbench,g114,36,0.0857,IF_n50,COPOD,0.0473,0.0257,0.0035,0.0216,0.622,floor,IF_n50|COPOD|HBOS_b20|HBOS_b50|ECOD,0.5938241584390473,0.5909017666188146,0.5938241584390473,False,False
HeatVulnerability,tabular,test,oddbench,g115,36,0.2447,HBOS_b20,HBOS_b50,0.4733,0.089,-0.0435,0.3843,0.7849,live,HBOS_b20|HBOS_b50|HBOS|HBOS_b100|HBOS_b5,0.6223651960784313,0.7592073621901589,0.7592073621901589,False,True
HomicideCircumstance,tabular,test,oddbench,g117,35,0.0806,KNN_k200,COPOD,0.1751,0.0727,-0.0168,0.1025,0.8184,live,KNN_k200|COPOD|PCA_c0.99|PCA_c0.9|IF_n50,0.5993446737311767,0.7708217140732477,0.7708217140732477,False,True
HospitalReadmissions,tabular,test,oddbench,g118,35,0.0369,LOF_k200,KNN_k3,0.2538,0.1282,0.023,0.1255,0.8773,live,LOF_k200|KNN_k3|KNN|KNN_k35|CBLOF_c32,0.7627795174877607,0.7847108896043753,0.7847108896043753,False,True
HousePriceSales,tabular,test,oddbench,g119,36,0.25,HBOS_b5,HBOS,0.1371,0.057,0.0097,0.0801,0.6148,live,HBOS_b5|HBOS|LOF_k100|LOF_k50|LOF,0.5439814814814814,0.525547138047138,0.5439814814814814,False,False
HumanObjectInteraction,tabular,test,oddbench,g120,35,0.2494,KNN,KNN_k3,0.5696,0.3984,0.1002,0.1712,0.9029,live,KNN|KNN_k3|HBOS_b100|KNN_k10|KNN_k35,0.7945896892079289,0.8939248715229627,0.8939248715229627,True,False
HumanRobotCollaboration,tabular,test,oddbench,g121,35,0.2496,LODA_b20,LODA,0.2355,0.0235,-0.091,0.212,0.7207,live,LODA_b20|LODA|HBOS_b100|CBLOF_c32|KNN_k10,0.5054138082974375,0.6843140103774946,0.6843140103774946,False,True
HurricaneTracks,tabular,test,oddbench,g122,35,0.0353,LOF_k3,LOF_k10,0.7674,0.2405,0.042,0.5269,0.9719,live,LOF_k3|LOF_k10|KNN_k3|KNN|LOF,0.9500858123569794,0.9495852402745996,0.9500858123569794,True,False
ImageSegmentation,tabular,test,ovrbench,g123,36,0.2486,KNN_k10,KNN,0.3216,0.1713,0.01,0.1503,0.7964,live,KNN_k10|KNN|KNN_k3|CBLOF|KNN_k35,0.6369075369075369,0.7072002072002073,0.7072002072002073,False,True
InternetAds,tabular,dev,adbench_dami,g124,36,0.2363,LOF_k3,KNN_k3,0.384,0.1119,-0.0491,0.272,0.728,live,LOF_k3|KNN_k3|PCA|PCA_c0.3|PCA_c0.7,0.6861426767676768,0.5100378787878788,0.6861426767676768,False,True
JobChangePatterns,tabular,test,ovrbench,g128,36,0.2495,LODA_b20,PCA_c0.3,0.3021,0.0857,-0.0332,0.2163,0.7263,live,LODA_b20|PCA_c0.3|HBOS_b5|PCA_c0.7|PCA,0.6413492004685691,0.5860638601913795,0.6413492004685691,False,True
JobMarket,tabular,test,ovrbench,g129,35,0.2339,KNN_k3,LOF_k3,0.825,0.1976,-0.0232,0.6274,0.9453,live,KNN_k3|LOF_k3|KNN|LOF_k10|KNN_k10,0.6295325469637396,0.6313057333024954,0.6313057333024954,False,True
KDD,tabular,test,ovrbench,g130,35,0.25,IF_n50,IForest,0.0369,-0.0075,-0.0426,0.0445,0.5451,floor,IF_n50|IForest|IF_n300|HBOS_b50|ECOD,0.4825296307950492,0.4757971470526536,0.4825296307950492,False,False
KPIData,tabular,test,ovrbench,g133,34,0.0471,HBOS_b50,HBOS_b20,0.0361,0.0052,-0.0127,0.0309,0.573,floor,HBOS_b50|HBOS_b20|HBOS_b100|LODA_b50|HBOS,0.3037491919844861,0.3870120829396847,0.3870120829396847,False,False
KenyaMovement,tabular,test,ovrbench,g131,36,0.1079,LOF_k3,LOF_k10,0.0625,0.0432,0.0187,0.0193,0.6405,floor,LOF_k3|LOF_k10|ECOD|LOF|KNN_k3,0.5832849224215139,0.6263978650787887,0.6263978650787887,False,False
KickstarterCampaigns,tabular,test,ovrbench,g132,34,0.2495,ECOD,COPOD,0.3073,0.0207,-0.1086,0.2866,0.7831,live,ECOD|COPOD|PCA_c0.3|PCA_c0.99|IForest,0.5625280452866659,0.5301183536477654,0.5625280452866659,False,True
LandRarity,tabular,test,oddbench,g134,36,0.2493,HBOS_b50,HBOS_b100,0.1789,-0.016,-0.1083,0.195,0.7072,live,HBOS_b50|HBOS_b100|HBOS_b20|HBOS|LOF_k35,0.4028874175932999,0.5848895113600996,0.5848895113600996,False,True
LandShapeAnomaly,tabular,test,oddbench,g136,36,0.25,IF_n50,IForest,0.2094,0.0768,-0.0203,0.1326,0.6875,live,IF_n50|IForest|IF_n300|COPOD|ECOD,0.6003521126760564,0.6738127882338278,0.6738127882338278,False,True
MalariaDetection,tabular,test,ovrbench,g140,36,0.2496,HBOS_b5,HBOS,0.5153,0.1306,-0.072,0.3847,0.8647,live,HBOS_b5|HBOS|HBOS_b20|CBLOF_c4|HBOS_b50,0.8236957023585086,0.8179196644992497,0.8236957023585086,False,True
MalwareHardwareMetrics,tabular,test,ovrbench,g142,36,0.25,KNN_k3,KNN,0.5304,0.2768,-0.0215,0.2536,0.7959,live,KNN_k3|KNN|KNN_k10|LODA|LODA_b20,0.6062201223787367,0.5721524635094652,0.6062201223787367,False,True
MedicalClassificationAnomalies,tabular,test,oddbench,g144,35,0.2166,IForest,IF_n300,0.9796,0.2866,-0.1212,0.693,0.9967,live,IForest|IF_n300|IF_n50|LOF|LOF_k3,0.882912214306916,0.7642405943900268,0.882912214306916,True,False
MissingInformation1,tabular,test,ovrbench,g148,35,0.25,LODA_b50,LOF_k10,0.4151,0.2075,0.0112,0.2076,0.7882,live,LODA_b50|LOF_k10|LOF_k3|LOF|LOF_k35,0.7869489029903364,0.7796337771141802,0.7869489029903364,False,True
MolecularAnomalies1,tabular,test,ovrbench,g153,36,0.2483,HBOS_b100,HBOS_b50,0.4093,0.1231,-0.0441,0.2863,0.8242,live,HBOS_b100|HBOS_b50|HBOS_b20|HBOS|HBOS_b5,0.7800612052730698,0.7727401129943503,0.7800612052730698,False,True
MolecularBinding,tabular,test,ovrbench,g154,35,0.2493,LOF_k50,LOF_k35,0.8215,0.6856,0.3248,0.1359,0.9413,live,LOF_k50|LOF_k35|LOF_k100|LOF|CBLOF_c32,0.8533150828770719,0.8957098927473187,0.8957098927473187,True,False
MouseInteractionPhase,tabular,test,oddbench,g155,36,0.2496,CBLOF,KNN,1.0,0.6816,-0.049,0.3184,1.0,live,CBLOF|KNN|LOF_k3|KNN_k50|KNN_k200,0.9910139445186176,0.6947337190327844,0.9910139445186176,True,False
MusicGenreAnomaly,tabular,test,oddbench,g158,36,0.0806,LOF_k3,KNN_k3,0.7839,0.1067,-0.006,0.6772,0.9495,live,LOF_k3|KNN_k3|LOF_k10|KNN|LOF,0.676583904109589,0.6162671232876713,0.676583904109589,False,True
NavigationBugReport,tabular,test,oddbench,g160,36,0.1627,IForest,IF_n50,0.7602,0.2903,-0.0242,0.4699,0.9638,live,IForest|IF_n50|IF_n300|PCA_c0.7|PCA_c0.9,0.9550891446626044,0.8929135635296773,0.9550891446626044,True,False
NetworkFlowAnomalies,tabular,test,oddbench,g161,36,0.1314,HBOS_b5,HBOS_b20,0.997,0.255,-0.041,0.742,0.9998,live,HBOS_b5|HBOS_b20|HBOS_b50|HBOS|HBOS_b100,0.9800547377974416,0.8452841827618481,0.9800547377974416,True,False
NetworkHealthMonitor,tabular,test,ovrbench,g162,36,0.2498,LOF,KNN_k3,0.455,0.2942,0.02,0.1608,0.7219,live,LOF|KNN_k3|COPOD|IForest|IF_n50,0.6825244238679141,0.6936588342405516,0.6936588342405516,False,True
NeuroSignalEEG,tabular,test,ovrbench,g163,34,0.2498,HBOS_b100,HBOS_b50,0.3649,0.0404,0.0064,0.3245,0.7621,live,HBOS_b100|HBOS_b50|HBOS_b20|HBOS|HBOS_b5,0.5176996512925802,0.6197979044965334,0.6197979044965334,False,True
OkCupidUserBehavior,tabular,test,oddbench,g164,36,0.2497,KNN_k10,ECOD,0.0835,0.0582,0.0358,0.0253,0.5837,floor,KNN_k10|ECOD|KNN|LODA_b50|LODA,0.5925898283399083,0.59519991470306,0.59519991470306,False,False
OrbitalAnomalies,tabular,test,ovrbench,g178,35,0.2487,HBOS_b100,HBOS_b50,0.7445,0.1917,-0.013,0.5528,0.9337,live,HBOS_b100|HBOS_b50|PCA_c0.3|HBOS_b20|IF_n300,0.6146107390576416,0.6780076536713705,0.6780076536713705,False,True
PTENPhosphatase,tabular,test,oddbench,g203,35,0.184,LOF_k200,CBLOF,0.475,0.2463,0.031,0.2287,0.9168,live,LOF_k200|CBLOF|LOF_k3|LOF_k10|LOF_k100,0.909394801267281,0.7058863767281106,0.909394801267281,True,False
PageBlocks,tabular,dev,adbench_dami,g180,35,0.2376,LOF_k100,LOF_k50,0.6664,0.4547,0.0923,0.2117,0.9241,live,LOF_k100|LOF_k50|LOF_k200|LOF_k35|LOF,0.8996690230440314,0.7401464206340855,0.8996690230440314,True,False
PatientStatusTracking,tabular,test,oddbench,g181,35,0.0436,ECOD,KNN_k3,0.0811,0.0286,-0.0136,0.0525,0.7084,floor,ECOD|KNN_k3|LOF_k50|LOF_k200|LOF_k35,0.5559786207548955,0.6129741746287012,0.6129741746287012,False,False
PatientSurvival1,tabular,test,ovrbench,g182,36,0.2491,HBOS_b100,HBOS_b50,0.4288,0.2721,0.1518,0.1567,0.8029,live,HBOS_b100|HBOS_b50|IF_n300|IForest|COPOD,0.7309110057925223,0.7680358083201685,0.7680358083201685,False,True
PerformanceBenchmark,tabular,test,ovrbench,g184,36,0.2484,HBOS_b100,HBOS_b50,0.6227,0.3008,0.0557,0.3219,0.797,live,HBOS_b100|HBOS_b50|LOF_k10|LOF|IF_n300,0.6192758952806234,0.8021189037737502,0.8021189037737502,False,True
PhysicsTraining,tabular,test,ovrbench,g186,36,0.25,IF_n50,IForest,0.023,0.0011,-0.0138,0.0219,0.5248,floor,IF_n50|IForest|IF_n300|HBOS_b5|LOF_k10,0.523146473571078,0.5161904937438228,0.523146473571078,False,False
PizzaDetection,tabular,test,ovrbench,g187,36,0.1453,LODA,PCA_c0.9,0.0575,0.0232,-0.0168,0.0343,0.5931,floor,LODA|PCA_c0.9|PCA_c0.7|PCA_c0.3|LODA_b50,0.615991935483871,0.8178225806451612,0.8178225806451612,False,False
PokemonBattle,tabular,test,ovrbench,g188,35,0.2072,LOF_k3,LOF_k10,0.2191,0.1138,0.062,0.1052,0.7137,live,LOF_k3|LOF_k10|LOF|HBOS_b50|KNN_k3,0.6592125561566444,0.6672321419264726,0.6672321419264726,False,True
PoliceArrestFraud,tabular,test,oddbench,g189,36,0.0766,LODA,HBOS_b5,0.3478,0.0721,-0.0119,0.2757,0.7612,live,LODA|HBOS_b5|HBOS|HBOS_b100|HBOS_b50,0.4078252032520325,0.661178861788618,0.661178861788618,False,True
PoliceForceDisturbance,tabular,test,oddbench,g190,36,0.2498,KNN_k200,LODA_b50,0.1185,-0.017,-0.1143,0.1355,0.6688,live,KNN_k200|LODA_b50|CBLOF_c4|LOF_k50|LOF_k3,0.5701277218753034,0.3287908079075937,0.5701277218753034,False,True
PoseDetection,tabular,test,ovrbench,g191,35,0.25,HBOS_b5,IF_n300,0.1599,0.0872,0.0396,0.0727,0.643,live,HBOS_b5|IF_n300|IForest|PCA_c0.3|PCA,0.6679539146947122,0.5964523079170319,0.6679539146947122,False,False
PredictiveMaintenance,tabular,test,ovrbench,g193,35,0.1929,KNN_k3,KNN,0.9062,0.7147,0.4255,0.1915,0.9765,live,KNN_k3|KNN|LOF|LOF_k10|LOF_k35,0.8602690582959642,0.9211094502574324,0.9211094502574324,True,False
ProductionRunStatus,tabular,test,oddbench,g194,36,0.0559,KNN_k200,KNN,0.5972,0.1998,-0.0192,0.3975,0.984,live,KNN_k200|KNN|KNN_k10|KNN_k100|KNN_k35,0.957468820861678,0.8593253968253968,0.957468820861678,True,False
ProductionWorkflow,tabular,test,ovrbench,g195,36,0.2492,KNN,LOF_k50,0.0767,0.0351,-0.0318,0.0417,0.5656,floor,KNN|LOF_k50|HBOS_b5|KNN_k3|LOF_k100,0.4754992548435172,0.4975335320417288,0.4975335320417288,False,False
ProgrammingAnomalies,tabular,test,oddbench,g196,36,0.034,KNN_k3,LODA_b50,0.038,-0.0005,-0.0132,0.0385,0.7357,floor,KNN_k3|LODA_b50|KNN|LOF|LOF_k35,0.230151769371568,0.4585684868822453,0.4585684868822453,False,False
PropertyCondition,tabular,test,oddbench,g197,36,0.25,LOF,KNN_k10,0.015,-0.0033,-0.0258,0.0183,0.5315,floor,LOF|KNN_k10|KNN_k35|KNN|KNN_k50,0.4860059444379114,0.5127137347533177,0.5127137347533177,False,False
ProsperLoan,tabular,test,oddbench,g198,36,0.2498,CBLOF_c16,CBLOF_c4,0.0394,0.0197,-0.0262,0.0197,0.5514,floor,CBLOF_c16|CBLOF_c4|KNN_k200|CBLOF|KNN_k100,0.5380846721948691,0.5344070447562285,0.5380846721948691,False,False
ProteinCodonAnalysis,tabular,test,oddbench,g199,36,0.0415,LOF_k3,LOF_k10,0.0493,-0.002,-0.0135,0.0512,0.697,floor,LOF_k3|LOF_k10|LOF_k100|HBOS|LOF,0.344195305951383,0.256798919623731,0.344195305951383,False,False
ProtestViolence,tabular,test,oddbench,g200,36,0.25,HBOS_b100,HBOS_b50,0.6846,0.1512,-0.0306,0.5334,0.9247,live,HBOS_b100|HBOS_b50|HBOS_b20|HBOS|HBOS_b5,0.7496103905495753,0.8023061986773166,0.8023061986773166,False,True
PsychoPrediction,tabular,test,ovrbench,g202,35,0.2498,LODA_b20,HBOS_b5,0.0229,0.0009,-0.0165,0.022,0.5169,floor,LODA_b20|HBOS_b5|HBOS|LODA_b50|HBOS_b100,0.4910369278354128,0.5140231801135566,0.5140231801135566,False,False
RacingMotion,tabular,test,oddbench,g204,35,0.2495,KNN_k3,LOF_k10,0.989,0.4422,-0.0128,0.5468,0.9956,live,KNN_k3|LOF_k10|KNN|LOF|KNN_k10,0.6810453990027394,0.7810707739608584,0.7810707739608584,False,True
RealEstateBlockType,tabular,test,oddbench,g205,36,0.2496,COPOD,IF_n300,0.1317,0.0478,-0.0195,0.0839,0.6429,live,COPOD|IF_n300|IForest|IF_n50|ECOD,0.5364164820960171,0.5110288837318295,0.5364164820960171,False,False
RealEstateData,tabular,test,ovrbench,g206,34,0.2495,HBOS,HBOS_b20,0.3329,0.0082,-0.1303,0.3247,0.8563,live,HBOS|HBOS_b20|HBOS_b50|HBOS_b100|LODA_b50,0.3420122089947452,0.8238439967873952,0.8238439967873952,False,True
RealEstateListings,tabular,test,ovrbench,g207,36,0.2496,ECOD,COPOD,0.0594,-0.0096,-0.036,0.069,0.5431,floor,ECOD|COPOD|IF_n300|LOF_k200|CBLOF_c4,0.502140615495362,0.4609253478763284,0.502140615495362,False,False
RealEstateProperties,tabular,test,oddbench,g208,36,0.0789,LODA_b20,KNN_k200,0.2603,0.1654,0.0073,0.0949,0.8676,live,LODA_b20|KNN_k200|LODA|KNN_k100|COPOD,0.7619571192963166,0.8702209005947322,0.8702209005947322,True,False
RemoteSensingAnomalies,tabular,test,oddbench,g209,35,0.2498,LOF_k3,HBOS_b100,0.8828,0.708,0.4349,0.1748,0.9694,live,LOF_k3|HBOS_b100|LOF_k10|HBOS_b50|PCA,0.9430820249655024,0.868807906802241,0.9430820249655024,True,False
ReviewSentiment,tabular,test,ovrbench,g210,35,0.2224,LOF_k3,LOF_k10,0.939,0.526,-0.0213,0.413,0.9783,live,LOF_k3|LOF_k10|LOF|KNN_k3|LOF_k35,0.8641391391391392,0.7803636970303638,0.8641391391391392,True,False
RulePriorityAnomalies,tabular,test,oddbench,g212,36,0.2493,HBOS_b100,KNN_k200,0.1512,0.0592,-0.0253,0.092,0.6168,live,HBOS_b100|KNN_k200|KNN_k100|KNN_k10|KNN_k3,0.4902257406459088,0.5260294327521219,0.5260294327521219,False,False
Run_or_walk_information,tabular,test,ovrbench,g213,35,0.2498,LOF_k10,LOF_k3,0.5472,0.0785,-0.134,0.4687,0.7933,live,LOF_k10|LOF_k3|LOF|LOF_k35|LOF_k50,0.5277162361020274,0.4853417266187051,0.5277162361020274,False,True
SMSClassification,tabular,test,oddbench,g234,36,0.25,IF_n300,HBOS_b100,0.5674,0.2549,-0.0274,0.3125,0.8903,live,IF_n300|HBOS_b100|IForest|HBOS_b50|IF_n50,0.855027455216491,0.8552074894229904,0.8552074894229904,True,False
SalesOrderPriority,tabular,test,oddbench,g214,36,0.25,LOF_k10,LOF,0.0894,0.0014,-0.0257,0.088,0.5833,floor,LOF_k10|LOF|LOF_k3|LOF_k35|LOF_k50,0.5420629217520182,0.5061943511896073,0.5420629217520182,False,False
SalesPerformance,tabular,test,oddbench,g215,36,0.25,HBOS,HBOS_b20,0.3528,0.2021,0.0318,0.1508,0.8236,live,HBOS|HBOS_b20|HBOS_b100|HBOS_b50|PCA_c0.3,0.6815216033966035,0.8103328962703962,0.8103328962703962,False,True
Satellite,tabular,test,ovrbench,g216,35,0.0295,LOF_k10,LOF_k3,0.4961,0.2528,0.1424,0.2432,0.9466,live,LOF_k10|LOF_k3|LOF|LOF_k35|LOF_k50,0.8689616433959236,0.8278927940940459,0.8689616433959236,True,False
SatelliteAnomaly,tabular,test,oddbench,g217,35,0.0305,LOF_k10,LOF_k3,0.5168,0.2499,0.1463,0.2669,0.9449,live,LOF_k10|LOF_k3|LOF|LODA|IForest,0.8642432996308779,0.8373615792007704,0.8642432996308779,True,False
SchoolTypeAnomaly,tabular,test,oddbench,g218,36,0.0428,LOF_k10,HBOS_b100,0.0499,0.0176,-0.006,0.0323,0.6469,floor,LOF_k10|HBOS_b100|LODA|KNN_k10|CBLOF_c4,0.5517163504968383,0.6531918096958748,0.6531918096958748,False,False
ScientificMeasurement,tabular,test,ovrbench,g219,34,0.2484,LOF_k3,KNN_k3,0.8207,0.1862,-0.0594,0.6345,0.8912,live,LOF_k3|KNN_k3|KNN|LOF_k10|KNN_k10,0.5946764806573092,0.7985107839780897,0.7985107839780897,False,True
SensorAnomaly,tabular,test,ovrbench,g221,36,0.2496,CBLOF_c4,KNN_k200,0.1914,0.0747,0.0302,0.1167,0.5791,live,CBLOF_c4|KNN_k200|CBLOF_c32|KNN_k100|KNN_k50,0.4911492178098676,0.5013748495788207,0.5013748495788207,False,True
SepsisMonitoring,tabular,test,ovrbench,g222,36,0.25,KNN_k3,LOF_k3,0.077,0.0374,-0.0146,0.0396,0.5809,floor,KNN_k3|LOF_k3|KNN|KNN_k100|KNN_k50,0.5039056832361221,0.5379305591828444,0.5379305591828444,False,False
ShillBidding,tabular,test,ovrbench,g224,35,0.2498,HBOS_b50,HBOS_b20,0.7028,0.2499,-0.0339,0.4529,0.9114,live,HBOS_b50|HBOS_b20|HBOS_b100|IF_n300|HBOS,0.8050583887254368,0.906481557153754,0.906481557153754,True,False
ShuttleOperations,tabular,test,ovrbench,g225,36,0.25,LOF_k3,LOF_k50,0.8538,0.3617,-0.0537,0.4922,0.9825,live,LOF_k3|LOF_k50|LOF_k100|LOF_k35|LOF_k10,0.7799906346363048,0.8240436286899124,0.8240436286899124,False,True
SoftwareQualityMetrics,tabular,test,oddbench,g235,36,0.25,COPOD,HBOS,0.2546,0.1725,-0.0191,0.0821,0.6931,live,COPOD|HBOS|HBOS_b100|HBOS_b50|HBOS_b5,0.6712369937404137,0.6932284541723667,0.6932284541723667,False,False
SolarFlare,tabular,test,ovrbench,g236,35,0.2498,HBOS_b100,HBOS_b50,0.3707,0.2062,0.0075,0.1646,0.7737,live,HBOS_b100|HBOS_b50|IF_n300|IForest|HBOS_b20,0.6858561045865029,0.7573179411895546,0.7573179411895546,False,True
SpatialAnomalies,tabular,test,ovrbench,g237,35,0.2496,LOF_k3,LOF_k10,0.4086,0.0817,-0.0313,0.3269,0.7552,live,LOF_k3|LOF_k10|LOF|LOF_k35|KNN_k3,0.5754325883201155,0.5610870069008137,0.5754325883201155,False,True
SpectralImaging,tabular,test,ovrbench,g238,35,0.2496,HBOS_b5,HBOS_b20,0.7324,0.3863,-0.0149,0.3461,0.9331,live,HBOS_b5|HBOS_b20|HBOS_b50|HBOS|HBOS_b100,0.9049721491465944,0.944393652413244,0.944393652413244,True,False
SpeechAnalysis,tabular,test,ovrbench,g240,36,0.209,ECOD,PCA_c0.3,0.5259,0.019,-0.1118,0.5069,0.8875,live,ECOD|PCA_c0.3|PCA|PCA_c0.7|PCA_c0.99,0.8242316720179024,0.3935286534345203,0.8242316720179024,False,True
SpotifyHitPredictor,tabular,test,ovrbench,g241,36,0.2497,ECOD,COPOD,0.434,0.2383,0.0126,0.1956,0.7666,live,ECOD|COPOD|IF_n300|IForest|HBOS_b100,0.6842050209205022,0.7354014121338912,0.7354014121338912,False,True
Stamps,tabular,dev,adbench_dami,g242,34,0.2439,HBOS_b50,HBOS_b100,0.701,0.5316,0.1044,0.1694,0.9425,live,HBOS_b50|HBOS_b100|HBOS_b20|LODA_b50|KNN,0.9265850945494994,0.9477196885428252,0.9477196885428252,True,False
StockMarketAnomaly,tabular,test,ovrbench,g243,36,0.25,LOF_k3,LOF_k10,0.8739,0.3489,-0.0638,0.525,0.9442,live,LOF_k3|LOF_k10|HBOS_b100|HBOS_b50|HBOS_b20,0.8843137254901962,0.4072128851540616,0.8843137254901962,True,False
SwampAnomaly,tabular,test,ovrbench,g255,35,0.2485,LOF_k3,ECOD,0.7876,0.4158,0.1252,0.3718,0.9439,live,LOF_k3|ECOD|PCA_c0.3|LOF_k10|PCA,0.9141260928549894,0.7959187518842328,0.9141260928549894,True,False
SyntheticNumericalBatch,tabular,test,ovrbench,g257,36,0.2498,LOF_k3,LOF_k10,0.2147,0.0079,-0.0639,0.2069,0.6719,live,LOF_k3|LOF_k10|LOF|LOF_k35|LOF_k50,0.5203989793691969,0.5317825886688162,0.5317825886688162,False,True
SystemComponents,tabular,test,ovrbench,g258,36,0.2141,HBOS_b20,HBOS_b100,0.2332,0.1342,-0.0896,0.099,0.7578,live,HBOS_b20|HBOS_b100|HBOS_b50|PCA_c0.99|IF_n300,0.7112075269341392,0.7789206844440111,0.7789206844440111,False,False
SystemFailureCases,tabular,test,oddbench,g259,36,0.2493,KNN_k100,KNN,0.3567,0.2397,0.0025,0.117,0.797,live,KNN_k100|KNN|KNN_k10|KNN_k50|KNN_k200,0.7765548520961906,0.804705788465631,0.804705788465631,False,True
SystemHealth,tabular,test,oddbench,g260,36,0.2495,IForest,IF_n300,0.8676,0.7944,0.0324,0.0732,0.9809,live,IForest|IF_n300|KNN_k3|IF_n50|KNN,0.9661205652584964,0.9750605397157124,0.9750605397157124,True,False
SystemPerformance2,tabular,test,ovrbench,g261,36,0.1876,KNN_k3,LOF_k3,0.6498,0.1952,-0.0496,0.4546,0.8496,live,KNN_k3|LOF_k3|KNN|LOF_k10|LOF_k35,0.7509123931623931,0.536508547008547,0.7509123931623931,False,True
TBAnomalyDetection,tabular,test,oddbench,g262,35,0.2495,COPOD,HBOS_b5,0.3084,0.1475,-0.0592,0.1609,0.7235,live,COPOD|HBOS_b5|KNN_k3|KNN|HBOS,0.6733086242709365,0.6820922058985364,0.6820922058985364,False,True
TextAnomalyDetection,tabular,test,ovrbench,g263,35,0.2126,HBOS_b50,HBOS_b5,-0.0036,-0.0359,-0.0537,0.0323,0.5212,floor,HBOS_b50|HBOS_b5|HBOS_b100|HBOS_b20|CBLOF,0.4501272334254521,0.4960872301420089,0.4960872301420089,False,False
ThermalAnomaly,tabular,test,ovrbench,g264,36,0.2495,HBOS_b100,HBOS_b50,0.8079,0.6857,0.3968,0.1222,0.9805,live,HBOS_b100|HBOS_b50|PCA_c0.7|HBOS_b20|HBOS,0.9845719381688466,0.9239935450993716,0.9845719381688466,True,False
ThyroidFunction,tabular,test,ovrbench,g267,36,0.1909,CBLOF,LODA_b50,0.4719,0.3985,0.1811,0.0734,0.8994,live,CBLOF|LODA_b50|CBLOF_c16|CBLOF_c4|COPOD,0.9121266484121738,0.8954143455134863,0.9121266484121738,True,False
TrafficSensor,tabular,test,ovrbench,g268,36,0.1796,KNN_k3,LOF_k3,0.7171,0.1328,-0.0126,0.5842,0.9164,live,KNN_k3|LOF_k3|KNN|LOF_k10|KNN_k10,0.7916598304621274,0.7927308358399416,0.7927308358399416,False,True
TransactionFeeAnomalies,tabular,test,oddbench,g269,36,0.2062,IF_n50,IForest,0.2439,0.0065,-0.1106,0.2374,0.8256,live,IF_n50|IForest|IF_n300|LOF_k3|CBLOF_c4,0.8810710345519283,0.495311167945439,0.8810710345519283,True,False
TransactionService,tabular,test,oddbench,g270,36,0.2496,ECOD,LOF_k3,0.0722,-0.0194,-0.0785,0.0916,0.6503,floor,ECOD|LOF_k3|LOF|LOF_k10|LOF_k35,0.4618615504277936,0.4800844475721323,0.4800844475721323,False,False
TreadmillStatus,tabular,test,oddbench,g271,35,0.2246,LOF_k200,KNN_k200,0.5395,0.144,-0.08,0.3955,0.8932,live,LOF_k200|KNN_k200|KNN_k100|CBLOF_c16|KNN_k50,0.5648942593387039,0.4852378833860316,0.5648942593387039,False,True
TrialBehavior,tabular,test,oddbench,g272,35,0.2498,PCA_c0.9,PCA_c0.7,0.1052,0.0039,-0.0273,0.1013,0.6528,live,PCA_c0.9|PCA_c0.7|PCA_c0.99|KNN_k200|IF_n300,0.5200070931418186,0.5031945737465089,0.5200070931418186,False,True
TwitterEmotion,tabular,test,ovrbench,g273,36,0.2493,LOF_k35,LOF,0.1291,0.0698,0.0358,0.0592,0.6148,live,LOF_k35|LOF|LOF_k50|LOF_k10|LOF_k100,0.559303665775892,0.5835866261398176,0.5835866261398176,False,False
UrlAnalysis,tabular,test,ovrbench,g381,36,0.2493,LODA_b20,LODA_b50,0.496,0.2232,-0.1125,0.2728,0.8574,live,LODA_b20|LODA_b50|IForest|IF_n300|PCA_c0.3,0.7371703052454807,0.669982136389081,0.7371703052454807,False,True
UserEventAnomalies,tabular,test,oddbench,g382,34,0.1003,HBOS_b100,COPOD,0.8306,0.0343,-0.0334,0.7963,0.9935,live,HBOS_b100|COPOD|HBOS_b20|ECOD|LOF_k200,0.6077390990122862,0.4044567574078535,0.6077390990122862,False,True
UserInteraction1,tabular,test,ovrbench,g383,35,0.1682,IF_n50,IF_n300,0.7901,0.3455,0.0116,0.4446,0.9622,live,IF_n50|IF_n300|IForest|PCA_c0.99|COPOD,0.9045581109727784,0.7380863252464753,0.9045581109727784,True,False
UserMovieInteractions,tabular,test,ovrbench,g384,35,0.2496,HBOS_b5,HBOS,0.0942,-0.0033,-0.0602,0.0976,0.5609,floor,HBOS_b5|HBOS|HBOS_b20|HBOS_b50|HBOS_b100,0.5167750375395599,0.4880004641505837,0.5167750375395599,False,False
UserTrackingAnomalies,tabular,test,oddbench,g385,36,0.25,KNN_k3,KNN,0.4206,0.1116,-0.0392,0.3091,0.7841,live,KNN_k3|KNN|HBOS_b100|LOF_k3|HBOS_b50,0.5405899148277197,0.6786561169183121,0.6786561169183121,False,True
ViralProteinFunction,tabular,test,ovrbench,g387,36,0.25,ECOD,COPOD,0.3301,0.09,0.0031,0.2401,0.6826,live,ECOD|COPOD|PCA_c0.3|PCA|IForest,0.6529814471243043,0.5291465677179963,0.6529814471243043,False,True
VoteOutcome,tabular,test,oddbench,g391,36,0.0724,LOF_k50,LOF_k35,0.6687,0.2189,0.0253,0.4497,0.9548,live,LOF_k50|LOF_k35|LOF|LOF_k10|LOF_k100,0.7606314917958754,0.7573761854583773,0.7606314917958754,False,True
VoteResult,tabular,test,oddbench,g392,35,0.2493,HBOS_b100,HBOS_b50,0.9347,0.5873,-0.0087,0.3474,0.9842,live,HBOS_b100|HBOS_b50|IF_n300|PCA_c0.3|PCA_c0.9,0.9573365692052852,0.9926165620144588,0.9926165620144588,True,False
WaterChemistry,tabular,test,oddbench,g394,36,0.2496,LOF_k10,LOF,0.6943,0.2353,-0.0254,0.459,0.9129,live,LOF_k10|LOF|LOF_k3|LOF_k35|LOF_k50,0.7273397188554481,0.7003639142342669,0.7273397188554481,False,True
WaterMeterAnomaly,tabular,test,oddbench,g395,36,0.2419,LOF,LOF_k10,0.9734,0.258,-0.1348,0.7153,0.9973,live,LOF|LOF_k10|LOF_k35|LOF_k50|LOF_k3,0.5804042145667109,0.255543470365372,0.5804042145667109,False,True
WaterPointFunctionality,tabular,test,oddbench,g396,35,0.0796,ECOD,COPOD,0.0456,0.0074,-0.0144,0.0382,0.6096,floor,ECOD|COPOD|LOF_k10|PCA|LODA,0.4846020308672802,0.4755217870363764,0.4846020308672802,False,False
WaterQualityComplaints,tabular,test,oddbench,g397,36,0.2492,LOF_k100,LOF_k50,0.1598,0.0969,-0.0228,0.0629,0.6261,live,LOF_k100|LOF_k50|KNN_k50|HBOS_b100|KNN_k200,0.5446409546132538,0.5724364893339963,0.5724364893339963,False,False
Waveform,tabular,dev,adbench_dami,g398,35,0.1255,LOF_k10,LOF,0.3718,0.206,0.0346,0.1658,0.7877,live,LOF_k10|LOF|LOF_k35|LOF_k50|KNN_k3,0.6782511210762332,0.7076949427005481,0.7076949427005481,False,True
WeatherEvents,tabular,test,oddbench,g400,36,0.0927,PCA_c0.3,PCA,0.3895,0.1287,-0.0174,0.2607,0.9391,live,PCA_c0.3|PCA|PCA_c0.7|HBOS|PCA_c0.9,0.8997784420608406,0.8351151749604361,0.8997784420608406,True,False
WebTrafficError,tabular,test,oddbench,g402,35,0.1773,IF_n50,IF_n300,0.2916,0.0647,-0.0237,0.2269,0.8326,live,IF_n50|IF_n300|IForest|PCA|PCA_c0.3,0.7512020675561967,0.4720657030091758,0.7512020675561967,False,True
WebpageSessionIntrusion,tabular,test,ovrbench,g401,36,0.0599,LOF_k10,LOF_k3,0.0233,-0.0003,-0.0135,0.0236,0.5929,floor,LOF_k10|LOF_k3|LOF|PCA_c0.3|PCA_c0.9,0.4471477052359405,0.4708548804137039,0.4708548804137039,False,False
WellMetrics,tabular,test,ovrbench,g403,35,0.1434,LOF_k50,KNN_k35,0.6119,0.4407,0.0381,0.1712,0.9007,live,LOF_k50|KNN_k35|KNN_k50|KNN_k10|CBLOF,0.7687984496124031,0.6493540051679587,0.7687984496124031,False,True
Wilt,tabular,dev,adbench_dami,g404,36,0.2197,LOF_k3,LOF_k10,0.176,-0.0425,-0.0862,0.2185,0.6866,live,LOF_k3|LOF_k10|KNN_k3|LOF|HBOS,0.3537276094118248,0.4824412613311398,0.4824412613311398,False,True
WindTurbineFault,tabular,test,oddbench,g407,36,0.0545,LOF_k3,PCA_c0.3,0.0696,-0.0139,-0.027,0.0835,0.6444,floor,LOF_k3|PCA_c0.3|PCA|PCA_c0.7|PCA_c0.9,0.3966327129764367,0.1894386153021368,0.3966327129764367,False,False
WindmillAnomaly,tabular,test,oddbench,g405,36,0.0582,HBOS_b50,HBOS_b100,0.8182,0.1499,-0.0056,0.6683,0.9912,live,HBOS_b50|HBOS_b100|HBOS_b20|HBOS|HBOS_b5,0.7406199285946121,0.8856323704424971,0.8856323704424971,True,False
WindowsEditionAnomaly,tabular,test,oddbench,g406,36,0.0472,IF_n50,IForest,0.4531,0.1668,0.0025,0.2863,0.9659,live,IF_n50|IForest|IF_n300|PCA|PCA_c0.99,0.8990005361108984,0.9512777309744456,0.9512777309744456,True,False
Word2VecPCA,tabular,test,ovrbench,g408,36,0.2496,PCA_c0.3,PCA_c0.99,0.0514,-0.0206,-0.0489,0.072,0.59,floor,PCA_c0.3|PCA_c0.99|PCA_c0.9|PCA_c0.7|PCA,0.506358042152117,0.5172669972087165,0.5172669972087165,False,False
WorkforceDemographics,tabular,test,oddbench,g409,36,0.2374,HBOS_b5,LODA_b50,0.8279,0.3685,-0.1111,0.4594,0.9807,live,HBOS_b5|LODA_b50|PCA|PCA_c0.3|PCA_c0.7,0.9287996863936008,0.922030105221894,0.9287996863936008,True,False
XSSDetection,tabular,test,ovrbench,g410,36,0.2429,HBOS_b5,HBOS_b50,0.4094,0.0966,-0.1176,0.3128,0.8203,live,HBOS_b5|HBOS_b50|ECOD|HBOS|IF_n50,0.7344429165502301,0.6391982336682096,0.7344429165502301,False,True
ZookeeperLogs,tabular,test,oddbench,g411,35,0.1144,LOF_k3,LOF_k10,0.3069,0.0087,-0.0499,0.2982,0.8406,live,LOF_k3|LOF_k10|LOF|KNN_k3|KNN,0.1565227170490328,0.5740918803418803,0.5740918803418803,False,True
ailerons,tabular,test,ovrbench,g2,35,0.2495,HBOS_b5,COPOD,0.3409,0.1663,0.0192,0.1747,0.7486,live,HBOS_b5|COPOD|HBOS_b100|HBOS_b20|IF_n300,0.7132855592863934,0.7282432760927522,0.7282432760927522,False,True
compass,tabular,test,ovrbench,g45,36,0.25,LODA,KNN_k200,0.0973,0.006,-0.0657,0.0914,0.6085,floor,LODA|KNN_k200|LODA_b20|KNN_k100|KNN_k50,0.4838102981767378,0.4632393465377523,0.4838102981767378,False,False
dry_bean_dataset,tabular,test,ovrbench,g64,35,0.1103,COPOD,IForest,0.7681,0.5824,0.2624,0.1858,0.9472,live,COPOD|IForest|LODA_b50|IF_n50|KNN_k200,0.9282163569653212,0.9358267250562196,0.9358267250562196,True,False
guillermo,tabular,test,ovrbench,g109,36,0.2496,HBOS_b20,HBOS,0.0082,-0.008,-0.0375,0.0161,0.5024,floor,HBOS_b20|HBOS|HBOS_b50|HBOS_b100|LODA_b20,0.5162525845368018,0.481571716227792,0.5162525845368018,False,False
internet_firewall,tabular,test,ovrbench,g125,36,0.0255,ECOD,PCA_c0.9,0.345,0.0536,-0.0098,0.2914,0.9768,live,ECOD|PCA_c0.9|PCA_c0.99|PCA_c0.3|PCA,0.8850415512465374,0.4732225300092336,0.8850415512465374,True,False
jannis,tabular,test,ovrbench,g126,35,0.2495,IForest,IF_n300,0.1017,0.0444,-0.0126,0.0574,0.63,live,IForest|IF_n300|HBOS|IF_n50|COPOD,0.5950256680852742,0.6703192113659564,0.6703192113659564,False,False
jasmine,tabular,test,ovrbench,g127,36,0.2487,HBOS,HBOS_b100,0.1858,0.0921,-0.0329,0.0937,0.7352,live,HBOS|HBOS_b100|HBOS_b5|KNN_k200|LODA_b50,0.5816920599529295,0.6785457698501177,0.6785457698501177,False,False
madeline,tabular,test,ovrbench,g139,35,0.2494,CBLOF_c16,CBLOF_c32,0.153,0.0429,-0.0268,0.11,0.6599,live,CBLOF_c16|CBLOF_c32|KNN_k3|KNN|LOF_k3,0.4265806302742616,0.4932588343881857,0.4932588343881857,False,True
malware-analysis-datasets-pe-section-headers,tabular,test,ovrbench,g141,36,0.2496,HBOS_b5,LOF_k50,0.0742,-0.0083,-0.0538,0.0825,0.5841,floor,HBOS_b5|LOF_k50|LOF_k100|LOF_k3|LOF_k35,0.5774095859297652,0.5468289557975656,0.5774095859297652,False,False
mozilla4,tabular,test,ovrbench,g156,36,0.2498,LOF_k100,LOF_k200,0.5672,0.1121,-0.1191,0.4551,0.8152,live,LOF_k100|LOF_k200|LOF_k50|ECOD|LOF_k35,0.5492727272727272,0.2286027272727273,0.5492727272727272,False,True
ozone-level-8hr,tabular,test,ovrbench,g179,35,0.25,LOF,LOF_k10,0.1577,-0.0167,-0.088,0.1744,0.6003,live,LOF|LOF_k10|LOF_k3|LOF_k35|LOF_k50,0.4693618421052632,0.48275,0.48275,False,True
page-blocks,tabular,test,ovrbench,g180,36,0.2363,LOF,LOF_k35,0.7072,0.3286,-0.0545,0.3786,0.9283,live,LOF|LOF_k35|HBOS_b20|LOF_k50|LOF_k10,0.9109400346429848,0.7552019466058123,0.9109400346429848,True,False
philippine,tabular,test,ovrbench,g185,36,0.2494,COPOD,IF_n300,0.2361,0.1034,0.0164,0.1327,0.685,live,COPOD|IF_n300|ECOD|HBOS_b100|IForest,0.5513529570879302,0.6903945360047915,0.6903945360047915,False,True
rice_cammeo_and_osmancik,tabular,test,ovrbench,g211,35,0.1501,COPOD,IF_n50,0.5232,0.3291,0.0798,0.1941,0.8922,live,COPOD|IF_n50|IForest|LODA_b50|IF_n300,0.8955454846910578,0.8897977230021001,0.8955454846910578,True,False
seismic-bumps,tabular,test,ovrbench,g220,36,0.2492,KNN,KNN_k50,0.2441,0.1521,0.0208,0.092,0.7429,live,KNN|KNN_k50|KNN_k35|KNN_k10|KNN_k3,0.6098472319208106,0.6523392994964902,0.6523392994964902,False,False
sf-police-incidents,tabular,test,ovrbench,g223,35,0.2498,KNN_k100,KNN_k200,0.0854,0.0472,0.0039,0.0382,0.5749,floor,KNN_k100|KNN_k200|KNN_k50|KNN_k35|KNN_k10,0.5155013413816231,0.4974024703778225,0.5155013413816231,False,False
students_dropout_and_academic_success,tabular,test,ovrbench,g244,36,0.2496,LOF_k3,LOF_k10,0.3484,0.2199,0.109,0.1285,0.756,live,LOF_k3|LOF_k10|LODA_b20|LOF_k50|LOF_k35,0.7329547950621622,0.7536609117134532,0.7536609117134532,False,True
thyroid-ann,tabular,test,ovrbench,g266,35,0.2259,HBOS_b50,HBOS_b100,0.589,0.2249,0.0103,0.3641,0.922,live,HBOS_b50|HBOS_b100|IF_n300|HBOS_b20|IForest,0.8430976258698323,0.904683936611894,0.904683936611894,True,False
visualizing_soil,tabular,test,ovrbench,g388,36,0.2427,HBOS_b100,HBOS_b50,0.8996,0.2953,0.0134,0.6043,0.95,live,HBOS_b100|HBOS_b50|HBOS_b20|HBOS|HBOS_b5,0.6993728284653524,0.8996916888711933,0.8996916888711933,True,False
volcanoes-a4,tabular,test,ovrbench,g389,34,0.25,LODA_b50,LODA,0.6153,0.2112,-0.0509,0.4042,0.8799,live,LODA_b50|LODA|LODA_b20|HBOS|HBOS_b20,0.7658210583742499,0.8854531992829865,0.8854531992829865,True,False
volkert,tabular,test,ovrbench,g390,35,0.1913,HBOS_b5,HBOS,0.8426,0.6101,0.2953,0.2324,0.9462,live,HBOS_b5|HBOS|HBOS_b20|HBOS_b50|COPOD,0.6898981015076002,0.9390918863214378,0.9390918863214378,True,False
waveform_database_generator_version_1,tabular,test,ovrbench,g399,35,0.2494,PCA_c0.3,IF_n300,0.5196,0.4507,0.3459,0.0689,0.8136,live,PCA_c0.3|IF_n300|IForest|KNN_k200|HBOS_b50,0.7298275862068965,0.8165922920892494,0.8165922920892494,False,False
