dataset,modality,n_hard,inside,edge,outside,between,med_radial,med_recon,med_density
AquaticMacroInverts,tabular,293,0.4232081911262799,0.03754266211604096,0.006825938566552901,0.5324232081911263,90.62950504565113,92.5036040365209,95.33877943296491
ArchaeologicalAnomalies,tabular,118,0.9576271186440678,0.025423728813559324,0.0,0.01694915254237288,58.70646766169154,30.34825870646766,47.86069651741294
ArtCollections,tabular,22,0.9545454545454546,0.045454545454545456,0.0,0.0,69.33757109401138,64.00133824021412,68.94446303111408
AustinCrime,tabular,160,0.6375,0.33125,0.0125,0.01875,76.09866436880655,62.99009047824213,76.60491167600173
BarExamPrediction,tabular,297,0.5723905723905723,0.08080808080808081,0.09764309764309764,0.24915824915824916,85.4481546572935,64.37609841827768,86.32688927943761
BaseballBattedBall,tabular,94,0.7021276595744681,0.05319148936170213,0.0,0.24468085106382978,75.85697399527187,70.56737588652483,82.86052009456264
BaseballPitchingAnomalies,tabular,20,0.55,0.0,0.0,0.45,77.49233128834356,53.45092024539878,83.70398773006134
BuildingEnergyCompliance,tabular,110,0.9636363636363636,0.00909090909090909,0.0,0.02727272727272727,55.93893768297784,46.340443329150986,55.89711417816814
BuildingInspections,tabular,642,0.7149532710280374,0.14174454828660435,0.04984423676012461,0.09345794392523364,89.31839402427639,36.74136321195145,97.16153127917833
BusTracking,tabular,246,0.7723577235772358,0.036585365853658534,0.11788617886178862,0.07317073170731707,63.77816291161178,49.79780473714616,83.88214904679376
BusinessProcessFraud,tabular,129,0.5426356589147286,0.15503875968992248,0.046511627906976744,0.2558139534883721,87.72571986334798,89.11664226451927,88.60419716935091
CasePriority,tabular,53,0.4528301886792453,0.2641509433962264,0.0,0.2830188679245283,90.6360722119116,92.44137000168719,92.55947359541084
CellMorphology,tabular,75,0.06666666666666667,0.0,0.56,0.37333333333333335,99.16666666666667,47.05128205128205,96.53846153846153
CityTreeCondition,tabular,48,0.5208333333333334,0.125,0.0,0.3541666666666667,87.51084128360799,77.1899392888118,87.16392020815265
AbstractAnomalyBatch,tabular,135,0.8296296296296296,0.02962962962962963,0.014814814814814815,0.1259259259259259,61.4256480218281,49.60777626193724,67.2237380627558
ActivityRecognition,tabular,138,0.0,0.0,1.0,0.0,99.43310657596372,96.48526077097506,99.09297052154194
AirPressure,tabular,61,0.03278688524590164,0.2459016393442623,0.45901639344262296,0.26229508196721313,98.93129770992365,97.4724342663274,98.91433418150976
AmazonReviewAnomalies,tabular,782,0.5524296675191815,0.2608695652173913,0.10485933503836317,0.08184143222506395,88.85356646135506,92.62865090403338,93.31412676336181
BCellImmunity,tabular,349,0.8051575931232091,0.017191977077363897,0.025787965616045846,0.1518624641833811,65.28515763372299,54.88841657810839,78.09068366985477
BatchProcessingEvents,tabular,912,0.668859649122807,0.1206140350877193,0.08333333333333333,0.12719298245614036,59.89337707607136,62.03608775886816,60.652040188640555
BoundingBoxClassification,tabular,278,0.17266187050359713,0.16906474820143885,0.44964028776978415,0.20863309352517986,98.74526986656045,91.4758016331408,98.75522804222267
BoxTracking,tabular,47,0.02127659574468085,0.40425531914893614,0.40425531914893614,0.1702127659574468,98.57310398749023,98.92494136043784,98.94448788115714
001_UCR_Anomaly_DISTORTED1sddb40_35000_52000_52620.txt,ts,43,0.5348837209302325,0.023255813953488372,0.2558139534883721,0.18604651162790697,83.25183374083129,76.9763651181744,84.10757946210269
003_UCR_Anomaly_DISTORTED3sddb40_35000_46600_46900.txt,ts,23,0.043478260869565216,0.0,0.9130434782608695,0.043478260869565216,99.91915925626516,100.0,99.7978981406629
007_UCR_Anomaly_DISTORTEDCIMIS44AirTemperature3_4000_6520_6544.txt,ts,6,0.3333333333333333,0.0,0.5,0.16666666666666666,98.50597609561754,97.50996015936255,96.41434262948206
009_UCR_Anomaly_DISTORTEDCIMIS44AirTemperature5_4000_4852_4900.txt,ts,7,0.2857142857142857,0.0,0.7142857142857143,0.0,100.0,98.40319361277446,100.0
013_UCR_Anomaly_DISTORTEDECG3_15000_16000_16100.txt,ts,10,0.5,0.0,0.5,0.0,94.14607948442534,85.28464017185821,87.75510204081633
014_UCR_Anomaly_DISTORTEDECG3_8000_17000_17100.txt,ts,10,0.5,0.0,0.4,0.1,82.76047261009666,84.31793770139635,85.12352309344791
020_UCR_Anomaly_DISTORTEDGP711MarkerLFM5z2_5000_7175_7388.txt,ts,17,0.8823529411764706,0.058823529411764705,0.0,0.058823529411764705,69.04109589041096,33.28767123287671,61.64383561643836
026_UCR_Anomaly_DISTORTEDInternalBleeding15_1700_5684_5854.txt,ts,14,0.5,0.0,0.14285714285714285,0.35714285714285715,92.13973799126637,65.93886462882095,85.48034934497815
035_UCR_Anomaly_DISTORTEDInternalBleeding8_2500_5865_5974.txt,ts,11,0.9090909090909091,0.0,0.0,0.09090909090909091,62.77533039647577,50.22026431718062,48.01762114537445
036_UCR_Anomaly_DISTORTEDInternalBleeding9_4200_6599_6681.txt,ts,9,1.0,0.0,0.0,0.0,20.394736842105264,65.13157894736842,46.05263157894737
043_UCR_Anomaly_DISTORTEDMesoplodonDensirostris_10000_19280_19440.txt,ts,14,0.35714285714285715,0.6428571428571429,0.0,0.0,93.50393700787401,96.78477690288713,94.09448818897637
052_UCR_Anomaly_DISTORTEDTkeepThirdMARS_3500_4711_4809.txt,ts,10,0.3,0.0,0.0,0.7,93.43434343434343,93.29004329004329,88.74458874458875
056_UCR_Anomaly_DISTORTEDapneaecg3_5000_11111_11211.txt,ts,10,0.0,0.0,0.9,0.1,100.0,100.0,100.0
058_UCR_Anomaly_DISTORTEDapneaecg_10000_12240_12308.txt,ts,8,0.375,0.0,0.25,0.375,92.86012526096033,82.19206680584551,92.17118997912317
059_UCR_Anomaly_DISTORTEDgait1_20000_38500_38800.txt,ts,23,0.9565217391304348,0.043478260869565216,0.0,0.0,73.76717865804365,48.98949070331447,73.20129345189976
060_UCR_Anomaly_DISTORTEDgait2_22000_46500_46800.txt,ts,23,0.782608695652174,0.043478260869565216,0.0,0.17391304347826086,50.0,49.393694421988684,66.65319320937752
062_UCR_Anomaly_DISTORTEDgaitHunt1_18500_33070_33180.txt,ts,11,0.36363636363636365,0.0,0.36363636363636365,0.2727272727272727,96.33950120675784,85.27755430410298,92.59855189058729
063_UCR_Anomaly_DISTORTEDgaitHunt2_18500_31200_31850.txt,ts,45,0.6888888888888889,0.022222222222222223,0.1111111111111111,0.17777777777777778,65.90538336052202,45.88091353996737,64.76345840130506
066_UCR_Anomaly_DISTORTEDinsectEPG2_3700_8000_8025.txt,ts,5,0.0,0.0,0.8,0.2,100.0,100.0,99.67532467532467
072_UCR_Anomaly_DISTORTEDltstdbs30791ES_20000_52600_52800.txt,ts,16,0.4375,0.125,0.1875,0.25,94.21604191858123,87.16243450221685,92.88593309149536
