dataset,corpus,mz_rule_auc,hbos_rule_auc,worst
001_UCR_Anomaly_DISTORTED1sddb40_35000_52000_52620.txt,ucr,0.5802790697674418,0.561767441860465,0.5802790697674418
003_UCR_Anomaly_DISTORTED3sddb40_35000_46600_46900.txt,ucr,0.9718260869565217,0.9625217391304347,0.9718260869565217
006_MSL_id_5_Sensor_tr_1150_1st_1250.csv,tsbad_m,0.6354425144747726,0.47477253928866825,0.6354425144747726
007_UCR_Anomaly_DISTORTEDCIMIS44AirTemperature3_4000_6520_6544.txt,ucr,0.9107142857142857,0.814625850340136,0.9107142857142857
009_UCR_Anomaly_DISTORTEDCIMIS44AirTemperature5_4000_4852_4900.txt,ucr,0.7843137254901961,0.8319327731092436,0.8319327731092436
013_UCR_Anomaly_DISTORTEDECG3_15000_16000_16100.txt,ucr,0.4085561497326203,0.7529411764705882,0.7529411764705882
014_UCR_Anomaly_DISTORTEDECG3_8000_17000_17100.txt,ucr,0.5427807486631016,0.6770053475935829,0.6770053475935829
020_MITDB_id_2_Medical_tr_50000_1st_52315.csv,tsbad_m,0.5845,0.6887432432432432,0.6887432432432432
020_UCR_Anomaly_DISTORTEDGP711MarkerLFM5z2_5000_7175_7388.txt,ucr,0.30196078431372547,0.3458823529411765,0.3458823529411765
023_MITDB_id_5_Medical_tr_25000_1st_36913.csv,tsbad_m,0.7865757575757577,0.7758181818181817,0.7865757575757577
026_UCR_Anomaly_DISTORTEDInternalBleeding15_1700_5684_5854.txt,ucr,0.6246200607902737,0.6747720364741641,0.6747720364741641
027_MITDB_id_9_Medical_tr_25000_1st_52255.csv,tsbad_m,0.6001290322580645,0.7238709677419354,0.7238709677419354
033_GHL_id_2_Sensor_tr_50000_1st_51001.csv,tsbad_m,0.21489430894308947,0.08086178861788618,0.21489430894308947
035_UCR_Anomaly_DISTORTEDInternalBleeding8_2500_5865_5974.txt,ucr,0.5594405594405595,0.5274725274725275,0.5594405594405595
036_UCR_Anomaly_DISTORTEDInternalBleeding9_4200_6599_6681.txt,ucr,0.3849206349206349,0.4841269841269841,0.4841269841269841
038_GHL_id_7_Sensor_tr_50000_1st_100001.csv,tsbad_m,0.44179646017699115,0.10561061946902653,0.44179646017699115
041_GHL_id_10_Sensor_tr_50000_1st_57001.csv,tsbad_m,0.19047580645161288,0.07337096774193551,0.19047580645161288
042_GHL_id_11_Sensor_tr_50000_1st_150001.csv,tsbad_m,0.4147884615384615,0.1374423076923077,0.4147884615384615
043_GHL_id_12_Sensor_tr_39938_1st_40038.csv,tsbad_m,0.5073913043478261,0.3863478260869565,0.5073913043478261
043_UCR_Anomaly_DISTORTEDMesoplodonDensirostris_10000_19280_19440.txt,ucr,0.7887291280148423,0.7409554730983302,0.7887291280148423
045_GHL_id_14_Sensor_tr_50000_1st_85076.csv,tsbad_m,0.5199333333333334,0.4655666666666667,0.5199333333333334
052_GHL_id_21_Sensor_tr_50000_1st_98001.csv,tsbad_m,0.37193846153846155,0.3803692307692308,0.3803692307692308
052_UCR_Anomaly_DISTORTEDTkeepThirdMARS_3500_4711_4809.txt,ucr,0.6664285714285715,0.7164285714285714,0.7164285714285714
056_UCR_Anomaly_DISTORTEDapneaecg3_5000_11111_11211.txt,ucr,0.9751565762004176,0.9306889352818373,0.9751565762004176
057_SMD_id_1_Facility_tr_4529_1st_4629.csv,tsbad_m,0.8151747153513937,0.8987534354142128,0.8987534354142128
058_UCR_Anomaly_DISTORTEDapneaecg_10000_12240_12308.txt,ucr,0.6348958333333333,0.7002604166666666,0.7002604166666666
059_UCR_Anomaly_DISTORTEDgait1_20000_38500_38800.txt,ucr,0.4732173913043478,0.5635652173913044,0.5635652173913044
060_UCR_Anomaly_DISTORTEDgait2_22000_46500_46800.txt,ucr,0.4400869565217391,0.5413043478260869,0.5413043478260869
062_UCR_Anomaly_DISTORTEDgaitHunt1_18500_33070_33180.txt,ucr,0.7187272727272728,0.8281818181818182,0.8281818181818182
063_SMD_id_7_Facility_tr_5923_1st_6506.csv,tsbad_m,0.8727152165138673,0.854638759153549,0.8727152165138673
063_UCR_Anomaly_DISTORTEDgaitHunt2_18500_31200_31850.txt,ucr,0.5364,0.6174222222222222,0.6174222222222222
066_UCR_Anomaly_DISTORTEDinsectEPG2_3700_8000_8025.txt,ucr,0.9747899159663865,0.9613445378151261,0.9747899159663865
068_SMD_id_12_Facility_tr_1099_1st_1199.csv,tsbad_m,0.8995168672656382,0.889303271740973,0.8995168672656382
070_SMD_id_14_Facility_tr_1070_1st_1170.csv,tsbad_m,0.8962859507552244,0.9158390233809228,0.9158390233809228
072_UCR_Anomaly_DISTORTEDltstdbs30791ES_20000_52600_52800.txt,ucr,0.6487499999999999,0.634625,0.6487499999999999
073_UCR_Anomaly_DISTORTEDpark3m_60000_72150_72495.txt,ucr,0.52744,0.534,0.534
075_SMD_id_19_Facility_tr_564_1st_664.csv,tsbad_m,0.5849151717424559,0.6149701015157837,0.6149701015157837
078_UCR_Anomaly_DISTORTEDresperation1_100000_110260_110412.txt,ucr,0.7924615384615384,0.7732307692307693,0.7924615384615384
083_LTDB_id_5_Medical_tr_15502_1st_15602.csv,tsbad_m,0.8298853038910923,0.8090899346124987,0.8298853038910923
086_UCR_Anomaly_DISTORTEDsddb49_20000_67950_68200.txt,ucr,0.4925,0.5370999999999999,0.5370999999999999
089_UCR_Anomaly_DISTORTEDtiltAPB1_100000_114283_114350.txt,ucr,0.58175,0.573,0.58175
093_UCR_Anomaly_NOISE1sddb40_35000_52000_52620.txt,ucr,0.5717209302325581,0.5700930232558139,0.5717209302325581
095_SVDB_id_12_Medical_tr_6264_1st_6364.csv,tsbad_m,0.6802728040770719,0.7080505818548497,0.7080505818548497
096_SVDB_id_13_Medical_tr_500_1st_444.csv,tsbad_m,0.6134860883797053,0.6312765957446809,0.6312765957446809
097_UCR_Anomaly_NOISEGP711MarkerLFM5z3_5000_5948_5993.txt,ucr,0.44000000000000006,0.4152380952380952,0.44000000000000006
099_UCR_Anomaly_NOISEInternalBleeding6_1500_3474_3629.txt,ucr,0.7781376518218623,0.6558704453441296,0.7781376518218623
100_SVDB_id_17_Medical_tr_17803_1st_17903.csv,tsbad_m,0.7951739130434783,0.7864130434782609,0.7951739130434783
102_UCR_Anomaly_NOISEMesoplodonDensirostris_10000_19280_19440.txt,ucr,0.7200834879406308,0.7163729128014842,0.7200834879406308
103_UCR_Anomaly_NOISETkeepThirdMARS_3500_4711_4809.txt,ucr,0.6921428571428572,0.6535714285714286,0.6921428571428572
105_SVDB_id_22_Medical_tr_500_1st_417.csv,tsbad_m,0.7652414181371023,0.6850637806124715,0.7652414181371023
106_UCR_Anomaly_NOISEgaitHunt2_18500_31200_31850.txt,ucr,0.4895777777777778,0.6958222222222222,0.6958222222222222
107_UCR_Anomaly_NOISEinsectEPG3_5200_7000_7050.txt,ucr,0.6491935483870968,0.695852534562212,0.695852534562212
111_UCR_Anomaly_3sddb40_35000_46600_46900.txt,ucr,0.9791739130434782,0.9732173913043479,0.9791739130434782
114_UCR_Anomaly_CIMIS44AirTemperature2_4000_5703_5727.txt,ucr,0.8372549019607843,0.8568627450980392,0.8568627450980392
115_PSM_id_1_Facility_tr_50000_1st_129872.csv,tsbad_m,0.7539143723225694,0.5472762231630633,0.7539143723225694
115_UCR_Anomaly_CIMIS44AirTemperature3_4000_6520_6544.txt,ucr,0.9013605442176871,0.8350340136054422,0.9013605442176871
117_UCR_Anomaly_CIMIS44AirTemperature5_4000_4852_4900.txt,ucr,0.8207282913165266,0.8403361344537815,0.8403361344537815
121_UCR_Anomaly_ECG3_15000_16000_16100.txt,ucr,0.5533422459893048,0.8016042780748662,0.8016042780748662
122_UCR_Anomaly_ECG3_8000_17000_17100.txt,ucr,0.6231283422459893,0.763903743315508,0.763903743315508
130_OPPORTUNITY_id_2_HumanActivity_tr_1045_1st_1145.csv,tsbad_m,0.7566287878787878,0.32670454545454547,0.7566287878787878
131_OPPORTUNITY_id_3_HumanActivity_tr_7016_1st_26691.csv,tsbad_m,0.6201190476190477,0.28321428571428575,0.6201190476190477
132_OPPORTUNITY_id_4_HumanActivity_tr_895_1st_995.csv,tsbad_m,0.5214421252371917,0.503225806451613,0.5214421252371917
133_OPPORTUNITY_id_5_HumanActivity_tr_1745_1st_6500.csv,tsbad_m,0.9976744186046511,0.8046511627906976,0.9976744186046511
134_OPPORTUNITY_id_6_HumanActivity_tr_1477_1st_1577.csv,tsbad_m,0.7032085561497327,0.4784039489921843,0.7032085561497327
145_SMAP_id_2_Sensor_tr_2133_1st_5400.csv,tsbad_m,0.7596533567354102,0.6744186046511628,0.7596533567354102
151_UCR_Anomaly_MesoplodonDensirostris_10000_19280_19440.txt,ucr,0.778061224489796,0.7421150278293136,0.778061224489796
157_UCR_Anomaly_TkeepFirstMARS_3500_5365_5380.txt,ucr,0.6971830985915493,0.7169014084507043,0.7169014084507043
160_SMAP_id_17_Sensor_tr_1832_1st_5300.csv,tsbad_m,0.8006524725274725,0.837912087912088,0.837912087912088
160_UCR_Anomaly_TkeepThirdMARS_3500_4711_4809.txt,ucr,0.6799999999999999,0.6685714285714286,0.6799999999999999
164_UCR_Anomaly_apneaecg3_5000_11111_11211.txt,ucr,0.9744258872651358,0.9473903966597078,0.9744258872651358
166_UCR_Anomaly_apneaecg_10000_12240_12308.txt,ucr,0.6824218750000001,0.73203125,0.73203125
167_UCR_Anomaly_gait1_20000_38500_38800.txt,ucr,0.5417391304347825,0.5418260869565217,0.5418260869565217
168_UCR_Anomaly_gait2_22000_46500_46800.txt,ucr,0.5263478260869565,0.529391304347826,0.529391304347826
170_UCR_Anomaly_gaitHunt1_18500_33070_33180.txt,ucr,0.762,0.8458181818181819,0.8458181818181819
171_SWaT_id_1_Sensor_tr_3749_1st_9522.csv,tsbad_m,0.6511627906976745,0.6806515818143726,0.6806515818143726
171_UCR_Anomaly_gaitHunt2_18500_31200_31850.txt,ucr,0.5794222222222222,0.6984,0.6984
181_UCR_Anomaly_park3m_60000_72150_72495.txt,ucr,0.5628,0.628,0.628
197_UCR_Anomaly_tiltAPB1_100000_114283_114350.txt,ucr,0.7627499999999999,0.68875,0.7627499999999999
202_UCR_Anomaly_CHARISfive_10411_10998_11028.txt,ucr,0.996,0.8673333333333333,0.996
207_UCR_Anomaly_CHARISten_3165_26929_26989.txt,ucr,0.8007745266781411,0.7283419391853128,0.8007745266781411
221_UCR_Anomaly_STAFFIIIDatabase_45616_163632_164852.txt,ucr,0.6641111111111111,0.7015061728395062,0.7015061728395062
222_UCR_Anomaly_mit14046longtermecg_56123_91200_91700.txt,ucr,0.8700571428571429,0.8167428571428572,0.8700571428571429
223_UCR_Anomaly_mit14046longtermecg_74123_131200_131700.txt,ucr,0.6845142857142856,0.5510857142857143,0.6845142857142856
228_MGAB_id_4_Synthetic_tr_25000_1st_38948.csv,tsbad_u,0.5465192465192465,0.6087360087360087,0.6087360087360087
229_MGAB_id_5_Synthetic_tr_25000_1st_33098.csv,tsbad_u,0.4976348465935221,0.5458905459562446,0.5458905459562446
230_MGAB_id_6_Synthetic_tr_25000_1st_42441.csv,tsbad_u,0.48156565656565653,0.4954545454545454,0.4954545454545454
239_UCR_Anomaly_taichidbS0715Master_190037_593450_593514.txt,ucr,0.9205,0.917625,0.9205
240_UCR_Anomaly_taichidbS0715Master_240030_884100_884200.txt,ucr,0.7438,0.8641,0.8641
244_UCR_Anomaly_tilt12754table_100013_104630_104890.txt,ucr,0.682952380952381,0.6327619047619047,0.682952380952381
248_UCR_Anomaly_weallwalk_2000_4702_4707.txt,ucr,0.5173076923076924,0.3519230769230769,0.5173076923076924
302_Power_id_1_Facility_tr_7685_1st_7785.csv,tsbad_u,0.46556876175127593,0.5334407735697019,0.5334407735697019
314_UCR_id_12_HumanActivity_tr_16250_1st_38500.csv,tsbad_u,0.47130434782608704,0.5730434782608695,0.5730434782608695
345_UCR_id_43_Facility_tr_25000_1st_44630.csv,tsbad_u,0.6566666666666666,0.54,0.6566666666666666
368_UCR_id_66_Facility_tr_50000_1st_125720.csv,tsbad_u,0.6059777777777777,0.6300444444444444,0.6300444444444444
381_UCR_id_79_HumanActivity_tr_16000_1st_31200.csv,tsbad_u,0.47815555555555556,0.6917777777777778,0.6917777777777778
416_UCR_id_114_Medical_tr_50000_1st_91200.csv,tsbad_u,0.8697142857142857,0.8021142857142858,0.8697142857142857
430_UCR_id_128_HumanActivity_tr_12500_1st_46500.csv,tsbad_u,0.47627272727272724,0.5496363636363637,0.5496363636363637
433_UCR_id_131_Facility_tr_50000_1st_106720.csv,tsbad_u,0.5827777777777777,0.6414666666666666,0.6414666666666666
461_UCR_id_159_Medical_tr_45096_1st_131200.csv,tsbad_u,0.6818285714285715,0.5553142857142856,0.6818285714285715
529_UCR_id_227_Facility_tr_19948_1st_52000.csv,tsbad_u,0.5785581395348838,0.5751627906976744,0.5785581395348838
842_OPPORTUNITY_id_1_HumanActivity_tr_7295_1st_27516.csv,tsbad_u,0.9460439560439561,0.9660439560439561,0.9660439560439561
848_OPPORTUNITY_id_7_HumanActivity_tr_1477_1st_1577.csv,tsbad_u,0.9851162790697675,0.9603100775193799,0.9851162790697675
850_OPPORTUNITY_id_9_HumanActivity_tr_895_1st_995.csv,tsbad_u,0.9503856942496495,0.8872720897615709,0.9503856942496495
854_OPPORTUNITY_id_13_HumanActivity_tr_1477_1st_1577.csv,tsbad_u,0.9939534883720931,0.9150387596899225,0.9939534883720931
863_OPPORTUNITY_id_22_HumanActivity_tr_808_1st_908.csv,tsbad_u,1.0,0.9633458646616542,1.0
867_OPPORTUNITY_id_26_HumanActivity_tr_808_1st_908.csv,tsbad_u,0.837171052631579,0.7551691729323308,0.837171052631579
868_OPPORTUNITY_id_27_HumanActivity_tr_2085_1st_2185.csv,tsbad_u,0.9740338983050847,0.9230508474576271,0.9740338983050847
